Country Name,2015 Total Pop,2016 Total Pop,2017 Total Pop,2018 Total Pop,2019 Total Pop,2015 Adults (%),2016 Adults (%),2017 Adults (%),2018 Adults (%),2019 Adults (%),2015 Total Unemployment,2016 Total Unemployment,2017 Total Unemployment,2018 Total Unemployment,2019 Total Unemployment,2015 Female Unemployment,2016 Female Unemployment,2017 Female Unemployment,2018 Female Unemployment,2019 Female Unemployment,2015 Male Unemployment,2016 Male Unemployment,2017 Male Unemployment,2018 Male Unemployment,2019 Male Unemployment,2015 Access to Electricity,2016 Access to Electricity,2017 Access to Electricity,2018 Access to Electricity,2015 Mortality (<5),2016 Mortality (<5),2017 Mortality (<5),2018 Mortality (<5),2019 Mortality (<5),2015 Female Life Expectancy,2016 Female Life Expectancy,2017 Female Life Expectancy, 2018 Female Life Expectancy,2015 Male Life Expectancy,2016 Male Life Expectancy,2017 Male Life Expectancy, 2018 Male Life Expectancy,2015 Military Expenditure (%GDP),2016 Military Expenditure (%GDP),2017 Military Expenditure (%GDP), 2018 Military Expenditure (%GDP),2019 Military Expenditure (%GDP),2015 Total GDP,2016 Total GDP,2017 Total GDP,2018 Total GDP,2019 Total GDP,2015 Total Labor Force,2016 Total Labor Force,2017 Total Labor Force,2018 Total Labor Force,2019 Total Labor Force,2015 Happiness Score,2016 Happiness Score,2017 Happiness Score,2018 Happiness Score,2019 Happiness Score
Afghanistan,34413603.0,35383128.0,36296400.0,37172386.0,38041754.0,52.644298825670795,53.2079642015981,53.7632225246819,54.3248975483403,54.9119343971364,11.387000083923304,11.312999725341802,11.184000015258801,11.057000160217301,11.1180000305176,14.427000045776401,14.3140001296997,14.0900001525879,13.9060001373291,14.003999710083,10.684000015258801,10.571000099182099,10.4160003662109,10.2869997024536,10.331000328063999,71.5,97.7,97.7,98.71320343,70.4,67.6,64.9,62.5,60.3,64.877,65.275,65.656,66.02600000000001,61.965,62.343,62.701,63.047,3.833142187,3.680251052,3.65259209,3.724855275,4.16099487,19907111419.0,18017749074.0,18869945678.0,18353881130.0,19291104008.0,9176450.0,9566712.0,9947922.0,10334090.0,10699797.0,3.575,3.36,3.79399991,3.6319999999999997,3.2030000000000003
Albania,2880703.0,2876101.0,2873457.0,2866376.0,2854191.0,68.7047247322534,68.66009247383799,68.6426142157412,68.5823903647225,68.3978052821376,17.0799999237061,15.220000267028801,13.75,12.3400001525879,12.331000328064,17.097999572753903,14.572999954223599,12.562999725341802,11.229000091552699,11.604000091552699,17.068000793457,15.6780004501343,14.5900001525879,13.126999855041499,12.8459997177124,100.0,100.0,100.0,100.0,9.6,9.4,9.4,9.5,9.7,80.107,80.134,80.148,80.167,76.066,76.35300000000002,76.601,76.816,3.826274162,3.78723434,3.8051811,3.991300876,4.289390567,11386846319.0,11861200797.0,13019693451.0,15147020535.0,15279183290.0,1289562.0,1302836.0,1316869.0,1318022.0,1313923.0,4.959,4.655,4.644000053,4.586,4.718999999999999
Argentina,43131966.0,43590368.0,44044811.0,44494502.0,44938712.0,64.0600197569769,64.0605666116429,64.0835225051061,64.1212772887989,64.1613658498285,7.75,7.9770002365112305,8.34700012207031,9.22000026702881,9.788999557495119,8.85099983215332,9.11800003051758,9.46399974822998,10.5380001068115,10.921999931335401,6.96500015258789,7.150000095367429,7.52699995040894,8.22599983215332,8.9350004196167,99.82711792,99.9591217,100.0,100.0,11.5,10.9,10.3,9.8,9.3,79.434,79.583,79.726,79.863,72.61399999999998,72.768,72.92399999999998,73.082,2.055121809,1.948954748,2.061587616,1.900613417,1.865128104,594749000000.0,557531000000.0,643629000000.0,517627000000.0,445445000000.0,19360544.0,19696452.0,20035267.0,20551682.0,20772672.0,6.574,6.65,6.598999977,6.388,6.086
Armenia,2925553.0,2936146.0,2944809.0,2951776.0,2957731.0,69.0425707549991,68.76105829995339,68.4489663273217,68.11276041799,67.7503802746092,18.260999679565398,17.617000579834002,17.7049999237061,17.496000289917,16.9899997711182,19.252000808715803,17.4839992523193,17.4710006713867,17.1989994049072,17.2950000762939,17.3859996795654,17.7310009002686,17.9060001373291,17.7509994506836,16.7290000915527,100.0,100.0,100.0,100.0,14.4,13.7,13.0,12.4,11.8,77.708,77.949,78.165,78.354,70.921,71.02199999999998,71.115,71.215,16.09987433,15.12266232,14.79147635,20.85990446,19.76987499,10553337673.0,10546135160.0,11527458566.0,12457941907.0,13672802158.0,1334775.0,1310061.0,1303653.0,1303093.0,1303565.0,4.35,4.36,4.375999928,4.321000000000001,4.559
Australia,23815995.0,24190907.0,24601860.0,24982688.0,25364307.0,66.2580494091257,65.9065730162399,65.5309417025767,65.1529077338752,64.8033515429272,6.05399990081787,5.71000003814697,5.59100008010864,5.2979998588562,5.26800012588501,6.07299995422363,5.77899980545044,5.6680002212524405,5.31799983978271,5.32800006866455,6.03900003433228,5.65100002288818,5.525000095367429,5.2810001373291,5.21500015258789,100.0,100.0,100.0,100.0,3.9,3.8,3.7,3.7,3.6,84.5,84.6,84.6,84.9,80.4,80.4,80.5,80.7,5.222437611,5.577905241,5.441281916,5.163764573,5.116305253999999,1351690000000.0,1208850000000.0,1329190000000.0,1432880000000.0,1396570000000.0,12585539.0,12742247.0,12989073.0,13254463.0,13414956.0,7.284,7.313,7.28399992,7.272,7.228
Austria,8642699.0,8736668.0,8797566.0,8840521.0,8877067.0,67.0395429709195,66.9201962982639,66.812507305921,66.7004859083869,66.5625360827828,5.72300004959106,6.01399993896484,5.499000072479251,4.84800004959106,4.673999786376951,5.30800008773804,5.5430002212524405,5.0310001373291,4.65000009536743,4.54699993133545,6.08500003814697,6.42600011825562,5.90799999237061,5.019999980926509,4.78399991989136,100.0,100.0,100.0,100.0,3.7,3.6,3.6,3.5,3.5,83.7,84.1,84.0,84.1,78.8,79.3,79.4,79.4,1.368125644,1.458757239,1.5437386169999998,1.53307127,1.51366063,381818000000.0,395569000000.0,417238000000.0,455095000000.0,445075000000.0,4460833.0,4537043.0,4566743.0,4601213.0,4613292.0,7.2,7.119,7.006000042,7.138999999999999,7.246
Azerbaijan,9649341.0,9757812.0,9854033.0,9939771.0,10023318.0,71.3895878982556,71.02714110855919,70.7226479179956,70.43524738889859,70.11169103273001,4.96000003814697,5.0,5.0,4.90000009536743,5.5089998245239284,5.86700010299683,5.90799999237061,5.92700004577637,5.76599979400635,6.33500003814697,4.0879998207092285,4.13500022888184,4.11899995803833,4.0760002136230495,4.723999977111821,100.0,100.0,100.0,100.0,26.3,24.6,23.0,21.6,20.4,74.956,75.08800000000002,75.215,75.336,69.543,69.858,70.128,70.345,14.12855377,10.42615896,10.55362493,10.74785436,11.32174413,53074370486.0,37867518957.0,40865558912.0,47112941176.0,48047647059.0,4875807.0,4969726.0,5033862.0,5091052.0,5103137.0,5.212000000000001,5.291,5.234000206,5.2010000000000005,5.207999999999999
Burundi,10160030.0,10487998.0,10827024.0,11175378.0,11530580.0,52.3834673716515,52.3029616242189,52.2577451836004,52.2513787905443,52.28725701569221,1.55200004577637,1.52799999713898,1.48699998855591,1.44799995422363,1.42700004577637,1.12600004673004,1.12300002574921,1.07299995422363,1.03299999237061,1.00899994373322,2.01500010490417,1.9670000076293896,1.93400001525879,1.89600002765656,1.8780000209808303,8.631607056,9.637499809,9.3,11.02425194,67.2,64.1,61.3,58.8,56.5,61.893,62.301,62.675,63.03100000000001,58.325,58.726000000000006,59.092,59.435,8.101861409,9.996469158,8.579980099,8.430620872999999,7.776223156,3104394858.0,2959640987.0,3172292379.0,3036931818.0,3012334882.0,4350268.0,4503184.0,4660778.0,4822373.0,4983237.0,2.905,2.905,2.904999971,2.905,3.775
Belgium,11274196.0,11331422.0,11375158.0,11427054.0,11484055.0,64.85353394862129,64.6114376604001,64.3794416479243,64.1558335012748,63.93523089039501,8.48200035095215,7.82999992370605,7.08599996566772,5.94799995422363,5.58900022506714,7.76800012588501,7.55999994277954,7.05399990081787,5.5619997978210405,5.13600015640259,9.092000007629393,8.05900001525879,7.1139998435974094,6.28000020980835,5.977000236511231,100.0,100.0,100.0,100.0,3.9,3.8,3.7,3.5,3.4,83.4,84.0,83.9,83.9,78.7,79.0,79.2,79.4,1.715341189,1.707013038,1.717443054,1.737888599,1.791722185,462150000000.0,475740000000.0,502698000000.0,543734000000.0,533097000000.0,5000910.0,5005505.0,5037405.0,5089752.0,5101824.0,6.937,6.928999999999999,6.890999794,6.9270000000000005,6.922999999999999
Benin,10575952.0,10872067.0,11175204.0,11485048.0,11801151.0,53.73519093127499,53.8983079844184,54.0874712018525,54.2987123079372,54.5295963080211,2.58200001716614,2.53699994087219,2.4590001106262203,2.3859999179840097,2.23200011253357,2.77600002288818,2.74799990653992,2.66400003433228,2.56699991226196,2.33599996566772,2.3949999809265097,2.33299994468689,2.2609999179840097,2.21099996566772,2.13199996948242,37.70040131,38.97025299,34.5,41.52923965,99.6,97.4,95.1,92.8,90.3,62.082,62.379,62.687,63.003,59.1,59.361,59.633,59.914,4.3987447,4.366126549,5.176355784,3.822931949,2.859603506,11388160958.0,11821066153.0,12701656931.0,14250985959.0,14390709095.0,4264772.0,4397957.0,4535767.0,4678297.0,4833491.0,3.34,3.484,3.657000065,4.141,4.883
Burkina Faso,18110624.0,18646378.0,19193284.0,19751535.0,20321378.0,52.0181855688683,52.2026259606635,52.4098388004856,52.6449378491703,52.9148909094649,6.4180002212524405,6.343999862670901,6.21600008010864,6.093999862670901,6.26399993896484,9.38799953460693,9.31999969482422,9.13000011444092,8.94999980926514,9.22299957275391,4.01800012588501,3.94000005722046,3.86199998855591,3.78500008583069,3.88000011444092,16.30467415,16.8605938,17.50648117,14.4,100.7,97.0,93.9,90.7,87.5,60.525,60.988,61.43,61.863,59.183,59.592,59.981,60.361,6.143704662,5.387174482000001,5.195314408,7.949459817999999,9.014804814,11832159276.0,12833363370.0,14106956830.0,16059910871.0,15990803570.0,6572285.0,6787426.0,7009083.0,7238229.0,7468213.0,3.5869999999999997,3.739,4.032000065,4.4239999999999995,4.587
Bangladesh,156256276.0,157970840.0,159670593.0,161356039.0,163046161.0,65.6185771379833,66.1113230721407,66.625937004745,67.1355868778783,67.60528326698841,4.37799978256226,4.349999904632569,4.37200021743774,4.281000137329101,4.19000005722046,7.46700000762939,7.37900018692017,6.744999885559079,6.6230001449585,6.2039999961853,3.16100001335144,3.12800002098084,3.34699988365173,3.25999999046326,3.30599999427795,73.12796783,75.92,88.0,85.16042328,37.5,35.7,33.9,32.3,30.8,73.316,73.655,73.97800000000002,74.291,69.97800000000001,70.192,70.40899999999998,70.637,10.51397839,10.92106449,9.782484547000001,9.573014438,9.711647447999999,195079000000.0,221415000000.0,249711000000.0,274039000000.0,302571000000.0,62595846.0,63698450.0,67454903.0,68791250.0,70009461.0,4.694,4.643,4.607999802,4.5,4.456
Bulgaria,7177991.0,7127822.0,7075947.0,7025037.0,6975761.0,65.7074330868291,65.254273902527,64.7976668313048,64.3826202477506,64.0616538090281,9.14299964904785,7.574999809265139,6.16400003433228,5.21099996566772,4.34000015258789,8.41600036621094,6.96799993515015,5.94600009918213,4.65299987792969,3.96900010108948,9.77600002288818,8.09799957275391,6.354000091552732,5.69000005722046,4.657000064849849,100.0,100.0,100.0,100.0,8.1,7.7,7.4,7.0,6.7,78.2,78.5,78.4,78.6,71.2,71.3,71.4,71.5,3.337620002,3.800916579,3.815981513,4.222775952,8.407620254,50647442757.0,53806894796.0,58971520599.0,66230155100.0,68558815112.0,3333802.0,3264392.0,3357160.0,3327614.0,3295081.0,4.218,4.217,4.714000225,4.933,5.011
Bahrain,1371851.0,1425791.0,1494074.0,1569439.0,1641172.0,76.826054724602,77.267581807164,77.78620364693629,78.3193560020542,78.7624941200557,1.12999999523163,0.919000029563904,0.7009999752044681,0.6499999761581421,0.71399998664856,3.74499988555908,3.27999997138977,2.79200005531311,2.65599989891052,2.96300005912781,0.404000014066696,0.27599999308586104,0.148000001907349,0.133000001311302,0.150000005960464,100.0,100.0,100.0,100.0,7.6,7.4,7.3,7.1,6.9,77.848,77.997,78.143,78.285,75.936,76.063,76.188,76.312,12.67118486,13.30077538,13.34645669,12.00668896,12.08142726,31050638298.0,32234973404.0,35473776596.0,37652500000.0,38574069149.0,777895.0,817831.0,869405.0,926959.0,978624.0,5.96,6.218,6.086999893,6.105,6.199
Bosnia and Herzegovina,3429361.0,3386267.0,3351527.0,3323929.0,3301000.0,70.2778739246174,70.0003779974757,69.45453189219829,68.7634648796227,68.10508936685851,27.6940002441406,25.408000946044893,20.5270004272461,18.3999996185303,18.4249992370605,30.6539993286133,29.9769992828369,23.0990009307861,20.294000625610398,21.002000808715803,25.747999191284197,22.4769992828369,18.8390007019043,17.179000854492198,16.761999130249,99.7,100.0,100.0,100.0,6.3,6.2,6.1,6.0,5.9,79.292,79.439,79.581,79.72,74.376,74.499,74.622,74.752,2.3036398780000003,2.2135055880000003,2.124318395,2.079549267,2.26081673,16211541820.0,16913330694.0,18080118128.0,20183510561.0,20164193807.0,1363985.0,1347240.0,1328960.0,1319691.0,1306464.0,4.949,5.162999999999999,5.18200016,5.129,5.386
Belarus,9489616.0,9501534.0,9498264.0,9483499.0,9466856.0,69.4136283541907,69.0701098908777,68.7169869180976,68.2889087752101,67.7628384969718,5.91400003433228,5.84000015258789,5.650000095367429,4.76000022888184,4.59499979019165,4.26200008392334,4.18599987030029,4.03900003433228,3.5539999008178698,3.3499999046325697,7.544000148773191,7.47300004959106,7.22800016403198,5.92000007629395,5.78999996185303,100.0,100.0,100.0,100.0,4.0,3.8,3.6,3.4,3.2,78.9,79.0,79.2,79.4,68.6,68.9,69.3,69.2,30.68832379,31.07331469,29.6190234,31.99163575,31.79736078,56454734397.0,47722657821.0,54726595249.0,60031262269.0,63080457023.0,5106430.0,5106665.0,5097017.0,5087320.0,5036882.0,5.813,5.8020000000000005,5.568999767,5.483,5.3229999999999995
Bolivia,10869730.0,11031813.0,11192854.0,11353142.0,11513100.0,60.8389076821595,61.1159325202546,61.4195037816536,61.7345048621782,62.03610669585081,3.0659999847412096,3.5250000953674303,3.67000007629395,3.53399991989136,3.49799990653992,3.7969999313354506,4.07499980926514,4.07100009918213,3.62899994850159,3.8090000152587904,2.56399989128113,3.125,3.36899995803833,3.45799994468689,3.25099992752075,91.522822,91.8,91.8,95.5853653,31.0,29.5,28.2,27.0,26.0,73.105,73.512,73.878,74.209,67.6,67.898,68.173,68.434,3.910798584,4.077058528,3.980244705,4.142404083,3.895864927,33000198248.0,33941126200.0,37508642165.0,40287647930.0,40895322844.0,4925990.0,5080592.0,5293299.0,5631725.0,5735836.0,5.89,5.822,5.822999954,5.752000000000001,5.779
Brazil,204471769.0,206163058.0,207833831.0,209469333.0,211049527.0,69.5661340906186,69.6487895917995,69.7106712029254,69.7430902567055,69.7391982309441,8.427000045776369,11.6000003814697,12.8219995498657,12.3339996337891,12.083000183105499,10.0550003051758,13.458000183105499,14.7180004119873,14.229999542236301,14.138999938964801,7.212999820709231,10.206000328063999,11.369999885559098,10.8690004348755,10.4949998855591,99.710902,99.7,100.0,100.0,15.7,16.4,14.8,14.4,13.9,78.69800000000002,78.934,79.156,79.362,71.345,71.578,71.804,72.024,3.548477973,3.400787852,3.694155806,3.918640612,3.855655322,1802210000000.0,1795700000000.0,2062830000000.0,1885480000000.0,1839760000000.0,101600929.0,102508951.0,104260712.0,105542232.0,106500838.0,6.983,6.952000000000001,6.635000229,6.419,6.3
Botswana,2120716.0,2159944.0,2205128.0,2254126.0,2303697.0,61.2468147550167,61.32850786160829,61.4743229270593,61.663179637881406,61.8691173361775,17.746999740600604,17.659000396728498,17.504999160766598,17.3530006408691,18.193000793457,20.8439998626709,20.9050006866455,20.649000167846697,20.5209999084473,21.222000122070305,14.8100004196167,14.5719995498657,14.5100002288818,14.3319997787476,15.317999839782699,58.1154747,60.35446548,62.60235214,64.85172272,41.2,43.6,43.8,43.0,41.6,70.013,70.893,71.559,72.04899999999998,64.458,65.22,65.79,66.204,7.141478745,9.964904487,9.271059887,8.455170232999999,8.586335558,14420593484.0,15646354089.0,17405588070.0,18663265549.0,18340480936.0,978489.0,999036.0,1023359.0,1049545.0,1080610.0,4.332,3.9739999999999998,3.766000032,3.59,3.488
Canada,35702908.0,36109487.0,36543321.0,37057765.0,37589262.0,67.9548843196081,67.6469556724162,67.28747162393,66.8977424466943,66.506203368219,6.906000137329099,6.999000072479251,6.34000015258789,5.830999851226809,5.56400012969971,6.28499984741211,6.23799991607666,5.84899997711182,5.49200010299683,5.26300001144409,7.45900011062622,7.67799997329712,6.78000020980835,6.136000156402591,5.83599996566772,100.0,100.0,100.0,100.0,5.3,5.2,5.1,5.0,4.9,84.0,84.0,84.1,84.1,79.9,79.9,79.9,79.9,2.880447132,2.867097411,3.357385163,3.265359961,3.1503100980000003,1556130000000.0,1528240000000.0,1649880000000.0,1716260000000.0,1736430000000.0,19679325.0,19887912.0,20164604.0,20344918.0,20583847.0,7.4270000000000005,7.404,7.315999985,7.327999999999999,7.278
Switzerland,8282396.0,8373338.0,8451840.0,8514329.0,8574832.0,67.2093433894495,66.938538890063,66.6966381907622,66.4658286661214,66.2213280427499,4.80100011825562,4.9180002212524405,4.79699993133545,4.71299982070923,4.580999851226808,4.91200017929077,5.00600004196167,5.05800008773804,5.1090002059936515,4.76800012588501,4.7039999961853,4.84100008010864,4.57000017166138,4.367000102996831,4.41699981689453,100.0,100.0,100.0,100.0,4.3,4.2,4.2,4.1,4.0,85.1,85.6,85.6,85.7,80.8,81.7,81.6,81.9,2.02470032,2.069992007,2.066638549,2.0343497630000003,2.236005421,679832000000.0,671309000000.0,679950000000.0,705141000000.0,703082000000.0,4813826.0,4889830.0,4919831.0,4953967.0,4978166.0,7.587000000000001,7.5089999999999995,7.493999958,7.487,7.48
Chile,17969353.0,18209068.0,18470439.0,18729160.0,18952038.0,68.83656300813949,68.8222483435176,68.7839092508846,68.7162958723189,68.624187013555,6.50799989700317,6.73799991607666,6.95800018310547,7.2329998016357395,7.09000015258789,7.13700008392334,7.2610001564025906,7.45499992370605,7.979000091552732,7.7020001411438,6.06400012969971,6.3660001754760716,6.599999904632571,6.68800020217896,6.6420001983642605,99.714844,100.0,100.0,100.0,7.9,7.7,7.4,7.2,7.0,82.25,82.29299999999998,82.333,82.381,76.892,77.113,77.333,77.55199999999998,7.630095317,7.585342165,7.612478746,7.334562317,7.17815664,243919000000.0,250440000000.0,277045000000.0,298258000000.0,282318000000.0,8861615.0,9001237.0,9208644.0,9391133.0,9557893.0,6.67,6.705,6.65199995,6.476,6.444
China,1371220000.0,1378665000.0,1386395000.0,1392730000.0,1397715000.0,72.61433377299,72.2027527736548,71.7175184402221,71.2021137123803,70.7232986329292,4.6290001869201705,4.53499984741211,4.44099998474121,4.27600002288818,4.32000017166138,4.01200008392334,3.9289999008178698,3.84699988365173,3.703000068664549,3.72699999809265,5.11499977111816,5.01000022888184,4.90500020980835,4.72200012207031,4.78000020980835,100.0,100.0,100.0,100.0,10.7,9.9,9.2,8.5,7.9,78.288,78.574,78.828,79.051,73.793,74.061,74.315,74.54899999999998,6.099575261,6.044202883,5.892041859,5.562071401,5.4038201410000015,11061600000000.0,11233300000000.0,12310400000000.0,13894800000000.0,14342900000000.0,784597090.0,784950069.0,784839482.0,783424134.0,781074570.0,5.14,5.245,5.2729997630000005,5.246,5.191
Cameroon,23298368.0,23926539.0,24566045.0,25216237.0,25876380.0,54.0539964000912,54.2049039997449,54.40127528726301,54.6395427998918,54.9142190677367,3.50600004196167,3.47199988365173,3.4140000343322794,3.35700011253357,3.38000011444092,4.00600004196167,3.9609999656677206,3.8840000629425,3.84100008010864,3.87199997901917,3.06299996376038,3.0399999618530296,2.99600005149841,2.92600011825562,2.94400000572205,58.71873474,60.0260849,61.34233475,62.66007233,88.5,84.5,80.8,77.5,74.8,58.908,59.367,59.795,60.192,56.27,56.768,57.235,57.65600000000001,5.475639677999999,5.67975907,5.920127784,5.993627302,6.019748517999999,30928653814.0,32643697596.0,35009262788.0,38694156863.0,39007354359.0,10091929.0,10392255.0,10703273.0,11023646.0,11345979.0,4.252,4.513,4.695000172,4.975,5.044
"Congo, Dem. Rep.",76244544.0,78789127.0,81398764.0,84068091.0,86790567.0,50.6382174703543,50.63351317498421,50.6967685651836,50.8165172919176,50.98166140566871,4.4060001373291,4.35699987411499,4.27299976348877,4.19299983978271,4.236000061035161,3.56200003623962,3.48799991607666,3.42600011825562,3.3529999256134,3.40400004386902,5.19600009918213,5.1710000038147,5.06699991226196,4.98099994659424,5.013999938964839,16.43972588,17.40341187,18.22616386,18.97766113,97.2,93.9,90.8,87.6,84.8,60.726000000000006,61.147,61.539,61.901,57.79,58.174,58.528,58.852,7.518943012999999,7.36443336,7.417094005,5.589460172999999,6.446218892999999,37917704900.0,37134799975.0,38019265626.0,46831342213.0,50400746171.0,26127406.0,26995422.0,27898477.0,28829943.0,29741906.0,3.989,4.236000000000001,4.290999889,4.559,4.812
Colombia,47520667.0,48175048.0,48909844.0,49661056.0,50339443.0,67.7756374926303,68.01794630133449,68.2439989221801,68.4440570001664,68.6133853328492,8.298999786376951,8.69200038909912,8.87199974060059,9.11100006103516,9.70699977874756,10.8400001525879,11.204000473022498,11.5129995346069,11.793999671936,12.713000297546401,6.361999988555911,6.78000020980835,6.8660001754760716,7.09200000762939,7.44500017166138,98.186898,98.4,98.5,99.93644714,15.6,15.1,14.7,14.2,13.8,79.346,79.523,79.694,79.859,73.686,73.91,74.124,74.33,10.52827023,11.07103749,11.41650961,10.89636232,11.03261048,293482000000.0,282825000000.0,311884000000.0,333569000000.0,323616000000.0,25054953.0,25431103.0,25864779.0,26235604.0,26787864.0,6.477,6.481,6.3569998739999996,6.26,6.125
Costa Rica,4847804.0,4899345.0,4949954.0,4999441.0,5047561.0,69.16721468112159,69.1839215242038,69.17211755907229,69.1254082206391,69.04092887634249,8.99899959564209,8.59799957275391,8.14200019836426,9.63199996948242,11.854000091552699,11.1529998779297,10.83899974823,10.2930002212524,12.1920003890991,14.8459997177124,7.60300016403198,7.22300004959106,6.8189997673034695,8.00300025939941,9.93900012969971,99.409804,99.5,99.6,100.0,9.0,8.9,8.8,8.7,8.6,82.184,82.374,82.557,82.73,77.029,77.185,77.354,77.539,0.0,0.0,0.0,0.0,0.0,54775994479.0,57157992434.0,58481858043.0,60553901420.0,61801385049.0,2338013.0,2272972.0,2336778.0,2445858.0,2473778.0,7.226,7.087000000000001,7.078999996,7.072,7.167000000000001
Cyprus,1160985.0,1170187.0,1179680.0,1189265.0,1198575.0,70.2714505355366,70.0034268027247,69.7480159840227,69.4930902700408,69.2446446822268,14.9079999923706,12.9499998092651,11.052000045776401,8.36999988555908,7.27400016784668,14.7659997940063,13.333000183105499,11.269000053405799,8.75500011444092,8.12199974060059,15.0319995880127,12.621000289917,10.8649997711182,8.04100036621094,6.5479998588562,100.0,100.0,100.0,100.0,2.7,2.6,2.5,2.4,2.3,82.539,82.671,82.794,82.913,78.165,78.35600000000002,78.547,78.735,4.236423556,3.832113646,4.366876885,4.0922208960000015,4.331120232,19842404305.0,20953442550.0,22729184365.0,25309818139.0,24948935408.0,604302.0,603072.0,611083.0,625713.0,629536.0,5.689,5.546,5.620999812999999,5.7620000000000005,6.046
Czech Republic,10546059.0,10566332.0,10594438.0,10629928.0,10669709.0,66.8908352361486,66.2722456851995,65.6179183338762,64.9925175870224,64.4763050287444,5.0460000038147,3.95099997520447,2.89000010490417,2.2430000305175803,1.93299996852875,6.07399988174438,4.67000007629395,3.5789999961853,2.8029999732971205,2.3840000629425,4.23199987411499,3.37800002098084,2.33699989318848,1.79100000858307,1.56700003147125,100.0,100.0,100.0,100.0,3.2,3.2,3.2,3.2,3.2,81.6,82.1,82.0,82.0,75.7,76.1,76.1,76.2,2.284660221,2.538239864,2.487388101,2.722267547,2.879185519,188033000000.0,196272000000.0,218629000000.0,248909000000.0,250681000000.0,5337426.0,5388569.0,5419544.0,5453301.0,5445535.0,6.505,6.596,6.609000206,6.711,6.852
Germany,81686611.0,82348669.0,82657002.0,82905782.0,83132799.0,65.56447055158651,65.3959908493306,65.177823589612,64.9170079001335,64.6375192034153,4.62400007247925,4.12200021743774,3.74600005149841,3.3840000629425,3.04299998283386,4.2199997901916495,3.7409999370575,3.3150000572204603,2.91000008583069,2.69400000572205,4.97300004959106,4.4510002136230495,4.11800003051758,3.79200005531311,3.34299993515015,100.0,100.0,100.0,100.0,3.9,3.9,3.9,3.9,3.8,83.1,83.5,83.4,83.3,78.3,78.6,78.7,78.6,2.5013525480000003,2.587069908,2.619571408,2.643814349,2.828421478,3356240000000.0,3467500000000.0,3682600000000.0,3963770000000.0,3861120000000.0,42592924.0,43055076.0,43289005.0,43560137.0,43577709.0,6.75,6.994,6.951000214,6.965,6.985
Denmark,5683483.0,5728010.0,5764980.0,5793636.0,5818553.0,64.109395915935,63.98027856466129,63.848814624004405,63.7287848006111,63.63378215332421,6.1680002212524405,6.1810002326965305,5.743000030517581,4.97499990463257,4.913000106811519,6.4439997673034695,6.63899993896484,5.93599987030029,5.14900016784668,5.1939997673034695,5.9229998588562,5.76800012588501,5.5689997673034695,4.81799983978271,4.65899991989136,100.0,100.0,100.0,100.0,4.1,4.1,4.0,3.9,3.8,82.7,82.8,83.1,82.9,78.8,79.0,79.2,79.1,2.038316716,2.187024498,2.240161544,2.524061752,2.56864961,302673000000.0,313116000000.0,332121000000.0,356879000000.0,350104000000.0,2931334.0,3024663.0,2986512.0,3014756.0,3026441.0,7.527,7.526,7.521999836,7.555,7.6
Dominican Republic,10281680.0,10397743.0,10513131.0,10627165.0,10738958.0,64.6618451459295,64.7772338241547,64.8693953755237,64.9400530208454,64.9929164449661,7.60500001907349,7.28299999237061,5.83199977874756,5.7389998435974094,5.84499979019165,10.904999732971199,10.7309999465942,8.12199974060059,8.074999809265138,8.2790002822876,5.480999946594241,5.026000022888179,4.32000017166138,4.16900014877319,4.2010002136230495,98.560364,98.9,100.0,100.0,31.3,30.5,29.7,28.8,28.0,76.525,76.765,76.99,77.196,70.189,70.403,70.609,70.805,3.864428492,3.739575176,3.863918243,4.207853331,3.994129183,71164825258.0,75704720190.0,79997975623.0,85555378044.0,88941299734.0,4663162.0,4763649.0,4838602.0,4917459.0,4993453.0,4.885,5.155,5.230000018999999,5.3020000000000005,5.425
Algeria,39728025.0,40551404.0,41389198.0,42228429.0,43053054.0,65.4288452547037,64.8575664184352,64.18320494272069,63.488824868794495,62.8968435084768,11.206000328064,10.2019996643066,11.996000289917,11.8819999694824,11.704000473022498,16.6749992370605,18.6299991607666,21.114000320434602,21.0580005645752,21.0799999237061,9.98799991607666,8.34799957275391,10.0209999084473,9.92599964141846,9.697999954223633,99.93136597,99.99005127,100.0,100.0,25.2,24.8,24.3,23.8,23.3,77.306,77.524,77.735,77.938,74.917,75.115,75.307,75.494,13.68705193,15.32439766,15.35567508,14.47391769,15.53483402,166361000000.0,159995000000.0,170163000000.0,175406000000.0,171091000000.0,11742189.0,11904866.0,12051687.0,12173459.0,12303926.0,5.605,6.355,5.872000217,5.295,5.211
Ecuador,16212020.0,16491115.0,16785361.0,17084357.0,17373662.0,64.3387375539877,64.5292713967933,64.6872593327007,64.814118271228,64.9208324646813,3.6159999370575,4.59700012207031,3.8359999656677206,3.52999997138977,3.96799993515015,4.52400016784668,5.84899997711182,4.92899990081787,4.40000009536743,4.95800018310547,3.02300000190735,3.7260000705719,3.06900000572205,2.9289999008178698,3.282999992370609,98.825883,98.7,99.2,100.0,15.1,14.8,14.5,14.3,14.0,79.021,79.233,79.442,79.645,73.378,73.60600000000002,73.833,74.058,6.592999645,6.521017125,6.467344205,6.347159289,6.550753876,99290381000.0,99937696000.0,104296000000.0,107562000000.0,107436000000.0,7645634.0,8042861.0,8305745.0,8365114.0,8545537.0,5.975,5.976,6.007999897,5.973,6.028
Spain,46444832.0,46484062.0,46593236.0,46797754.0,47076781.0,66.4468400125592,66.324068590093,66.15081328814101,65.954491369965,65.7753050830892,22.056999206543,19.6350002288818,17.2240009307861,15.255000114440902,13.9589996337891,23.551000595092802,21.3850002288818,19.034999847412106,17.0330009460449,16.2040004730225,20.7770004272461,18.122999191284197,15.6630001068115,13.7270002365112,12.027000427246099,100.0,100.0,100.0,100.0,3.3,3.2,3.2,3.2,3.1,85.7,86.3,86.1,86.3,80.1,80.5,80.6,80.7,2.896786817,2.683963953,2.990632176,3.022984065,2.983786054,1195120000000.0,1232080000000.0,1312540000000.0,1422150000000.0,1393490000000.0,23115401.0,23103511.0,23047059.0,23065037.0,23120097.0,6.329,6.361000000000001,6.402999877999999,6.31,6.354
Estonia,1315407.0,1315790.0,1317384.0,1321977.0,1326590.0,65.0474977667117,64.81120538393179,64.46494213234901,64.01656940706921,63.544922935802,6.1869997978210405,6.76200008392334,5.76000022888184,5.36600017547607,5.11499977111816,6.1339998245239284,6.06599998474121,5.298999786376951,5.31799983978271,4.96600008010864,6.23600006103516,7.41400003433228,6.19099998474121,5.40999984741211,5.2540001869201705,100.0,100.0,100.0,100.0,3.1,2.9,2.7,2.6,2.4,82.2,82.2,82.6,82.7,73.2,73.3,73.8,74.0,5.106902871,5.258852402,5.1649773560000005,5.066035876,5.327272727,23048864243.0,24259552889.0,26951648829.0,30631142227.0,31471100656.0,686173.0,695266.0,703684.0,705816.0,704366.0,5.428999999999999,5.517,5.611000061,5.739,5.893
Ethiopia,100835458.0,103603501.0,106400024.0,109224559.0,112078730.0,54.371547556217784,54.8062390038665,55.261371239325285,55.715885095066795,56.1468683665491,2.1949999332428,2.16799998283386,2.11999988555908,2.07500004768372,2.0810000896453897,2.90100002288818,2.85700011253357,2.8110001087188703,2.74600005149841,2.75600004196167,1.5900000333786002,1.57400000095367,1.5230000019073502,1.49199998378754,1.49399995803833,29.0,42.9,44.3,44.97995758,62.2,58.9,55.8,53.1,50.7,66.926,67.378,67.78399999999999,68.165,63.207,63.622,63.997,64.35,4.071486697,3.816043832,3.651966584,3.973219201,3.894586174,64589334979.0,74296618481.0,81770791971.0,84269348327.0,95912590628.0,46718750.0,48240655.0,49804178.0,51412462.0,53195214.0,4.512,4.508,4.460000038,4.35,4.2860000000000005
Finland,5479531.0,5495303.0,5508214.0,5515525.0,5520314.0,63.360968794345396,62.87518100708421,62.47008230801371,62.134029481894,61.8430138267974,9.37600040435791,8.817999839782711,8.64000034332275,7.36100006103516,6.59499979019165,8.842000007629391,8.58199977874756,8.38899993896484,7.2979998588562,6.2960000038147,9.875,9.03699970245361,8.87199974060059,7.419000148773191,6.8720002174377415,100.0,100.0,100.0,100.0,2.5,2.4,2.4,2.4,2.4,84.4,84.4,84.5,84.5,78.7,78.6,78.9,79.1,2.559285237,2.555868234,2.520523557,2.564557064,2.785390638,234440000000.0,240608000000.0,255232000000.0,275947000000.0,269296000000.0,2695658.0,2688556.0,2709345.0,2742737.0,2739091.0,7.406000000000001,7.412999999999999,7.468999863,7.632000000000001,7.769
France,66548272.0,66724104.0,66864379.0,66965912.0,67059887.0,62.7664724171957,62.470344498348105,62.2211765433074,62.008910808533294,61.80647184646621,10.359000205993699,10.057000160217301,9.39700031280518,9.059000015258787,8.427000045776369,9.88099956512451,9.85200023651123,9.336000442504881,9.09700012207031,8.36400032043457,10.795999526977502,10.2440004348755,9.454000473022461,9.02299976348877,8.48499965667725,100.0,100.0,100.0,100.0,4.1,4.2,4.3,4.4,4.5,85.6,85.8,85.7,85.9,79.2,79.5,79.6,79.7,3.296370272,3.388014161,3.388540846,3.303087775,3.337311376,2438210000000.0,2471290000000.0,2595150000000.0,2787860000000.0,2715520000000.0,30138027.0,30197208.0,30236456.0,30391825.0,30386432.0,6.575,6.478,6.441999912000001,6.489,6.5920000000000005
Gabon,1947686.0,2007873.0,2064823.0,2119275.0,2172579.0,60.0405301470566,59.8055255486776,59.593243585527716,59.410222835639495,59.2757271427184,20.2600002288818,20.159000396728498,19.982000350952106,19.806999206543,20.003999710083,28.7180004119873,28.5550003051758,28.266000747680696,28.100999832153306,28.506999969482397,14.520999908447301,14.501000404357901,14.4329996109009,14.277000427246099,14.2930002212524,89.64735413,90.77037048,91.90228271,93.03568268,49.8,47.0,45.1,43.6,42.5,66.71300000000001,67.346,67.883,68.32300000000001,63.153,63.552,63.879,64.152,5.325159858,6.625609551,10.00005095,9.069582194,9.543273969,14383107714.0,14023890620.0,14929488771.0,16862282414.0,16874450215.0,636572.0,659706.0,681829.0,702504.0,721924.0,3.8960000000000004,4.121,4.465000153,4.758,4.7989999999999995
United Kingdom,65116219.0,65611593.0,66058859.0,66460344.0,66834405.0,64.4699481838379,64.2519261230786,64.0738555899797,63.926052256896,63.795603837644606,5.30100011825562,4.81300020217896,4.33500003814697,3.99600005149841,3.8510000705719,5.12400007247925,4.68300008773804,4.2199997901916495,3.94000005722046,3.57500004768372,5.45499992370605,4.92600011825562,4.43599987030029,4.04500007629395,4.093999862670899,100.0,100.0,100.0,100.0,4.5,4.4,4.4,4.3,4.3,82.8,83.0,83.1,83.1,79.2,79.4,79.5,79.5,4.687556093,4.660204134,4.599772358,4.61423721,4.544307693,2928590000000.0,2694280000000.0,2666230000000.0,2860670000000.0,2829110000000.0,33481424.0,33801224.0,34014019.0,34329233.0,34530463.0,6.867000000000001,6.725,6.714000225,7.19,7.053999999999999
Georgia,3725276.0,3727505.0,3728004.0,3726549.0,3720382.0,66.6847158789747,66.2513541446164,65.7973525687527,65.3392679684092,64.9075189559556,16.506000518798803,16.6040000915527,13.9390001296997,13.7849998474121,14.3979997634888,13.9010000228882,12.5310001373291,12.690999984741199,12.546999931335401,12.880000114440902,18.6800003051758,19.9130001068115,14.954000473022498,14.793999671936,15.6350002288818,99.99188995,100.0,100.0,100.0,10.5,10.2,10.0,9.8,9.6,77.402,77.62100000000002,77.816,77.98899999999998,68.517,68.764,68.98,69.17399999999999,7.289008043,7.336516522,6.939900427,6.842886598,6.602654407999999,14953950557.0,15141758567.0,16242916916.0,17599700091.0,17477255546.0,2090740.0,2059913.0,2051071.0,2040890.0,2032911.0,4.297,4.252,4.285999775,4.34,4.519
Ghana,27849205.0,28481946.0,29121471.0,29767108.0,30417856.0,58.80449011022039,58.946602839096784,59.1301639529467,59.3350404080317,59.53780568886911,6.8060002326965305,5.449999809265139,4.22300004959106,4.15700006484985,4.33099985122681,6.56599998474121,5.43300008773804,4.38500022888184,4.2519998550415,4.46400022506714,7.013000011444089,5.46400022506714,4.08199977874756,4.07399988174438,4.21600008010864,75.71823883,79.3,79.0,82.39457703,54.6,52.2,50.0,48.0,46.2,63.747,64.13,64.503,64.852,61.806,62.13,62.437,62.724,2.109775008,1.465065592,1.7784975980000002,1.559573511,1.540010804,48564863888.0,55009730600.0,58998132330.0,65556464048.0,66983634224.0,11708016.0,12006769.0,12304378.0,12611514.0,12917053.0,4.633,4.276,4.1199998860000004,4.657,4.996
Guinea,11432088.0,11738441.0,12067539.0,12414318.0,12771246.0,52.0865217272645,52.465734554427996,52.8448142488941,53.2238042069734,53.6081052702297,4.43400001525879,4.39200019836426,4.31799983978271,4.24700021743774,4.2960000038147,3.45799994468689,3.49300003051758,3.32599997520447,3.28600001335144,3.3159999847412096,5.59700012207031,5.46500015258789,5.50600004196167,5.400000095367429,5.46199989318848,33.93186569,33.5,35.4,44.0,107.9,105.2,103.2,101.1,98.8,59.993,60.585,61.153,61.666,59.003,59.54600000000001,60.04,60.477,11.60151112,11.66324198,10.17482501,10.41625503,7.765927727,8794202444.0,8595955581.0,10324668267.0,10907214994.0,12296665331.0,3915430.0,4029992.0,4151690.0,4285745.0,4444072.0,3.656,3.6069999999999998,3.5069999689999998,3.964,4.534
Greece,10820883.0,10775971.0,10754679.0,10732882.0,10716322.0,64.6191514810385,64.5147682306055,64.3958389509388,64.2734830567542,64.161931282466,24.8969993591309,23.538999557495107,21.488000869751,19.2919998168945,17.238000869751,28.892999649047894,28.142999649047894,26.114999771118196,24.2900009155273,22.016000747680696,21.7469997406006,19.8889999389648,17.8490009307861,15.4069995880127,13.5159997940063,100.0,100.0,100.0,100.0,4.4,4.4,4.3,4.0,3.8,83.7,84.0,83.9,84.4,78.5,78.9,78.8,79.3,4.844230855,5.200514466,5.320716641000001,5.652632433,5.355894311,196591000000.0,195222000000.0,203588000000.0,218138000000.0,209853000000.0,4825534.0,4821995.0,4812433.0,4804346.0,4776602.0,4.857,5.033,5.2270002369999995,5.358,5.287000000000001
Guatemala,15567419.0,15827690.0,16087418.0,16346950.0,16604026.0,59.2610003095537,59.7478598059853,60.2527879150835,60.7525320983504,61.211683526840105,2.50600004196167,2.58299994468689,2.46199989318848,2.40199995040894,2.4590001106262203,3.54099988937378,3.47199988365173,3.5220000743866,3.46799993515015,3.41199994087219,1.9960000514984095,2.1259999275207497,1.93900001049042,1.87399995326996,1.98800003528595,90.53462982,91.91514587,93.3,94.69546509,28.3,27.2,26.2,25.4,24.5,76.262,76.498,76.721,76.937,70.172,70.515,70.83,71.119,3.226695163,3.50554851,3.0040877,2.8246070060000004,3.3851673110000005,62186186576.0,66053725049.0,71612352645.0,73118147941.0,76710355347.0,6097908.0,6307795.0,6498737.0,6680520.0,6847286.0,6.122999999999999,6.324,6.453999996,6.382000000000001,6.436
Honduras,9112916.0,9270795.0,9429013.0,9587522.0,9746117.0,61.94650537764201,62.5590469857224,63.094079942407596,63.5685008076122,64.0123856506135,6.14699983596802,6.727000236511231,5.52799987792969,5.6479997634887695,5.386000156402591,8.96000003814697,9.0310001373291,8.01599979400635,7.2410001754760716,7.0029997825622585,4.51200008392334,5.3839998245239284,4.12599992752075,4.66599988937378,4.38700008392334,89.98170999999998,91.6,86.5,91.88720703,19.3,18.6,17.9,17.4,16.8,76.829,77.01899999999998,77.20100000000002,77.378,72.148,72.366,72.57300000000002,72.771,6.422583176,6.079427965,6.410614812,6.06846391,6.020289346,20979767785.0,21717622071.0,23136232230.0,24024189736.0,25095395475.0,4020478.0,4109395.0,4273483.0,4499704.0,4614041.0,4.788,4.871,5.181000233,5.504,5.86
Croatia,4203604.0,4174349.0,4124531.0,4087843.0,4067500.0,66.2131450168373,65.95282709080121,65.5395821564065,65.0426269817306,64.5776436794967,16.1749992370605,13.102999687194801,11.208000183105499,8.43200016021729,6.93499994277954,16.8980007171631,13.786999702453599,11.904999732971199,9.34000015258789,8.64400005340576,15.546999931335401,12.513999938964801,10.611000061035199,7.644000053405759,5.449999809265139,100.0,100.0,100.0,100.0,4.9,4.9,4.9,4.8,4.8,80.4,81.3,80.9,81.4,74.3,74.9,74.9,74.9,3.689041288,3.427464242,3.693132102,3.422312712,3.578830119,49525747504.0,51601147666.0,55481644098.0,61375222347.0,60752588976.0,1887533.0,1828434.0,1821368.0,1794730.0,1778668.0,5.7589999999999995,5.4879999999999995,5.293000221000001,5.321000000000001,5.432
Haiti,10695542.0,10839970.0,10982366.0,11123176.0,11263077.0,60.9877461095473,61.2677525860311,61.5401180401382,61.808351893676395,62.0777430536966,13.9650001525879,13.8809995651245,13.734999656677198,13.5920000076294,13.7810001373291,17.0410003662109,16.9529991149902,16.7730007171631,16.6149997711182,16.693000793457,11.197999954223599,11.121000289917,11.008000373840304,10.8780002593994,11.1630001068115,40.98445892,40.4,43.8,45.27788925,70.5,68.5,66.6,64.7,62.8,64.632,65.05199999999999,65.454,65.832,60.35,60.752,61.139,61.5,0.0,0.0,0.00503354,0.004446769000000001,0.0,14857386164.0,13723267961.0,14213814583.0,15965670198.0,14332163266.0,4664609.0,4768066.0,4871279.0,4975289.0,5080581.0,4.518,4.0280000000000005,3.6029999260000003,3.582,3.597
Hungary,9843028.0,9814023.0,9787966.0,9775564.0,9769949.0,68.0825774553553,67.626637000505,67.0498733635751,66.4302824033255,65.8723226655215,6.81300020217896,5.11499977111816,4.156000137329101,3.70799994468689,3.3989999294281,7.03900003433228,5.10799980163574,4.57100009918213,3.98600006103516,3.4800000190734903,6.6220002174377415,5.1209998130798295,3.8090000152587904,3.47699999809265,3.3310000896453897,100.0,100.0,100.0,100.0,5.1,4.7,4.4,4.0,3.7,79.0,79.7,79.3,79.6,72.3,72.6,72.5,72.7,1.83719196,2.185740399,2.2377415000000003,2.475711577,2.633929105,125074000000.0,128471000000.0,142962000000.0,160419000000.0,163469000000.0,4617150.0,4685790.0,4714349.0,4731877.0,4720629.0,4.8,5.145,5.323999882,5.62,5.757999999999999
Indonesia,258383256.0,261554226.0,264645886.0,267663435.0,270625568.0,67.16559218527689,67.2429803958788,67.4031501634853,67.59163708200789,67.734577835602,4.513999938964839,4.30100011825562,4.18499994277954,4.51100015640259,4.6869997978210405,4.42999982833862,3.86500000953674,3.921000003814701,4.25099992752075,4.51000022888184,4.56599998474121,4.57200002670288,4.35200023651123,4.67899990081787,4.80100011825562,97.53736744,97.62,98.14,98.51,27.8,26.7,25.7,24.8,23.9,72.992,73.264,73.515,73.748,68.65100000000001,68.914,69.156,69.375,5.04782341,4.708932675,5.223944263,4.359636624,4.127038655,860854000000.0,931877000000.0,1015620000000.0,1042240000000.0,1119190000000.0,124649774.0,125957742.0,129622071.0,132737405.0,134776525.0,5.399,5.314,5.262000083999999,5.093,5.192
India,1310152403.0,1324509589.0,1338658835.0,1352617328.0,1366417754.0,65.9441640546302,66.2742624652675,66.538187109893,66.7667424975064,67.0038111931616,5.56500005722046,5.511000156402591,5.419000148773191,5.32999992370605,5.355000019073491,5.57100009918213,5.505000114440921,5.375,5.3000001907348615,5.23299980163574,5.56300020217896,5.513000011444089,5.42999982833862,5.336999893188481,5.386000156402591,88.0,89.67192078,92.6,95.2358551,43.5,40.9,38.5,36.3,34.3,69.835,70.142,70.425,70.692,67.468,67.745,68.0,68.23899999999999,8.831198962,9.080147269,9.177145908,9.102430596,8.827389275,2103590000000.0,2294800000000.0,2652750000000.0,2713170000000.0,2868930000000.0,476339891.0,480525905.0,484231730.0,487622021.0,494261426.0,4.565,4.404,4.315000057,4.19,4.015
Ireland,4701957.0,4755335.0,4807388.0,4867316.0,4941444.0,65.3362278811587,65.0970797390593,64.890068519016,64.7277787116415,64.6267942926721,9.9060001373291,8.37399959564209,6.71199989318848,5.7399997711181605,4.92799997329712,8.906999588012699,7.59800004959106,6.2930002212524405,5.69099998474121,4.673999786376951,10.729999542236301,9.02200031280518,7.06500005722046,5.78200006484985,5.14300012588501,100.0,100.0,100.0,100.0,3.7,3.6,3.5,3.4,3.3,83.4,83.6,84.0,84.1,79.6,79.8,80.4,80.5,1.184219193,1.201926905,1.180926283,1.144139639,1.14640645,291500000000.0,300523000000.0,335663000000.0,382674000000.0,388699000000.0,2283198.0,2321591.0,2344064.0,2385556.0,2418323.0,6.94,6.907,6.977000237,6.977,7.021
Iraq,35572261.0,36610632.0,37552781.0,38433600.0,39309783.0,57.585740754572804,57.747828554284496,57.994192227734096,58.28983493609761,58.5805396076595,10.7130002975464,10.8199996948242,13.020000457763699,12.8620004653931,12.8219995498657,22.173999786377,22.3390007019043,31.0200004577637,30.850999832153306,30.4039993286133,8.52700042724609,8.534999847412111,10.2799997329712,10.104999542236301,10.083000183105499,99.35925293,99.69425964,99.90985107,99.9,29.5,28.6,27.7,26.8,25.9,71.993,72.152,72.318,72.486,67.878,68.101,68.277,68.429,12.45384325,8.379146625,10.96851939,8.840581421,7.76852411,177499000000.0,174896000000.0,195473000000.0,224228000000.0,234094000000.0,9491635.0,9813997.0,9800982.0,10146991.0,10475720.0,4.677,4.575,4.497000217,4.456,4.437
Iceland,330815.0,335439.0,343400.0,352721.0,361313.0,65.9729350811372,65.7877943203916,65.5848059020374,65.37258733699029,65.1607080178509,3.9790000915527295,2.9779999256134,2.74200010299683,2.7039999961853,2.8420000076293905,4.05100011825562,3.0460000038147004,2.71799993515015,2.5399999618530296,2.8350000381469704,3.91400003433228,2.91799998283386,2.76300001144409,2.8510000705719,2.8480000495910605,100.0,100.0,100.0,100.0,2.2,2.2,2.1,2.0,2.0,83.8,84.1,84.3,84.5,81.2,80.4,81.1,81.3,0.0,0.0,0.0,0.0,0.0,17389101639.0,20618363252.0,24488176541.0,25737594324.0,24188038474.0,203034.0,208261.0,210583.0,212899.0,217840.0,7.561,7.501,7.504000187000001,7.495,7.494
Israel,8380100.0,8546000.0,8713300.0,8882800.0,9053300.0,60.912628830768696,60.6010739938476,60.3299090424763,60.097767516043604,59.905753671894104,5.25099992752075,4.7979998588562,4.21500015258789,3.99799990653992,3.86100006103516,5.39300012588501,4.94199991226196,4.32000017166138,3.9539999961853,3.89800000190735,5.125,4.669000148773192,4.1209998130798295,4.03800010681152,3.82699990272522,100.0,100.0,100.0,100.0,3.9,3.8,3.8,3.7,3.7,84.1,84.2,84.6,84.8,80.1,80.7,80.6,80.9,14.58800111,14.47314853,14.26354104,13.5281959,13.24501748,299813000000.0,318951000000.0,353253000000.0,370588000000.0,394652000000.0,3876919.0,3955835.0,4024831.0,4102822.0,4181133.0,7.278,7.267,7.212999821,6.814,7.138999999999999
Italy,60730582.0,60627498.0,60536709.0,60421760.0,60297396.0,64.33598200707989,64.16047426555801,64.0252405238968,63.9192043068525,63.8212058366567,11.895999908447301,11.687999725341802,11.211000442504899,10.6099996566772,9.88700008392334,12.694000244140598,12.7749996185303,12.3879995346069,11.7749996185303,10.838000297546401,11.3149995803833,10.890000343322802,10.3400001525879,9.74699974060059,9.182000160217287,100.0,100.0,100.0,100.0,3.5,3.4,3.3,3.2,3.1,84.9,85.6,85.2,85.6,80.3,81.0,80.8,81.2,2.408499395,2.731581462,2.789932406,2.759941801,2.770499297,1835900000000.0,1875800000000.0,1961800000000.0,2091540000000.0,2003580000000.0,25541895.0,25812533.0,25985917.0,26034264.0,25946128.0,5.9479999999999995,5.977,5.964000225,6.0,6.223
Jamaica,2891021.0,2906238.0,2920853.0,2934855.0,2948279.0,66.8903131454251,67.0954113843473,67.2924438382278,67.45326076623421,67.5463889272352,13.510999679565401,13.1920003890991,11.6339998245239,9.10400009155273,8.0019998550415,17.875,17.4309997558594,15.3920001983643,11.9090003967285,10.807000160217301,9.90900039672852,9.61400032043457,8.42800045013428,6.724999904632571,5.6160001754760716,94.9,96.99733734,97.96456146,98.93328094,15.6,15.2,14.7,14.3,13.9,75.687,75.774,75.878,75.993,72.574,72.635,72.708,72.78699999999998,3.142526914,3.340448907,3.3415089210000004,4.469117445,5.335373491,14187696311.0,14075894320.0,14806340821.0,15713908816.0,16458071068.0,1402369.0,1445230.0,1476965.0,1473383.0,1488632.0,5.709,5.51,5.31099987,5.89,5.89
Jordan,9266575.0,9551467.0,9779173.0,9956011.0,10101694.0,60.2676393381589,60.756596568283605,61.303517744970996,61.908019392858286,62.54434157280949,13.0749998092651,15.2749996185303,15.1149997711182,14.9589996337891,14.7150001525879,22.662000656127898,24.184999465942397,23.9580001831055,23.693000793457,23.344999313354503,11.029999732971199,13.3579998016357,13.192999839782699,13.036999702453599,12.8050003051758,99.82182312,99.92923737,100.0,99.9,17.6,17.1,16.6,16.1,15.6,75.817,75.934,76.05199999999998,76.175,72.441,72.533,72.628,72.73,12.80259044,15.60815008,16.23290901,15.00431779,15.18736842,38587017944.0,39892551149.0,41408960787.0,42932112676.0,44502895862.0,2329440.0,2423692.0,2506538.0,2579658.0,2637892.0,5.192,5.303,5.335999966,5.1610000000000005,4.906000000000001
Japan,127141000.0,126994511.0,126785797.0,126529100.0,126264931.0,60.991284823683394,60.49382347891629,60.0761301376108,59.72678128062451,59.4249196996624,3.4000000953674303,3.0999999046325697,2.79999995231628,2.4000000953674303,2.29099988937378,3.11299991607666,2.8139998912811297,2.63499999046326,2.17799997329712,2.14499998092651,3.61500000953674,3.31699991226196,2.9270000457763703,2.57399988174438,2.40599989891052,100.0,100.0,100.0,100.0,2.8,2.7,2.6,2.5,2.5,86.99,87.14,87.26,87.32,80.75,80.98,81.09,81.25,2.522907647,2.487820402,2.494391652,2.5285096730000003,2.517547522,4389480000000.0,4922540000000.0,4866860000000.0,4954810000000.0,5081770000000.0,66363530.0,66850743.0,67288388.0,68358370.0,68139088.0,5.987,5.921,5.920000076,5.915,5.886
Kazakhstan,17542806.0,17794055.0,18037776.0,18276498.5,18513930.0,66.5429794737269,65.7740682874074,64.9483167025433,64.1476039511304,63.4664061152816,4.92999982833862,4.96000003814697,4.90000009536743,4.8249998092651385,4.59000015258789,5.5,5.5089998245239284,5.43499994277954,5.34800004959106,5.22200012207031,4.39200019836426,4.44600009918213,4.40399980545044,4.34200000762939,4.00500011444092,100.0,100.0,100.0,100.0,11.8,11.0,10.5,10.3,10.5,76.9,76.6,76.92,77.19,67.5,68.1,68.72,68.84,4.852238794,4.337962604,3.453577769,4.652860233999999,5.01098528,184388000000.0,137278000000.0,166806000000.0,179340000000.0,181666000000.0,9116395.0,9070629.0,9003750.0,9030838.0,9053149.0,5.855,5.919,5.818999767,5.79,5.809
Kenya,47878336.0,49051686.0,50221473.0,51393010.0,52573973.0,56.455715169382714,56.921699941127216,57.39388204274611,57.878646454015296,58.3827990325175,2.7939999103546103,2.75699996948242,2.6949999332428,2.63499999046326,2.64199995994568,2.99600005149841,2.9400000572204603,2.8589999675750697,2.8220000267028795,2.79999995231628,2.6029999256134,2.5850000381469704,2.53900003433228,2.45600008964539,2.49000000953674,41.6,65.4,63.58908844,75.0,49.6,47.8,46.4,44.6,43.2,67.111,67.721,68.244,68.684,62.452,63.03100000000001,63.539,63.965,4.84681876,4.877894917,4.932970984,4.972139775,4.595662313,64007750169.0,69188755364.0,78965004656.0,87778582964.0,95503088538.0,20855980.0,21750718.0,22401022.0,23057935.0,23879160.0,4.419,4.356,4.552999973,4.41,4.5089999999999995
Cambodia,15521436.0,15766293.0,16009414.0,16249798.0,16486542.0,64.2786401979817,64.3530387487432,64.31673399061759,64.2299052197099,64.1830348656498,0.39300000667572,0.7160000205039979,0.683000028133392,0.65200001001358,0.6769999861717221,0.456999987363815,0.851000010967255,0.8130000233650211,0.779999971389771,0.824000000953674,0.33399999141693104,0.5889999866485601,0.560000002384186,0.532000005245209,0.540000021457672,68.81590271,76.60250092,89.07,91.55067444,31.6,30.1,28.8,27.6,26.6,70.61,70.975,71.318,71.62899999999998,66.47399999999999,66.785,67.062,67.312,8.887382725,9.041317281,9.359425129,9.025282393,9.063933322999999,18049954289.0,20016747754.0,22177200512.0,24571753583.0,27089389787.0,8527881.0,8909071.0,9055041.0,9191221.0,9350230.0,3.819,3.907,4.168000221000001,4.433,4.7
Kuwait,3835591.0,3956875.0,4056099.0,4137312.0,4207083.0,76.6767363882124,76.46089401358401,76.1950830095616,75.91063956501229,75.6663227228938,2.2000000476837203,2.16000008583069,1.79799997806549,2.07599997520447,2.18199992179871,4.68400001525879,5.61899995803833,4.848999977111821,5.44600009918213,5.52400016784668,1.2769999504089398,0.906000018119812,0.7179999947547909,0.9200000166893008,1.06500005722046,100.0,100.0,100.0,100.0,8.7,8.5,8.3,8.1,7.9,76.173,76.26899999999998,76.36399999999998,76.467,74.396,74.495,74.584,74.672,9.204345508,10.96314012,10.91284818,10.44511791,10.54329735,114567000000.0,109420000000.0,120707000000.0,140645000000.0,134629000000.0,2193690.0,2265966.0,2334771.0,2383249.0,2424991.0,6.295,6.239,6.105000018999999,6.082999999999999,6.021
Lebanon,6532678.0,6711121.0,6811873.0,6848925.0,6855713.0,66.3349088995355,66.48664242679149,66.6657183878929,66.901764700394,67.1544885265763,6.35699987411499,6.30900001525879,6.224999904632571,6.14300012588501,6.229000091552732,10.392999649047901,10.303999900817901,10.133000373840302,9.99699974060059,9.88000011444092,5.0689997673034695,5.02799987792969,4.96600008010864,4.89599990844727,5.04699993133545,100.0,100.0,100.0,100.0,8.3,8.0,7.7,7.4,7.2,80.73100000000002,80.758,80.786,80.821,76.967,76.99600000000002,77.031,77.07600000000002,16.82427806,18.01739632,15.05780747,15.63958963,13.78349604,49939374833.0,51205122504.0,53140638269.0,54961275742.0,51991634492.0,2225580.0,2299119.0,2349593.0,2381501.0,2398864.0,4.8389999999999995,5.129,5.224999905,5.358,5.197
Liberia,4472230.0,4586788.0,4702228.0,4818977.0,4937374.0,54.7322253104156,55.00033029656711,55.29857561078521,55.6215816108536,55.96138757161199,2.0789999961853,3.0810000896453897,3.00399994850159,2.93199992179871,2.8139998912811297,1.78299999237061,2.33299994468689,2.2750000953674303,2.21099996566772,2.2239999771118195,2.34200000762939,3.75200009346008,3.66100001335144,3.5840001106262203,3.34699988365173,16.11073112,19.8,24.2,25.9182663,91.0,89.3,87.9,86.4,84.6,63.688,64.19800000000001,64.68,65.11399999999999,60.856,61.409,61.911,62.347,1.291361257,1.265004299,1.216742701,1.303846154,1.509156845,3177000000.0,3277826000.0,3285455000.0,3264000000.0,3070518100.0,1944762.0,2048924.0,2106396.0,2165501.0,2232405.0,4.571000000000001,3.622,3.5329999919999997,3.495,3.975
Sri Lanka,20970000.0,21203000.0,21444000.0,21670000.0,21803000.0,65.8354277043931,65.63676685756471,65.4693205689957,65.32977922453611,65.20473221081879,4.51900005340576,4.242000102996831,4.17999982833862,4.11899995803833,4.19799995422363,7.45300006866455,6.83699989318848,6.736999988555911,6.64699983596802,6.6869997978210405,2.98900008201599,2.89000010490417,2.83699989318848,2.77800011634827,2.875,94.07530212,97.5,97.5,99.58340454,8.7,8.2,7.8,7.4,7.1,79.689,79.835,79.979,80.12100000000002,72.887,73.062,73.238,73.415,12.54364987,10.86662442,11.05405401,10.14462565,10.35962824,80604080689.0,82401038710.0,87428125558.0,88425889592.0,84008783756.0,8640692.0,8794294.0,8841823.0,8893806.0,8938985.0,4.271,4.415,4.440000057,4.471,4.3660000000000005
Lithuania,2904910.0,2868231.0,2828403.0,2801543.0,2786844.0,66.7197497851208,66.389657653405,65.9715598503416,65.4125423380302,64.7061360104101,9.11999988555908,7.861999988555911,7.07299995422363,6.14699983596802,6.352000236511231,8.16100025177002,6.650000095367429,5.6729998588562,5.40999984741211,6.30499982833862,10.0970001220703,9.09799957275391,8.49600028991699,6.89099979400635,6.400000095367429,100.0,100.0,100.0,100.0,4.9,4.7,4.4,4.0,3.7,79.7,80.1,80.5,80.7,69.2,69.5,70.7,70.9,3.307386939,4.437065637,5.310344828,5.969054288,5.8709364389999985,41418872976.0,43018087238.0,47758736932.0,53722883091.0,54627411860.0,1470309.0,1482451.0,1468938.0,1472661.0,1457292.0,5.832999999999999,5.813,5.90199995,5.952000000000001,6.149
Luxembourg,569604.0,582014.0,596336.0,607950.0,619896.0,69.6279252780371,69.7182977019114,69.8281833386832,69.9380218288939,70.0178162795645,6.669000148773191,6.29099988937378,5.52199983596802,5.58500003814697,5.36299991607666,7.34899997711182,6.631999969482419,5.499000072479251,5.8839998245239284,5.889999866485598,6.10900020599365,6.01200008392334,5.54099988937378,5.33199977874756,4.91699981689453,100.0,100.0,100.0,100.0,2.9,2.9,2.8,2.8,2.8,84.7,85.4,84.4,84.6,80.0,80.1,79.9,80.1,1.151871212,1.056428702,1.341434112,1.312820968,1.425666644,57744457955.0,60691483443.0,64181944723.0,70919958016.0,71104919108.0,282750.0,283597.0,293653.0,302721.0,310000.0,6.946000000000001,6.871,6.862999916000001,6.91,7.09
Latvia,1977527.0,1959537.0,1942248.0,1927174.0,1912789.0,65.387095191708,65.09153275191889,64.5904329718102,63.96060274032271,63.3557327862224,9.8730001449585,9.64299964904785,8.715000152587889,7.412000179290769,6.51999998092651,8.63700008392334,8.39999961853027,7.6739997863769505,6.41699981689453,5.63100004196167,11.088000297546401,10.8909997940063,9.7519998550415,8.40499973297119,7.40700006484985,100.0,100.0,100.0,100.0,5.0,4.5,4.2,3.9,3.6,79.5,79.6,79.7,79.7,69.7,69.8,69.8,70.1,2.774270788,4.014184397,4.367255738,5.523517751,5.562867421,27239653844.0,28052325862.0,30458763246.0,34416012859.0,34102913582.0,1008394.0,1006942.0,1003688.0,1000226.0,983102.0,5.098,5.56,5.849999905,5.933,5.94
Morocco,34663603.0,35126296.0,35581294.0,36029138.0,36471769.0,65.8865986896977,65.81884852433721,65.7940536386364,65.7807150460324,65.7300280663655,9.46000003814697,9.30000019073486,9.1870002746582,9.07800006866455,9.01900005340576,10.423999786377,10.701000213623,10.718000411987301,10.5380001068115,10.414999961853,9.13899993896484,8.8439998626709,8.699999809265138,8.60999965667725,8.574000358581541,99.61175537,99.74356842,100.0,100.0,25.3,24.2,23.1,22.2,21.4,76.96300000000002,77.202,77.438,77.668,74.433,74.694,74.94800000000002,75.19,10.52065407,10.54605038,10.59254129,10.47862381,10.30490228,101180000000.0,103312000000.0,109683000000.0,118096000000.0,119700000000.0,11817891.0,11780964.0,11742989.0,11918297.0,12067484.0,5.013,5.151,5.235000134,5.254,5.207999999999999
Moldova,2834530.0,2802170.0,2755158.0,2706049.0,2657637.0,74.15911268332229,73.7985577503641,73.2747425661702,72.67035279855791,72.0971898192129,3.69400000572205,4.18499994277954,4.09800004959106,2.9779999256134,5.47300004959106,2.92000007629395,2.88000011444092,3.33899998664856,2.4719998836517303,4.155000209808351,4.44500017166138,5.44799995422363,4.82299995422363,3.4790000915527304,6.76800012588501,100.0,100.0,100.0,100.0,15.6,15.3,15.0,14.7,14.4,75.76,75.9,75.993,76.074,67.208,67.34,67.439,67.53,0.932863103,1.122114241,1.041898473,1.047638104,1.10696981,7745231660.0,8071480541.0,9669759987.0,11456717193.0,11968713370.0,1052791.0,1009773.0,982127.0,988570.0,963122.0,5.888999999999999,5.897,5.837999821,5.64,5.529
Madagascar,24234088.0,24894380.0,25570540.0,26262368.0,26969307.0,55.5225680454738,55.8271207505954,56.0975040312059,56.3451322813798,56.5890958933428,1.7849999666213998,1.76300001144409,1.72500002384186,1.68900001049042,1.75800001621246,1.80099999904633,1.78999996185303,1.75199997425079,1.72099995613098,1.84599995613098,1.76999998092651,1.73800003528595,1.70000004768372,1.65900003910065,1.67299997806549,20.24713707,22.9,24.1,25.90781212,57.9,56.0,54.1,52.3,50.6,67.09100000000001,67.506,67.90899999999999,68.301,63.999,64.369,64.72800000000001,65.077,3.994649462,3.701485066,3.3878295410000003,3.707788677,3.29681277,11323023787.0,11848615018.0,13176313233.0,13853433948.0,14114631281.0,12238090.0,12620212.0,13010466.0,13409202.0,13851504.0,3.681,3.695,3.644000053,3.7739999999999996,3.9330000000000003
Mexico,121858258.0,123333376.0,124777324.0,126190788.0,127575529.0,65.6393151459625,65.821789391381,66.0200045642909,66.2194668282759,66.3982212450791,4.31300020217896,3.8589999675750697,3.42000007629395,3.282999992370609,3.42499995231628,4.45300006866455,3.90899991989136,3.6010000705719,3.4270000457763703,3.71199989318848,4.22900009155273,3.8289999961853,3.3110001087188703,3.1960000991821302,3.25099992752075,99.0,99.5,100.0,100.0,16.2,15.7,15.2,14.7,14.2,77.837,77.82600000000002,77.827,77.844,71.954,71.99,72.046,72.118,1.697241715,1.809957036,1.698105912,1.860698566,2.003795553,1171870000000.0,1078490000000.0,1158910000000.0,1222350000000.0,1268870000000.0,53574700.0,54396002.0,55131907.0,56253063.0,57142190.0,7.187,6.778,6.578000069,6.4879999999999995,6.595
Mali,17438778.0,17965429.0,18512394.0,19077690.0,19658031.0,49.5209756096442,49.6235801143339,49.762267838419895,49.9492838489489,50.2001751853988,7.729000091552732,7.55299997329712,7.32999992370605,7.110000133514402,7.22399997711182,8.79300022125244,8.534999847412111,8.20400047302246,7.861999988555911,7.9539999961853,6.90199995040894,6.78900003433228,6.650000095367429,6.5229997634887695,6.65700006484985,37.6,41.23777771,43.1,50.9,108.6,104.8,101.1,97.4,94.0,58.194,58.695,59.185,59.649,56.81800000000001,57.275,57.718,58.137,11.2718329,11.61869438,13.2134326,13.90426265,10.8074568,13104802016.0,14025944550.0,15365627045.0,17070758732.0,17279566719.0,6450183.0,6651300.0,6863272.0,7086706.0,7335419.0,3.995,4.073,4.190000057,4.447,4.39
Malta,445053.0,455356.0,467999.0,484630.0,502653.0,66.9809645284725,66.4129769294446,65.88290902946339,65.3737751793975,64.8540324997956,5.37900018692017,4.6869997978210405,4.00099992752075,3.71600008010864,3.4730000495910605,5.38700008392334,5.16400003433228,4.2519998550415,3.55599999427795,3.7739999294281,5.374000072479251,4.375,3.83400011062622,3.82599997520447,3.2660000324249303,100.0,100.0,100.0,100.0,7.0,7.1,7.1,7.1,7.0,84.1,84.4,84.6,84.6,79.8,80.6,80.2,80.4,1.222964127,1.428239015,1.416402771,1.250077229,1.489908257,11091434435.0,11665231192.0,13146963159.0,14750790658.0,14989415684.0,208231.0,215515.0,223557.0,235579.0,243422.0,6.3020000000000005,6.4879999999999995,6.52699995,6.627000000000001,6.726
Montenegro,622159.0,622303.0,622373.0,622227.0,622137.0,67.7186277824919,67.524838026732,67.2020179647302,66.81554421806631,66.4606114457783,17.544000625610398,17.7229995727539,16.070999145507802,15.1750001907349,14.883000373840304,17.3059997558594,17.0799999237061,16.94700050354,15.0970001220703,15.729999542236301,17.739000320434602,18.238000869751,15.378999710083,15.234999656677198,14.2250003814697,100.0,100.0,100.0,100.0,3.6,3.1,2.8,2.5,2.3,78.899,79.013,79.105,79.199,73.982,74.09899999999998,74.205,74.317,3.024705189,2.969930814,2.887481518,3.034589197,3.633712984,4053097851.0,4373958354.0,4844606146.0,5504255214.0,5542577965.0,268047.0,271005.0,271367.0,277016.0,277234.0,5.192,5.1610000000000005,5.236999989,5.347,5.523
Mongolia,2998439.0,3056359.0,3113779.0,3170208.0,3225167.0,67.27377145241239,66.6457921896737,66.0564020777279,65.50689290572,65.0123854051589,4.861000061035161,7.235000133514402,6.35900020599365,6.25400018692017,6.011000156402591,4.2459998130798295,5.8730001449585,5.64099979400635,5.59100008010864,5.630000114440921,5.374000072479251,8.36900043487549,6.96099996566772,6.81300020217896,6.33300018310547,88.04885101,91.0623703,93.84365845,98.1,20.2,18.8,17.5,16.5,15.6,73.373,73.58800000000002,73.779,73.961,65.10300000000001,65.294,65.465,65.631,2.808158169,2.177338067,2.368632969,2.570371518,2.317900612,11749620620.0,11186734674.0,11425755280.0,13108769496.0,13996719329.0,1287072.0,1278706.0,1306828.0,1319351.0,1331891.0,4.874,4.907,4.954999924,5.125,5.285
Mauritania,4046301.0,4163534.0,4282574.0,4403319.0,4525696.0,56.3763793153302,56.46742802326771,56.6067338070364,56.77570502028811,56.9548418629974,9.75800037384033,9.69200038909912,9.57699966430664,9.46399974822998,9.54800033569336,12.168999671936,12.1859998703003,12.045999526977502,11.9499998092651,12.1120004653931,8.6569995880127,8.552000045776369,8.44400024414063,8.31900024414063,8.36600017547607,39.5,41.47495651,42.9,44.52691269,82.7,80.3,77.8,75.3,72.9,65.58,65.824,66.061,66.292,62.25100000000001,62.552,62.831,63.082,8.401759816,10.29737324,10.44952234,11.2232887,10.67888515,6166857629.0,6398744505.0,6758390729.0,7049169771.0,7600656944.0,1099054.0,1135240.0,1172264.0,1210148.0,1248249.0,4.436,4.2010000000000005,4.291999817,4.356,4.49
Mauritius,1262605.0,1263473.0,1264613.0,1265303.0,1265711.0,70.6456597134001,70.6552602695217,70.6909218591711,70.7321346133359,70.7415639363991,7.40999984741211,6.81400012969971,6.7519998550415,6.65700006484985,6.673999786376951,10.7019996643066,10.4219999313354,10.0530004501343,9.9040002822876,9.99899959564209,5.2930002212524405,4.52500009536743,4.6469998359680185,4.55499982833862,4.50699996948242,97.34584045,97.37947083,97.42199707,97.46600342,14.5,14.5,14.9,15.4,16.0,77.79,77.76,77.89,77.72,71.08,71.19,71.3,71.27,0.581864102,0.713796723,0.6951111109999999,0.6430709520000001,0.596581748,11692287066.0,12232463656.0,13259351418.0,14181951059.0,14048430519.0,603765.0,600981.0,608131.0,608753.0,610685.0,5.477,5.648,5.629000187000001,5.891,5.888
Malawi,16745303.0,17205289.0,17670260.0,18143315.0,18628747.0,52.2759546363539,52.6689772389968,53.05410873767329,53.452279163061284,53.8892873471308,5.84600019454956,5.79500007629395,5.70699977874756,5.6220002174377415,5.65299987792969,6.837999820709231,6.78000020980835,6.69899988174438,6.574999809265139,6.61700010299683,4.91200017929077,4.86399984359741,4.7649998664856,4.71299982070923,4.736000061035161,10.8,11.0,12.7,18.02,53.8,50.0,46.9,43.9,41.6,65.016,65.77600000000001,66.4,66.937,58.898,59.587,60.155,60.651,2.29670357,2.288617136,2.517359639,3.061234412,3.279627063,6373212641.0,5433040160.0,6303292264.0,6917301909.0,7666704427.0,7106401.0,7334170.0,7563865.0,7799084.0,8079230.0,4.292,4.156000000000001,3.970000029,3.5869999999999997,3.41
Malaysia,30270962.0,30684804.0,31105028.0,31528585.0,31949777.0,68.9348293589084,69.080619256779,69.22225702231111,69.3331042884915,69.3842495363896,3.0999999046325697,3.4400000572204603,3.41000008583069,3.3499999046325697,3.32399988174438,3.39199995994568,3.9289999008178698,3.9270000457763694,3.82599997520447,3.74000000953674,2.9210000038147004,3.13700008392334,3.08999991416931,3.0550000667572004,3.0650000572204603,100.0,100.0,100.0,100.0,8.1,8.2,8.3,8.4,8.6,77.663,77.84,78.008,78.167,73.521,73.718,73.903,74.075,6.086657497000001,6.099022746,5.101833957,4.261886859,4.44857617,301355000000.0,301255000000.0,319112000000.0,358715000000.0,364681000000.0,14612026.0,14851647.0,15114465.0,15381536.0,15673198.0,5.77,6.005,6.084000111,6.322,5.3389999999999995
Nigeria,181137448.0,185960289.0,190873311.0,195874740.0,200963599.0,53.1339477632477,53.1479516634956,53.2377460928992,53.38598301649839,53.569386463864,4.31099987030029,7.05999994277954,8.38899993896484,8.24300003051758,8.0959997177124,5.10599994659424,8.11400032043457,9.26000022888184,9.10099983215332,8.907999992370609,3.66000008583069,6.199999809265139,7.67600011825562,7.53900003433228,7.43400001525879,52.5,59.3,54.4,56.5,126.8,125.0,122.8,120.0,117.2,53.967,54.415,54.843,55.244,52.286,52.69600000000001,53.08600000000001,53.45,3.771493405,4.561830649,3.586545659,3.888575503,3.635798006,486803000000.0,404650000000.0,375746000000.0,397190000000.0,448120000000.0,54559255.0,55288066.0,56831352.0,58403811.0,59873566.0,5.268,4.875,5.073999882,5.155,5.265
Nicaragua,6223240.0,6303974.0,6384855.0,6465513.0,6545502.0,63.973300081629496,64.21182891934521,64.3993136247922,64.5508213516632,64.6871546292401,4.6999998092651385,3.9000000953674303,3.29999995231628,5.1999998092651385,6.83699989318848,5.4439997673034695,4.274000167846681,3.48799991607666,5.26100015640259,6.69600009918213,4.23400020599365,3.66300010681152,3.1800000667572004,5.16200017929077,6.92600011825562,83.68191528,85.35560608,86.8,88.07795715,19.4,18.7,18.0,17.3,16.6,77.06,77.309,77.546,77.77,70.20100000000001,70.374,70.551,70.741,3.034353937,2.388253077,2.31639729,2.28073901,2.382026812,12756706583.0,13286083645.0,13785909906.0,13063904770.0,12520915291.0,2832718.0,2890622.0,2947535.0,2992406.0,3048887.0,5.827999999999999,5.992000000000001,6.071000099,6.141,6.105
Netherlands,16939923.0,17030314.0,17131296.0,17231624.0,17332850.0,65.3242002139623,65.0519291962127,64.85473799459001,64.69564865682351,64.5111840408302,6.8720002174377415,6.00600004196167,4.83900022506714,3.82999992370605,3.1960000991821302,7.27600002288818,6.51000022888184,5.257999897003169,3.95700001716614,3.36199998855591,6.52799987792969,5.5760002136230495,4.47900009155273,3.72199988365173,3.0539999008178698,100.0,100.0,100.0,100.0,4.0,4.0,4.0,4.0,4.0,83.2,83.2,83.4,83.4,79.9,80.0,80.2,80.3,2.585941067,2.719617781,2.725427299,2.892905747,3.134221958,765265000000.0,783528000000.0,833870000000.0,914043000000.0,907051000000.0,9034853.0,9051897.0,9111169.0,9227941.0,9275661.0,7.377999999999999,7.3389999999999995,7.376999855,7.441,7.4879999999999995
Norway,5188607.0,5234519.0,5276968.0,5311916.0,5347896.0,65.7346500928106,65.6039698728744,65.4949298815821,65.4017394653615,65.31435953772329,4.2960000038147,4.67899990081787,4.1620001792907715,3.79999995231628,3.34599995613098,3.99900007247925,3.91300010681152,3.6909999847412096,3.53800010681152,3.24399995803833,4.55999994277954,5.3600001335144,4.58199977874756,4.031000137329101,3.43700003623962,100.0,100.0,100.0,100.0,2.7,2.6,2.6,2.5,2.4,84.2,84.2,84.3,84.5,80.5,80.7,81.0,81.1,3.131927103,3.235236909,3.283432852,3.392107522,3.502918957,385802000000.0,368820000000.0,398394000000.0,434167000000.0,403336000000.0,2762074.0,2769807.0,2762942.0,2799958.0,2818011.0,7.522,7.497999999999999,7.537000179,7.593999999999999,7.553999999999999
Nepal,27015031.0,27261131.0,27627124.0,28087871.0,28608710.0,61.1060301948201,62.07694386836761,62.99880203444611,63.8580639025582,64.6470567879502,1.47500002384186,1.44599997997284,1.3960000276565598,1.35000002384186,1.4069999456405602,1.25300002098083,1.2269999980926498,1.2330000400543202,1.15900003910065,1.21000003814697,1.75,1.72300004959106,1.6039999723434402,1.5930000543594398,1.65400004386902,85.24436188,90.7,92.41319275,93.92,36.2,34.6,33.2,31.9,30.8,70.931,71.264,71.586,71.9,68.11399999999999,68.419,68.71,68.98899999999999,7.742784022,7.74928268,6.283020476,4.821523427,4.505135268,21410840909.0,21185922408.0,25180583770.0,29173513476.0,30641380604.0,14970822.0,15384208.0,15853018.0,16359487.0,16885875.0,4.513999999999999,4.793,4.961999893,4.88,4.913
New Zealand,4595700.0,4693200.0,4793900.0,4841000.0,4917000.0,65.38199323354999,65.1902821582374,64.9543793175464,64.694144015841,64.4394397481279,5.36499977111816,5.09999990463257,4.7020001411438,4.2979998588562,4.06899976730347,5.8649997711181605,5.47399997711182,5.19799995422363,4.467999935150151,4.44899988174438,4.9180002212524405,4.76300001144409,4.25600004196167,4.14300012588501,3.723000049591061,100.0,100.0,100.0,100.0,5.5,5.3,5.1,4.9,4.7,83.27,83.4,83.4,83.6,79.73,79.91,80.0,80.2,2.973627499,3.09097447,3.2056837010000003,3.4117192810000003,3.918768644,177468000000.0,188224000000.0,205416000000.0,207921000000.0,206929000000.0,2513183.0,2608432.0,2696341.0,2721966.0,2764798.0,7.2860000000000005,7.334,7.31400013,7.324,7.307
Pakistan,199426964.0,203627284.0,207896686.0,212215030.0,216565318.0,59.7533566223272,59.9862738229707,60.20754291181371,60.417411089113706,60.6232143782136,3.5659999847412096,3.78900003433228,3.9449999332428,4.08300018310547,4.45300006866455,6.18200016021729,5.78900003433228,5.22599983215332,4.55999994277954,5.59600019454956,2.82999992370605,3.24699997901917,3.60999989509583,3.96300005912781,4.16099977493286,71.19741058,71.41359711,70.79,71.09154670000002,76.1,73.8,71.6,69.4,67.2,67.543,67.742,67.928,68.109,65.684,65.872,66.041,66.194,17.96238619,18.03221557,17.71762521,18.75828123,18.4348763,270556000000.0,278655000000.0,304567000000.0,314568000000.0,278222000000.0,67754731.0,69170840.0,70602092.0,72040845.0,73943766.0,5.194,5.132000000000001,5.269000053,5.472,5.653
Panama,3968487.0,4037078.0,4106771.0,4176873.0,4246439.0,64.6010683668612,64.6703135287453,64.75061051644249,64.8329645962083,64.9070432896834,3.00200009346008,3.3150000572204603,3.9000000953674303,3.89400005340576,3.90199995040894,3.9289999008178698,3.93700003623962,5.11600017547607,4.99399995803833,5.05499982833862,2.4030001163482697,2.91100001335144,3.10700011253357,3.15100002288818,3.12299990653992,95.27893829,96.77424622,100.0,100.0,16.9,16.4,15.9,15.3,14.9,80.994,81.211,81.41199999999998,81.593,74.736,74.89399999999998,75.06,75.235,0.0,0.0,0.0,0.0,0.0,54091700000.0,57907700000.0,62219000000.0,65128200000.0,66800800000.0,1858187.0,1910880.0,1937154.0,2029802.0,2070438.0,6.7860000000000005,6.7010000000000005,6.452000141,6.43,6.321000000000001
Peru,30470734.0,30926032.0,31444297.0,31989256.0,32510453.0,64.5926973731581,65.34223336508221,65.82670091728549,66.12100436208901,66.35202530090861,3.0,3.53500008583069,3.4600000381469704,3.39000010490417,3.30999994277954,2.96199989318848,3.5720000267028795,3.50099992752075,3.46199989318848,3.40899991989136,3.03200006484985,3.50300002098084,3.42499995231628,3.328000068664549,3.2260000705719,93.852179,94.2,94.8,95.2,15.7,15.0,14.3,13.7,13.2,78.468,78.759,79.031,79.28,73.169,73.39,73.612,73.834,7.726630517999999,6.1950186270000005,5.868989904,5.488391527,5.434454999,189805000000.0,191896000000.0,211007000000.0,222045000000.0,226848000000.0,16583446.0,16965614.0,17810899.0,18346713.0,18864899.0,5.824,5.742999999999999,5.715000152999999,5.662999999999999,5.697
Philippines,102113212.0,103663927.0,105173264.0,106651922.0,108116615.0,63.11590120189339,63.315407952954395,63.5948947887491,63.9143910299006,64.209122714395,3.06800007820129,2.70799994468689,2.5520000457763703,2.33800005912781,2.15000009536743,3.21900010108948,2.8699998855590803,2.70199990272522,2.67600011825562,2.44199991226196,2.96900010108948,2.6029999256134,2.4590001106262203,2.125,1.96399998664856,89.08,92.30308533,93.0,94.85723114,29.8,29.3,28.7,28.0,27.3,75.007,75.143,75.268,75.387,66.64399999999999,66.81,66.971,67.123,6.071524436,5.605681609,6.5423579510000005,3.94634974,4.489293453,306446000000.0,318627000000.0,328481000000.0,346842000000.0,376796000000.0,43017635.0,43863054.0,43007823.0,43864623.0,44815390.0,5.073,5.279,5.429999828,5.524,5.631
Poland,37986412.0,37970087.0,37974826.0,37974750.0,37970874.0,69.4242208415248,68.87713145992471,68.18942444348541,67.42990642375979,66.6977162655768,7.500999927520749,6.16099977493286,4.88700008392334,3.84500002861023,3.47399997711182,7.71000003814697,6.22599983215332,4.90799999237061,3.84699988365173,3.5090000629425,7.330999851226809,6.10799980163574,4.8709998130798295,3.84400010108948,3.4460000991821302,100.0,100.0,100.0,100.0,4.8,4.7,4.6,4.5,4.4,81.6,82.0,81.8,81.7,73.5,73.9,73.9,73.7,5.131605073999999,4.721707725,4.597221867,4.946679863,4.726351005,477812000000.0,472630000000.0,526509000000.0,587412000000.0,595858000000.0,18315532.0,18376997.0,18443681.0,18391322.0,18260472.0,5.791,5.835,5.97300005,6.122999999999999,6.182
Portugal,10358076.0,10325452.0,10300300.0,10283822.0,10269417.0,65.1513051593257,64.961544860907,64.7752200096282,64.58823464028029,64.3912242168073,12.444000244140598,11.065999984741199,8.86699962615967,6.993000030517581,6.33400011062622,12.746000289917,11.1660003662109,9.34899997711182,7.43699979782104,6.94600009918213,12.1560001373291,10.9709997177124,8.4060001373291,6.56500005722046,5.743000030517581,100.0,100.0,100.0,100.0,3.6,3.6,3.6,3.7,3.7,84.3,84.3,84.6,84.5,78.1,78.1,78.4,78.3,3.717338267,4.472380451,3.686034475,4.225461767,4.410863571,199314000000.0,206286000000.0,221358000000.0,242313000000.0,238785000000.0,5216392.0,5203775.0,5248650.0,5267545.0,5239181.0,5.102,5.122999999999999,5.195000172,5.41,5.693
Paraguay,6688746.0,6777872.0,6867062.0,6956071.0,7044636.0,63.68411956441461,63.917893403711396,64.05463705652251,64.1292793944163,64.1998394239248,4.5560002326965305,5.25500011444092,4.61499977111816,4.53399991989136,4.80900001525879,4.94899988174438,6.7470002174377415,5.44299983978271,5.32100009918213,5.78399991989136,4.298999786376951,4.28599977493286,4.07499980926514,4.0019998550415,4.14599990844727,99.331532,98.4,99.3,100.0,22.2,21.5,20.8,20.1,19.4,75.70100000000002,75.90100000000002,76.085,76.25,71.752,71.906,72.041,72.15899999999998,5.218235132,4.887614625,4.584629679,4.853774194,5.307133428,36164068797.0,36054281572.0,39008900332.0,40384691791.0,38145288940.0,3240419.0,3338124.0,3406346.0,3534912.0,3596812.0,5.877999999999999,5.537999999999999,5.493000031,5.681,5.742999999999999
Romania,19815616.0,19702267.0,19587290.0,19472545.0,19356544.0,67.5084309171689,67.1542968794398,66.6687883755184,66.1267436456077,65.6359760773252,6.8119997978210405,5.90100002288818,4.92700004577637,4.1869997978210405,3.9760000705719,5.852000236511231,4.98299980163574,4.03900003433228,3.48799991607666,3.42300009727478,7.53599977493286,6.59100008010864,5.604000091552732,4.71600008010864,4.39300012588501,100.0,99.1,100.0,100.0,9.1,8.6,8.1,7.5,7.0,78.6,79.0,79.1,79.2,71.4,71.6,71.7,71.7,4.246465045,4.48781711,5.589394347000001,5.646035846,6.08247902,177729000000.0,188129000000.0,211695000000.0,241457000000.0,250077000000.0,9114728.0,8952240.0,9108470.0,9054882.0,8932844.0,5.124,5.528,5.8249998089999995,5.945,6.07
Rwanda,11369071.0,11668818.0,11980937.0,12301939.0,12626950.0,56.719629950415495,56.9103561137722,57.014107632935286,57.086230904481106,57.2057147608884,1.14300000667572,1.11300003528595,1.06299996376038,1.01699995994568,1.02999997138977,1.2150000333786,1.17499995231628,1.11300003528595,1.06099998950958,1.0700000524520898,1.0679999589920002,1.04700005054474,1.00800001621246,0.970000028610229,0.986999988555908,22.8,29.37,34.1,34.71657181,41.5,39.2,37.5,35.9,34.3,69.434,69.954,70.398,70.78399999999998,65.37100000000001,65.81,66.187,66.518,4.565663767,4.936717027,4.977276188,4.682381126,4.434616299,8545441361.0,8697268916.0,9253098954.0,9635951160.0,10354417725.0,5668191.0,5837087.0,6007191.0,6178259.0,6362559.0,3.465,3.515,3.4709999560000004,3.408,3.3339999999999996
Saudi Arabia,31717667.0,32442572.0,33099147.0,33699947.0,34268528.0,71.1564409828756,71.36899171040609,71.53340368933691,71.6430638491404,71.7211314124727,5.59000015258789,5.650000095367429,5.889999866485598,6.03999996185303,5.92700004577637,21.6569995880127,21.173999786377,20.3320007324219,22.488000869751,22.114000320434602,2.4719998836517303,2.5190000534057595,3.07399988174438,2.93099999427795,2.88499999046326,100.0,99.9,99.93,100.0,8.4,7.9,7.4,7.0,6.6,76.264,76.373,76.487,76.615,73.425,73.548,73.671,73.79899999999998,32.65251295,25.52313376,30.69767442,25.86326767,20.33935156,654270000000.0,644936000000.0,688586000000.0,786522000000.0,792967000000.0,13185854.0,13607874.0,13839522.0,14019589.0,14387604.0,6.4110000000000005,6.379,6.343999863,6.371,6.375
Senegal,14578459.0,14993528.0,15419381.0,15854360.0,16296364.0,53.464793501151284,53.557253637388285,53.6891458819127,53.8577459283503,54.06165448930821,6.756999969482419,6.705999851226809,6.6149997711181605,6.52699995040894,6.604000091552732,7.30399990081787,7.250999927520749,7.18499994277954,7.07200002670288,7.44600009918213,6.389999866485598,6.337999820709231,6.23000001907349,6.15799999237061,6.03399991989136,60.5,64.5,61.7,66.95944977,52.8,50.6,48.8,47.0,45.3,68.634,68.999,69.324,69.627,64.683,64.972,65.242,65.501,5.264749877,6.685639472,6.693847784,7.3870586089999986,6.299180587,17774766636.0,19040312815.0,20996564752.0,23236007428.0,23578084052.0,3763014.0,3877928.0,3997403.0,4122004.0,4255475.0,3.904,4.218999999999999,4.534999847,4.631,4.681
Singapore,5535002.0,5607283.0,5612253.0,5638676.0,5703569.0,78.3206357767099,77.9422580237773,77.20764444403959,76.2583371703582,75.27536736753909,3.7899999618530296,4.07999992370605,4.19999980926514,4.01900005340576,4.10900020599365,3.9779999256134,4.48799991607666,4.43599987030029,4.25500011444092,4.31400012969971,3.65599989891052,3.78699994087219,4.03200006484985,3.84899997711182,3.96199989318848,100.0,100.0,100.0,100.0,2.7,2.7,2.7,2.6,2.5,85.1,85.1,85.4,85.4,80.5,80.7,80.9,81.0,20.95495078,19.95955059,21.62514391,20.2237128,21.38229372,308004000000.0,318652000000.0,341863000000.0,373217000000.0,372063000000.0,3451949.0,3496292.0,3497085.0,3493801.0,3527065.0,6.797999999999999,6.739,6.5720000270000005,6.343,6.2620000000000005
Sierra Leone,7171914.0,7328838.0,7488431.0,7650154.0,7813215.0,55.098276415472895,55.37333769601,55.661599244594,55.973804435207214,56.3279520658269,4.63700008392334,4.586999893188481,4.5,4.41699981689453,4.42799997329712,3.80699992179871,3.7969999313354506,3.70099997520447,3.62400007247925,3.62800002098084,5.44500017166138,5.361000061035161,5.288000106811519,5.2020001411438,5.2189998626709,19.65712738,20.3,23.4,26.1,138.3,123.2,118.2,113.5,109.2,53.77,54.258,54.697,55.106,52.06800000000001,52.58600000000001,53.049,53.468,4.452292115,4.781444373999999,4.522711852,3.384465955,2.914700318,4218723875.0,3674794530.0,3739577973.0,4085114794.0,4121733705.0,2423877.0,2484881.0,2548635.0,2614289.0,2681359.0,4.507,4.635,4.709000111,4.571000000000001,4.374
El Salvador,6325124.0,6356143.0,6388122.0,6420744.0,6453553.0,63.871870338036096,64.2219345914653,64.4496680247071,64.5808290812314,64.67197216788949,3.99799990653992,4.4180002212524405,4.38500022888184,4.00600004196167,4.1100001335144,3.47399997711182,3.85199999809265,4.00600004196167,3.75099992752075,3.578000068664549,4.37599992752075,4.83199977874756,4.65799999237061,4.18900012969971,4.49399995803833,95.4,96.0,96.8,100.0,15.3,14.7,14.2,13.7,13.3,76.949,77.188,77.417,77.635,67.571,67.78699999999999,68.006,68.229,4.487318841,4.311335539,4.371648794,4.69273654,4.8504630330000005,23438240000.0,24191440000.0,24979200000.0,26117400000.0,27022640000.0,2665700.0,2729547.0,2743560.0,2757089.0,2789514.0,6.13,6.068,6.002999783,6.167000000000001,6.252999999999999
Serbia,7095383.0,7058322.0,7020858.0,6982604.0,6944975.0,66.8791048823238,66.59961194777979,66.2793608065934,65.964526556121,65.7185540515046,17.659999847412102,15.2569999694824,13.4770002365112,12.7329998016357,12.6859998703003,18.757999420165998,16.0990009307861,14.2729997634888,13.697999954223599,13.779999732971199,16.8059997558594,14.5900001525879,12.83899974823,11.960000038147,11.809000015258801,99.9,100.0,100.0,100.0,6.3,6.0,5.8,5.5,5.3,77.9,78.3,78.1,78.4,72.8,73.2,73.1,73.5,4.28085102,4.173834415,4.584390804,3.969040639,5.391386446,39655958843.0,40692643373.0,44179055280.0,50640650221.0,51475016532.0,3096714.0,3191611.0,3219215.0,3241884.0,3218840.0,5.122999999999999,5.1770000000000005,5.394999981000001,5.398,5.603
Slovenia,2063531.0,2065042.0,2066388.0,2073894.0,2087946.0,67.3167571054254,66.7402529155679,66.0745022380146,65.37134529801911,64.70807551425109,8.96199989318848,8.0,6.56400012969971,5.10799980163574,4.19500017166138,10.0380001068115,8.588000297546388,7.479000091552732,5.69700002670288,4.65999984741211,8.050999641418459,7.48999977111816,5.770999908447268,4.602000236511231,3.79399991035461,100.0,100.0,100.0,100.0,2.5,2.4,2.3,2.2,2.1,83.9,84.3,84.0,84.4,77.8,78.2,78.2,78.5,2.125366112,2.461164637,2.469167349,2.482870268,2.65011216,43090173395.0,44736333522.0,48586603448.0,54161636035.0,54174227309.0,1010900.0,998363.0,1029116.0,1037571.0,1034477.0,5.848,5.768,5.757999897,5.9479999999999995,6.117999999999999
Sweden,9799186.0,9923085.0,10057698.0,10175214.0,10285453.0,63.0971791970261,62.7714681374261,62.513417606807785,62.322689612278296,62.175940147338,7.43200016021729,6.9899997711181605,6.71799993515015,6.34600019454956,6.47599983215332,7.28999996185303,6.58599996566772,6.44199991226196,6.29199981689453,6.21999979019165,7.56099987030029,7.3579998016357395,6.96999979019165,6.39499998092651,6.71000003814697,100.0,100.0,100.0,100.0,2.9,2.8,2.7,2.7,2.6,84.1,84.1,84.1,84.3,80.4,80.6,80.8,80.9,2.220924236,2.174447864,2.135680206,2.130107514,2.315168909,505104000000.0,515655000000.0,541019000000.0,555455000000.0,530884000000.0,5186060.0,5250661.0,5336002.0,5411383.0,5470074.0,7.364,7.291,7.28399992,7.314,7.343
Chad,14110975.0,14561666.0,15016773.0,15477751.0,15946876.0,49.7186268135263,49.9074968101164,50.132708449023596,50.393181066809,50.687413635122006,1.8329999446868896,1.85599994659424,1.84800004959106,1.83800005912781,1.89100003242493,1.56099998950958,1.5820000171661397,1.625,1.6419999599456798,1.7059999704361,2.05800008773804,2.0840001106262203,2.0329999923706104,2.00300002098084,2.0460000038147,7.7,10.41574097,10.9,11.75935555,129.4,125.6,121.5,117.7,113.8,54.552,54.856,55.132,55.4,51.743,52.041,52.315,52.577,11.00759499,21.13650438,14.76643345,17.20097264,13.97526258,10950392220.0,10097778354.0,10000395242.0,11239167048.0,11314951343.0,5221720.0,5408037.0,5597518.0,5788876.0,5995556.0,3.667,3.763,3.9360001089999996,4.301,4.35
Togo,7323158.0,7509952.0,7698475.0,7889094.0,8082366.0,55.0613273672369,55.2670183866712,55.512196313191396,55.796008489188786,56.114298709066105,2.2039999961853,2.17499995231628,2.1259999275207497,2.0789999961853,2.0380001068115203,1.70000004768372,1.6610000133514398,1.6219999790191697,1.58599996566772,1.54700005054474,2.69899988174438,2.68199992179871,2.6240000724792503,2.56699991226196,2.5239999294281,45.13739395,47.41503525,48.0,51.34528351,75.8,73.5,71.3,69.1,66.9,60.706,61.023,61.317,61.612,59.128,59.398,59.644,59.892,5.462204837000001,5.904090387999999,8.602319801,7.904558802,12.21015467,4180866177.0,4486979198.0,4819949975.0,5364369026.0,5490272413.0,3315730.0,3407416.0,3501093.0,3596555.0,3700152.0,2.839,3.303,3.4949998860000004,3.9989999999999997,4.085
Thailand,68714511.0,68971331.0,69209858.0,69428524.0,69625582.0,71.423750654356,71.34828152019391,71.20921441628,71.0121180433042,70.7702134540146,0.597000002861023,0.6880000233650211,0.8299999833106991,0.765999972820282,0.754000008106232,0.606000006198883,0.71399998664856,0.845000028610229,0.742999970912933,0.741999983787537,0.5889999866485601,0.666000008583069,0.8180000185966491,0.7839999794960021,0.763999998569489,99.6,100.0,99.9,100.0,10.8,10.3,9.9,9.4,9.0,79.863,80.189,80.468,80.704,72.41199999999998,72.704,72.977,73.22800000000002,6.504277372000001,6.772782573,6.433612499,6.380959889,6.257181749,401296000000.0,413430000000.0,456295000000.0,506514000000.0,543549000000.0,38916820.0,38662091.0,38490554.0,38907795.0,38989896.0,6.455,6.474,6.423999786,6.072,6.007999999999999
Tunisia,11179949.0,11303946.0,11433443.0,11565204.0,11694719.0,68.5449906792956,68.172120441138,67.8360402898759,67.5142005746377,67.18043417716999,15.2180004119873,15.513999938964801,15.378999710083,15.4589996337891,16.0219993591309,22.4160003662109,23.443000793457,23.121000289917003,23.1310005187988,23.4099998474121,12.5719995498657,12.625,12.581000328064,12.7049999237061,13.383000373840304,99.9,100.0,100.0,99.8,17.2,17.1,17.1,17.0,16.9,77.99,78.165,78.35,78.536,73.903,74.102,74.297,74.493,7.782098015,8.176320864,7.073337201,6.891645835,7.887130631000002,43173480832.0,41801210428.0,39802430355.0,39770297329.0,38796687568.0,3993436.0,4012596.0,4036987.0,4061682.0,4087299.0,4.739,5.045,4.804999828,4.592,4.461
Turkey,78529409.0,79821724.0,81101892.0,82319724.0,83429615.0,66.5313462374332,66.62572399055959,66.7415314649495,66.8673769209477,66.9828933047336,10.236000061035199,10.83899974823,10.819000244140598,10.890000343322802,13.4899997711182,12.562000274658198,13.5959997177124,13.854000091552699,13.734999656677198,16.4220008850098,9.15499973297119,9.52600002288818,9.34099960327148,9.48799991607666,12.046999931335401,100.0,100.0,100.0,100.0,13.0,12.1,11.4,10.7,10.0,79.52199999999998,79.816,80.08800000000002,80.336,73.47,73.82600000000002,74.149,74.447,5.461075788,5.884679814,6.143463838,7.358884887999999,7.808615207000001,864314000000.0,869683000000.0,858989000000.0,778382000000.0,761425000000.0,29780340.0,30831360.0,31954592.0,32826049.0,33368843.0,5.332000000000001,5.388999999999999,5.5,5.483,5.372999999999999
Tanzania,51482633.0,53050790.0,54663906.0,56318348.0,58005463.0,52.7799559125113,52.9287229993725,53.099890214731396,53.3004626710946,53.535652322954505,2.1029999256134,2.07699990272522,2.0329999923706104,1.99000000953674,1.9800000190734897,2.67000007629395,2.6449999809265097,2.59599995613098,2.54800009727478,2.46199989318848,1.5759999752044698,1.5490000247955302,1.50800001621246,1.46899998188019,1.53100001811981,26.52727509,32.8,32.73287201,35.55897903,57.9,55.8,53.8,51.8,50.3,65.127,65.786,66.346,66.824,61.082,61.879,62.581,63.17,6.363378384,6.467470503,6.920059692000001,7.442157014,7.593291474,47378599025.0,49774021003.0,53320625959.0,58001200572.0,63177068175.0,23877145.0,24659135.0,25467538.0,26304005.0,27170342.0,3.781,3.6660000000000004,3.348999977,3.303,3.2310000000000003
Uganda,38225453.0,39647506.0,41162465.0,42723139.0,44269594.0,50.129642675523,50.4247680770889,50.7597569174302,51.1284878975505,51.537434474777406,1.85899996757507,1.8329999446868896,1.78999996185303,1.74899995326996,1.84300005435944,2.38100004196167,2.3289999961853,2.30399990081787,2.24499988555908,2.2960000038147004,1.35699999332428,1.35500001907349,1.29100000858307,1.26600003242493,1.40299999713898,18.5,26.7,31.82337379,42.65,56.1,52.8,50.2,48.0,45.8,63.303,64.018,64.64,65.173,59.31800000000001,59.83,60.27,60.655,6.2658854910000015,6.328030992,6.884761154,7.187999812,8.704515365,32248116584.0,29078719934.0,30756466548.0,32916147253.0,35165157017.0,14078249.0,14657926.0,15285775.0,15935453.0,16658774.0,3.931,3.739,4.0809998510000005,4.1610000000000005,4.189
Ukraine,45154036.0,45004674.0,44831135.0,44622518.0,44385155.0,69.0666495939741,68.67125428353029,68.2158166427496,67.7529003875501,67.3552912355191,9.14000034332275,9.35000038146973,9.51000022888184,8.79899978637695,8.88199996948242,8.076999664306639,7.69299983978271,7.7470002174377415,7.4239997863769505,7.7960000038147,10.0959997177124,10.8339996337891,11.086000442504899,10.0290002822876,9.85200023651123,100.0,100.0,100.0,100.0,9.5,9.2,8.9,8.6,8.4,76.25,76.46,76.78,76.72,66.37,66.73,67.02,66.69,7.553243864,7.779052699,6.955611566,7.64802682,8.121522094,91030959455.0,93355993629.0,112190000000.0,130902000000.0,153781000000.0,20945249.0,20755122.0,20610189.0,20432109.0,20203893.0,4.681,4.324,4.096000195,4.103,4.332
Uruguay,3412009.0,3424132.0,3436646.0,3449299.0,3461734.0,64.4317175013313,64.4669053064298,64.5227418284307,64.5774993948021,64.60068855665979,7.48799991607666,7.84100008010864,7.889999866485598,8.336000442504881,8.73099994659424,8.85599994659424,9.45100021362305,9.48200035095215,10.08899974823,10.6579999923706,6.3649997711181605,6.5,6.56300020217896,6.8730001449585,7.1220002174377415,99.70948,99.7,100.0,100.0,8.8,8.4,8.0,7.5,7.1,80.992,81.115,81.238,81.359,73.529,73.66199999999998,73.805,73.958,5.856927881,5.765246252000001,6.038643064,6.426032759,6.016836572000001,53274304222.0,52687612262.0,59530088537.0,59596885024.0,56045912953.0,1749234.0,1750871.0,1748271.0,1749881.0,1762838.0,6.485,6.545,6.453999996,6.379,6.292999999999999
United States,320635163.0,322941311.0,324985539.0,326687501.0,328239523.0,66.1333886980394,65.9429787679709,65.7221060220984,65.4833059619314,65.24107673258891,5.28000020980835,4.86899995803833,4.355000019073491,3.8959999084472696,3.68199992179871,5.17700004577637,4.788000106811519,4.30800008773804,3.83699989318848,3.6159999370575,5.367000102996831,4.93800020217896,4.39599990844727,3.94600009918213,3.73799991607666,100.0,100.0,100.0,100.0,6.8,6.7,6.7,6.6,6.5,81.2,81.1,81.1,81.1,76.3,76.1,76.1,76.1,9.893989394,9.642237094,9.400246317,9.437197185,9.430630707,18224700000000.0,18715000000000.0,19519400000000.0,20580200000000.0,21433200000000.0,160596354.0,162547573.0,164268059.0,165483017.0,165890069.0,7.119,7.104,6.993000031,6.886,6.892
South Africa,55386367.0,56203654.0,57000451.0,57779622.0,58558270.0,65.6794387687497,65.6644204598072,65.6305615480971,65.6025058468641,65.61641933752479,25.1560001373291,26.551000595092802,27.070999145507802,26.9200000762939,28.1809997558594,27.5429992675781,29.0060005187988,29.297000885009798,29.059999465942397,30.3349990844727,23.2150001525879,24.556999206543,25.238000869751,25.149000167846694,26.391000747680696,85.5,84.2,84.4,91.22987366,37.1,36.2,35.6,35.0,34.5,66.108,66.654,67.064,67.398,59.342,59.803,60.162,60.463,3.338169633,3.277504569,3.1958476910000004,2.98255855,2.767063135,317621000000.0,296357000000.0,349554000000.0,368289000000.0,351432000000.0,21690077.0,22092829.0,22696993.0,22947458.0,23300226.0,4.6419999999999995,4.459,4.828999996,4.724,4.7219999999999995
Zambia,15879361.0,16363507.0,16853688.0,17351822.0,17861030.0,51.75876409636379,52.09097001379539,52.50382425735889,52.9641808172429,53.4221766605845,10.104999542236301,10.8819999694824,11.626000404357901,11.5,11.4250001907349,10.6870002746582,11.628999710083,12.5699996948242,12.447999954223599,12.2370004653931,9.56999969482422,10.190999984741199,10.748000144958501,10.6140003204346,10.664999961853,31.1,35.30733871,40.3,39.81262207,68.5,66.5,64.3,63.3,61.7,64.297,65.168,65.878,66.447,59.105,59.697,60.158,60.533,6.193246393,5.8736165520000005,5.16669085,5.170420234,4.979673187,21243339048.0,20954754378.0,25868165345.0,26312140829.0,23309773923.0,6423437.0,6650519.0,6888188.0,7134980.0,7401485.0,5.129,4.795,4.513999939,4.377,4.107
Zimbabwe,13814629.0,14030390.0,14236745.0,14439018.0,14645468.0,54.60345695856179,54.4731339552859,54.50594050052,54.659410108955,54.861264931922996,5.30200004577637,5.25299978256226,5.1680002212524405,5.086999893188481,4.9539999961853,5.89499998092651,5.84100008010864,5.7389998435974094,5.59800004959106,5.45800018310547,4.68499994277954,4.64200019836426,4.5760002136230495,4.55499982833862,4.43300008773804,33.7,39.92399216,40.48204803,41.04158401,62.0,59.5,58.2,55.9,54.6,60.984,61.719,62.22,62.598,57.778,58.565,59.105,59.50100000000001,9.193971198,7.363047502000001,5.519889771,5.607096172,3.205785124,19963120600.0,20548678100.0,22040902300.0,24311560500.0,21440758800.0,6587744.0,6686030.0,6792647.0,6907202.0,7039493.0,4.61,4.1930000000000005,3.875,3.6919999999999997,3.6630000000000003
