Data Source,World Development Indicators,,,,,,,,,,,,,,,,,,,,,,,,,,,,,,,,,,,,,,,,,,,,,,,,,,,,,,,,,,,,,,,
,,,,,,,,,,,,,,,,,,,,,,,,,,,,,,,,,,,,,,,,,,,,,,,,,,,,,,,,,,,,,,,,
Last Updated Date,12/16/2020,,,,,,,,,,,,,,,,,,,,,,,,,,,,,,,,,,,,,,,,,,,,,,,,,,,,,,,,,,,,,,,
,,,,,,,,,,,,,,,,,,,,,,,,,,,,,,,,,,,,,,,,,,,,,,,,,,,,,,,,,,,,,,,,
Country Name,Country Code,Indicator Name,Indicator Code,1960,1961,1962,1963,1964,1965,1966,1967,1968,1969,1970,1971,1972,1973,1974,1975,1976,1977,1978,1979,1980,1981,1982,1983,1984,1985,1986,1987,1988,1989,1990,1991,1992,1993,1994,1995,1996,1997,1998,1999,2000,2001,2002,2003,2004,2005,2006,2007,2008,2009,2010,2011,2012,2013,2014,2015,2016,2017,2018,2019,2020
Aruba,ABW,Military expenditure (% of general government expenditure),MS.MIL.XPND.ZS,,,,,,,,,,,,,,,,,,,,,,,,,,,,,,,,,,,,,,,,,,,,,,,,,,,,,,,,,,,,,
Afghanistan,AFG,Military expenditure (% of general government expenditure),MS.MIL.XPND.ZS,,,,,,,,,,,,,,,,,,,,,,,,,,,,,,,,,,,,,,,,,,,,,16.134336,12.68975795,10.36038171,11.94840462,11.16540879,9.860389375,9.354596133,8.302760046,4.696372865,4.311764354,5.10979266,3.833142187,3.680251052,3.65259209,3.724855275,4.16099487,
Angola,AGO,Military expenditure (% of general government expenditure),MS.MIL.XPND.ZS,,,,,,,,,,,,,,,,,,,,,,,,,,,,,,,,,,,,,6.032920354,13.87546419,6.233867661,27.37551734,12.88332161,10.78863067,9.19173249,10.93456472,11.64700144,13.91893868,12.29088612,8.167255331,6.784490291,10.46415879,10.60449054,8.704542555,8.698622879,12.02507254,12.88774297,11.47984953,12.39996009,10.53525327,9.503921697,8.871212435,
Albania,ALB,Military expenditure (% of general government expenditure),MS.MIL.XPND.ZS,,,,,,,,,,,,,,,,,,,,,,,,,,,,,,,,,,,,,,,,,,,,,,4.734375202,5.428988625,6.226081057,6.256197865,4.642727214,5.303741525,5.283864502,5.267900096,4.826485536,4.243784983,3.826274162,3.78723434,3.8051811,3.991300876,4.289390567,
Andorra,AND,Military expenditure (% of general government expenditure),MS.MIL.XPND.ZS,,,,,,,,,,,,,,,,,,,,,,,,,,,,,,,,,,,,,,,,,,,,,,,,,,,,,,,,,,,,,
Arab World,ARB,Military expenditure (% of general government expenditure),MS.MIL.XPND.ZS,,,,,,,,,,,,,,,,,,,,,,,,,,,,,,,,31.5656092,24.31814482,24.53691175,24.08626754,22.80801446,21.35133969,22.79490016,27.62995694,25.45591104,,22.81289889,19.81217485,19.2846845,18.30473634,18.42213828,18.4123046,17.67357854,16.02637989,15.82981583,15.82152429,14.98302841,15.50879453,17.14815384,17.92415894,21.7379976,17.82777111,20.66692998,18.3851183,15.79624784,
United Arab Emirates,ARE,Military expenditure (% of general government expenditure),MS.MIL.XPND.ZS,,,,,,,,,,,,,,,,,,,,,,,,,,,,,,,,,,,,,,19.15982164,20.6072478,20.65200064,26.18588227,22.24508985,22.85465218,23.40297725,26.04258772,23.22490448,20.64326338,18.58166292,16.71083883,15.59309551,18.74156373,17.54851406,17.4275929,19.91488852,17.03876785,,,,,,
Argentina,ARG,Military expenditure (% of general government expenditure),MS.MIL.XPND.ZS,,,,,,,,,,,,,,,,,,,,,,,,,,,,,,,,,,,,5.76284549,4.893382779,4.514968764,4.39388452,4.285201194,4.069803677,4.007102469,4.468856795,4.307951563,3.835481561,3.468317778,2.961427447,2.682003901,2.479514107,2.56776862,2.442821629,2.189814614,2.131435978,2.227848986,2.260063886,2.055121809,1.948954748,2.061587616,1.900613417,1.865128104,
Armenia,ARM,Military expenditure (% of general government expenditure),MS.MIL.XPND.ZS,,,,,,,,,,,,,,,,,,,,,,,,,,,,,,,,,,,,,,,,,,,,,,14.4528086,14.73773176,13.57100469,15.2706603,14.5588155,16.28077049,15.4377929,15.98840553,16.79748287,16.43710151,16.09987433,15.12266232,14.79147635,20.85990446,19.76987499,
American Samoa,ASM,Military expenditure (% of general government expenditure),MS.MIL.XPND.ZS,,,,,,,,,,,,,,,,,,,,,,,,,,,,,,,,,,,,,,,,,,,,,,,,,,,,,,,,,,,,,
Antigua and Barbuda,ATG,Military expenditure (% of general government expenditure),MS.MIL.XPND.ZS,,,,,,,,,,,,,,,,,,,,,,,,,,,,,,,,,,,,,,,,,,,,,,,,,,,,,,,,,,,,,
Australia,AUS,Military expenditure (% of general government expenditure),MS.MIL.XPND.ZS,,,,,,,,,,,,,,,,,,,,,,,,,,,,,7.043515157,6.915018271,6.791905229,6.549262014,6.362019335,6.381093534,6.260891976,6.004087296,5.761081646,5.686301618,5.388234846,5.208765829,5.182884007,5.233755852,5.354593312,5.281482376,5.235224825,5.199497282,5.264887018,5.284417927,5.126110534,5.091182864,5.020280657,4.836930627,4.568986829,4.494058022,4.810116152,5.222437611,5.577905241,5.441281916,5.163764573,5.116305254,
Austria,AUT,Military expenditure (% of general government expenditure),MS.MIL.XPND.ZS,,,,,,,,,,,,,,,,,,,,,,,,,,,,,2.702750198,2.635711271,2.545085487,2.411183789,2.239021067,2.057513723,2.026279164,1.90122555,1.86221023,1.946116889,1.83072183,1.944474241,1.931590281,1.765043486,1.68193442,1.823184374,1.657907677,1.661921982,1.559829535,1.828642124,1.745914732,1.539275409,1.554324604,1.554067325,1.520050002,1.453745547,1.429112312,1.368125644,1.458757239,1.543738617,1.53307127,1.51366063,
Azerbaijan,AZE,Military expenditure (% of general government expenditure),MS.MIL.XPND.ZS,,,,,,,,,,,,,,,,,,,,,,,,,,,,,,,,,,,8.023255814,14.67336683,11.40740741,11.50470219,13.38709677,13.46467391,12.42740999,13.77802691,9.693513899,11.20155039,10.85672798,10.2201278,13.50832806,10.98742053,10.46834139,9.636955637,8.733328421,13.84348321,12.71589549,12.01947136,12.52259387,14.12855377,10.42615896,10.55362493,10.74785436,11.32174413,
Burundi,BDI,Military expenditure (% of general government expenditure),MS.MIL.XPND.ZS,,,,,,,,,,,,,,,,,,,,,,,,,,,,,,,17.28187748,16.37925576,11.85305193,13.82759866,20.10518721,16.36199574,20.60140926,29.11908101,28.33899036,24.7561304,19.72922448,23.90261577,22.60864862,15.17342907,12.01665791,13.3852762,9.628083865,8.763184132,6.610091067,,,,6.731225018,7.139677937,6.668515777,8.101861409,9.996469158,8.579980099,8.430620873,7.776223156,
Belgium,BEL,Military expenditure (% of general government expenditure),MS.MIL.XPND.ZS,,,,,,,,,,,,,,,,,,,,,,,,,,,,,4.636414427,4.468320858,4.277835842,4.060934242,3.235935841,3.004207967,3.029722045,2.932851035,2.862682341,2.821841612,2.781086051,2.762185149,2.734241774,2.595153592,2.455663668,2.395735953,2.348667287,2.114283227,2.16969628,2.268518519,2.414240537,2.142259591,2.033376123,1.91407006,1.858378873,1.809764694,1.7694353,1.715341189,1.707013038,1.717443054,1.737888599,1.791722185,
Benin,BEN,Military expenditure (% of general government expenditure),MS.MIL.XPND.ZS,,,,,,,,,,,,,,,,,,,,,,,,,,,,,,10.46518314,9.239343991,,,,,,,,,4.516935424,2.639473179,2.317345131,4.074978526,4.729118575,5.061166462,4.816420069,5.118655558,,4.563475194,,,,4.931580267,4.614196726,4.927569783,4.3987447,4.366126549,5.176355784,3.822931949,2.859603506,
Burkina Faso,BFA,Military expenditure (% of general government expenditure),MS.MIL.XPND.ZS,,,,,,,,,,,,,,,,,,,,,,,,,,,,,13.88680537,18.83482963,17.15413133,14.03639383,13.84290683,9.415325793,7.961594783,7.087144921,6.463926189,6.992550603,6.342017088,5.758135888,6.244198398,5.877563815,6.051090832,6.097434943,5.958411319,5.944976533,5.075038518,6.198865627,6.68571414,6.286339223,5.655888666,5.631745928,5.18806566,4.893354701,6.079699492,6.143704662,5.387174482,5.195314408,7.949459818,9.014804814,
Bangladesh,BGD,Military expenditure (% of general government expenditure),MS.MIL.XPND.ZS,,,,,,,,,,,,,,,,,,,,,,,,,,,,,10.33377376,10.45006222,10.28200638,10.4265603,11.58163182,11.15832048,11.82607834,11.44235785,11.9872759,12.26546848,12.3268919,14.15816219,12.3096971,10.5139682,10.12357234,9.875972698,10.10515122,9.479220273,9.774356132,10.35751511,8.130350288,9.729387564,11.17228305,10.45518402,9.945240399,9.131855835,9.72598843,10.51397839,10.92106449,9.782484547,9.573014438,9.711647448,
Bulgaria,BGR,Military expenditure (% of general government expenditure),MS.MIL.XPND.ZS,,,,,,,,,,,,,,,,,,,,,,,,,,,,,,,,,,,,,,,6.964682638,7.244616234,7.143541128,7.847474122,7.925349402,7.524994276,6.858345021,6.567929009,6.405326293,6.72976315,6.372850753,5.1509266,4.753255787,4.112178374,4.089454491,4.099400171,3.531824883,3.337620002,3.800916579,3.815981513,4.222775952,8.407620254,
Bahrain,BHR,Military expenditure (% of general government expenditure),MS.MIL.XPND.ZS,,,,,,,,,,,,,,,,,,,,,,,,,,,,,,,14.28571429,16.98113208,16.74641148,16.77316294,16.28614916,17.09145427,19.29824561,13.61079865,17.58865248,17.01863354,17.15374841,14.64435146,14.52173913,15.91468417,15.52795031,12.90106952,12.86650775,12.66247379,11.84164479,14.08412483,11.48188406,12.94039294,12.04607046,12.06428571,15.5508831,12.67118486,13.30077538,13.34645669,12.00668896,12.08142726,
"Bahamas, The",BHS,Military expenditure (% of general government expenditure),MS.MIL.XPND.ZS,,,,,,,,,,,,,,,,,,,,,,,,,,,,,,,,,,,,,,,,,,,,,,,,,,,,,,,,,,,,,
Bosnia and Herzegovina,BIH,Military expenditure (% of general government expenditure),MS.MIL.XPND.ZS,,,,,,,,,,,,,,,,,,,,,,,,,,,,,,,,,,,,,,,,,,,7.5526538,5.033630098,4.320630569,3.467684478,3.134580703,2.73448445,2.523019601,2.810811033,2.58874452,2.450069861,2.444064763,2.416569816,2.22141048,2.303639878,2.213505588,2.124318395,2.079549267,2.26081673,
Belarus,BLR,Military expenditure (% of general government expenditure),MS.MIL.XPND.ZS,,,,,,,,,,,,,,,,,,,,,,,,,,,,,,,,,,,,,,,,,,32.80212483,30.93829248,28.85783718,29.84615385,32.21010902,35.0219695,32.44939271,23.42896175,25.67714713,30.26604897,30.38933764,31.98342567,31.50362036,33.0248578,30.68832379,31.07331469,29.6190234,31.99163575,31.79736078,
Belize,BLZ,Military expenditure (% of general government expenditure),MS.MIL.XPND.ZS,,,,,,,,,,,,,,,,,,,,,,,,,,,,,,,,,,,,,4.685808824,5.399425287,,,2.700616698,2.460284653,2.60130814,2.647747678,2.98776378,3.433000801,3.820540435,3.384766298,4.836624677,4.366001896,3.754528764,3.576856148,3.458892045,3.770705196,3.757900943,3.227107201,3.46851238,3.530886538,3.846175373,3.71649004,
Bermuda,BMU,Military expenditure (% of general government expenditure),MS.MIL.XPND.ZS,,,,,,,,,,,,,,,,,,,,,,,,,,,,,,,,,,,,,,,,,,,,,,,,,,,,,,,,,,,,,
Bolivia,BOL,Military expenditure (% of general government expenditure),MS.MIL.XPND.ZS,,,,,,,,,,,,,,,,,,,,,,,,,,,,,8.428295503,8.835354665,12.36450602,11.11830955,9.924392876,7.050541516,8.407462485,8.131167268,7.627902219,8.039568651,8.978480832,7.264762039,7.037180582,7.087672349,6.095808383,6.70777155,5.951554174,5.341889037,5.254603244,5.165244537,5.553617071,5.567084079,5.289776652,4.763307982,5.121209246,4.790183989,4.385073053,3.910798584,4.077058528,3.980244705,4.142404083,3.895864927,
Brazil,BRA,Military expenditure (% of general government expenditure),MS.MIL.XPND.ZS,,,,,,,,,,,,,,,,,,,,,,,,,,,,,,,,,,,,,4.32646869,4.087180115,4.064239474,4.156429252,5.019227513,5.387014698,4.871548802,3.667844834,3.828437605,3.832980316,3.778855521,3.89783751,3.854296405,4.147348416,3.85891439,3.757370254,3.703275981,3.550316308,3.453665146,3.548477973,3.400787852,3.694155806,3.918640612,3.855655322,
Barbados,BRB,Military expenditure (% of general government expenditure),MS.MIL.XPND.ZS,,,,,,,,,,,,,,,,,,,,,,,,,,,,,,,,,,,,,,,,,,,,,,,,,,,,,,,,,,,,,
Brunei Darussalam,BRN,Military expenditure (% of general government expenditure),MS.MIL.XPND.ZS,,,,,,,,,,,,,,,,,,,,,,,,,,,,,13.23258386,12.51292658,14.6914446,15.24083393,13.3507001,11.03005544,9.272137228,9.086829706,12.36645299,13.44455348,12.10034432,10.12950971,9.795253606,9.885931559,8.432229856,10.84398977,6.894435352,8.10162522,8.249292286,8.119373124,8.353688324,8.442582144,7.878586217,7.547306081,6.966246442,6.781533605,9.055179418,8.47865765,8.99423108,7.832884427,8.199107901,9.453375668,
Bhutan,BTN,Military expenditure (% of general government expenditure),MS.MIL.XPND.ZS,,,,,,,,,,,,,,,,,,,,,,,,,,,,,,,,,,,,,,,,,,,,,,,,,,,,,,,,,,,,,
Botswana,BWA,Military expenditure (% of general government expenditure),MS.MIL.XPND.ZS,,,,,,,,,,,,,,,,,,,,,,,,,,,,,10.0248538,9.589236111,10.27208481,10.42048175,9.984113268,10.20170068,10.31923771,9.138265103,7.795295295,8.080184777,8.631543321,7.587808418,8.169209431,8.986357984,9.004296626,9.154583436,8.478110798,8.226519964,8.071135431,7.578656891,6.455903272,5.98189415,6.165890101,6.425209476,6.113756874,6.16762521,6.147160035,7.141478745,9.964904487,9.271059887,8.455170233,8.586335558,
Central African Republic,CAF,Military expenditure (% of general government expenditure),MS.MIL.XPND.ZS,,,,,,,,,,,,,,,,,,,,,,,,,,,,,,,,6.795293593,7.033569046,7.176235422,5.606249528,5.639133643,10.31086285,,,,,,6.533857549,10.29338931,8.831407447,6.745184681,,8.460877678,9.670632419,10.91900261,13.96318603,14.46821591,11.74574127,21.15004958,11.26569211,11.28142857,12.16001467,9.685870152,8.235688306,8.047559927,
Canada,CAN,Military expenditure (% of general government expenditure),MS.MIL.XPND.ZS,,,,,,,,,,,,,,,,,,,,,,,,,,,,,4.340826559,4.186889011,3.981908637,3.59879493,3.456985014,3.444890848,3.369516493,3.172712868,2.978952707,2.790856969,2.815580948,2.897315014,2.747572426,2.757412336,2.764948287,2.760815105,2.821511514,2.874060682,2.903522128,3.078451539,3.212136823,3.172574511,2.773406684,2.870198259,2.732734781,2.508379903,2.579913567,2.880447132,2.867097411,3.357385163,3.265359961,3.150310098,
Central Europe and the Baltics,CEB,Military expenditure (% of general government expenditure),MS.MIL.XPND.ZS,,,,,,,,,,,,,,,,,,,,,,,,,,,,,,,,,,,,5.39474089,4.985182853,5.147635472,4.798682229,4.58886318,4.430455828,4.422893639,4.338707765,4.291977611,4.203991653,4.255992324,4.063691493,4.063554859,3.697314019,3.46525575,3.342679784,3.286096642,3.323879125,3.283089109,3.415090509,3.718348921,3.749906926,3.895412941,4.166583586,4.466742822,
Switzerland,CHE,Military expenditure (% of general government expenditure),MS.MIL.XPND.ZS,,,,,,,,,,,,,,,,,,,,,,,,,,,,,5.420685444,5.387557968,5.567851708,5.116861658,4.77385904,4.137460455,4.026789894,4.099773852,3.81821229,3.641410374,3.562913628,3.210971783,3.151658136,3.08528865,2.755545743,2.740237437,2.648020518,2.592010705,2.486640414,2.456042585,2.431382859,2.324160632,2.202561787,2.225054405,2.136474371,2.20566333,1.99098263,2.02470032,2.069992007,2.066638549,2.034349763,2.236005421,
Channel Islands,CHI,Military expenditure (% of general government expenditure),MS.MIL.XPND.ZS,,,,,,,,,,,,,,,,,,,,,,,,,,,,,,,,,,,,,,,,,,,,,,,,,,,,,,,,,,,,,
Chile,CHL,Military expenditure (% of general government expenditure),MS.MIL.XPND.ZS,,,,,,,,,,,,,,,,,,,,,,,,,,,,,,,14.85286221,12.82107962,12.06296652,12.25623757,12.38323374,12.70578582,11.74370186,12.01875152,11.76057629,11.40736735,11.75607481,11.41891733,10.91109416,12.16551844,13.02994613,12.51791223,13.37992791,12.07348765,11.85645071,9.11489368,9.600976245,9.89198869,8.861279143,8.61577946,8.246807117,7.630095317,7.585342165,7.612478746,7.334562317,7.17815664,
China,CHN,Military expenditure (% of general government expenditure),MS.MIL.XPND.ZS,,,,,,,,,,,,,,,,,,,,,,,,,,,,,,13.38489248,13.96719585,14.47359756,17.1101275,15.05579812,14.35034075,15.42852257,15.25425377,14.45887051,13.43870236,12.85911436,11.69191317,11.98481017,11.87398319,11.63016226,11.58248752,10.97671859,10.95632439,10.53803234,8.375975063,8.091910287,7.642044825,6.790294665,6.545365377,6.542679792,6.579885385,6.099575261,6.044202883,5.892041859,5.562071401,5.403820141,
Cote d'Ivoire,CIV,Military expenditure (% of general government expenditure),MS.MIL.XPND.ZS,,,,,,,,,,,,,,,,,,,,,,,,,,,,,,,,,,,,,,3.804333433,,,,,,7.942918772,8.114124394,7.781788725,7.51364872,7.753681874,7.551344112,8.701462103,7.791687649,7.630900685,6.818676746,6.274811081,7.018586854,7.537706205,7.127169957,5.345859893,5.931704138,5.193915324,
Cameroon,CMR,Military expenditure (% of general government expenditure),MS.MIL.XPND.ZS,,,,,,,,,,,,,,,,,,,,,,,,,,,,,,,,,,,,,,,,,8.008972866,7.778867685,8.500389008,8.986489424,8.774830581,9.205223203,9.835149872,9.222706857,7.890882191,8.392637821,8.483789095,6.364793507,6.852450872,6.065427448,5.528944367,5.475639678,5.67975907,5.920127784,5.993627302,6.019748518,
"Congo, Dem. Rep.",COD,Military expenditure (% of general government expenditure),MS.MIL.XPND.ZS,,,,,,,,,,,,,,,,,,,,,,,,,,,,,,,,,,,,,16.05734767,12.66973533,3.471208435,12.16457236,8.87128834,,,9.586876183,17.93904711,15.82334252,15.6687418,12.59631706,6.927662342,5.262691131,5.349787359,6.608046984,8.259876318,8.989951164,5.139214251,7.518943013,7.36443336,7.417094005,5.589460173,6.446218893,
"Congo, Rep.",COG,Military expenditure (% of general government expenditure),MS.MIL.XPND.ZS,,,,,,,,,,,,,,,,,,,,,,,,,,,,,,,,,11.68659539,11.09758717,,,,,,,,6.163423139,6.607581019,9.004176386,10.00518048,6.861640555,5.893043338,6.704608539,7.408298218,,7.229489022,,,4.822828389,8.114020485,,11.84026286,11.94529299,11.11707348,11.34089135,
Colombia,COL,Military expenditure (% of general government expenditure),MS.MIL.XPND.ZS,,,,,,,,,,,,,,,,,,,,,,,,,,,,,10.86022221,8.877802811,9.100718692,8.977051731,9.748654756,10.80205327,10.20486047,10.67696609,14.84106535,8.958094533,10.93292276,11.14378757,11.47224196,12.07032489,12.24904329,12.44373773,13.11461136,13.03851198,11.58612856,11.65572553,13.92629544,13.08629765,12.35314386,10.69949325,11.20234082,11.33611875,10.56531497,10.52827023,11.07103749,11.41650961,10.89636232,11.03261048,
Comoros,COM,Military expenditure (% of general government expenditure),MS.MIL.XPND.ZS,,,,,,,,,,,,,,,,,,,,,,,,,,,,,,,,,,,,,,,,,,,,,,,,,,,,,,,,,,,,,
Cabo Verde,CPV,Military expenditure (% of general government expenditure),MS.MIL.XPND.ZS,,,,,,,,,,,,,,,,,,,,,,,,,,,,,,,,,,,1.58766032,2.445150707,1.791622131,1.934569027,2.334527825,2.081909891,2.738343538,2.426661006,1.82692971,2.234084618,1.945736697,1.936060671,1.693699658,1.778469405,1.987630991,1.468904158,1.264213184,1.572052402,1.60227033,1.566938972,1.773926341,1.777506161,2.064144569,1.681427264,1.746705991,1.430833109,
Costa Rica,CRI,Military expenditure (% of general government expenditure),MS.MIL.XPND.ZS,,,,,,,,,,,,,,,,,,,,,,,,,,,,,,,0,0,0,0,0,0,0,0,0,0,0,0,0,0,0,0,0,0,0,0,0,0,0,0,0,0,0,0,0,0,
Caribbean small states,CSS,Military expenditure (% of general government expenditure),MS.MIL.XPND.ZS,,,,,,,,,,,,,,,,,,,,,,,,,,,,,,,,,,,,,,,,,,,,,,,,,,,,,,,,,,,,,
Cuba,CUB,Military expenditure (% of general government expenditure),MS.MIL.XPND.ZS,,,,,,,,,,,,,,,,,,,,,,,,,,,,,,,,,,,,,,,,,,,,,,,,,,,,,,,,,,,,,
Curacao,CUW,Military expenditure (% of general government expenditure),MS.MIL.XPND.ZS,,,,,,,,,,,,,,,,,,,,,,,,,,,,,,,,,,,,,,,,,,,,,,,,,,,,,,,,,,,,,
Cayman Islands,CYM,Military expenditure (% of general government expenditure),MS.MIL.XPND.ZS,,,,,,,,,,,,,,,,,,,,,,,,,,,,,,,,,,,,,,,,,,,,,,,,,,,,,,,,,,,,,
Cyprus,CYP,Military expenditure (% of general government expenditure),MS.MIL.XPND.ZS,,,,,,,,,,,,,,,,,,,,,,,,,,,,,,,,,,,,9.892933619,13.78910776,16.36998255,13.7399679,8.053892216,8.070175439,8.827856793,5.691788526,4.915188897,5.06163616,5.133435322,4.856230032,4.484645789,4.264280798,4.337210789,4.443622921,4.130460802,3.950042855,3.817116524,3.826475596,4.236423556,3.832113646,4.366876885,4.092220896,4.331120232,
Czech Republic,CZE,Military expenditure (% of general government expenditure),MS.MIL.XPND.ZS,,,,,,,,,,,,,,,,,,,,,,,,,,,,,,,,,,,,3.367353987,4.016530166,3.812318607,4.167724935,4.494557553,4.582870803,4.053473131,4.071176373,3.835771226,4.027037624,4.234568044,3.810535996,3.544121242,3.047009104,2.983128918,2.766765203,2.522310987,2.407416842,2.408660708,2.293891224,2.284660221,2.538239864,2.487388101,2.722267547,2.879185519,
Germany,DEU,Military expenditure (% of general government expenditure),MS.MIL.XPND.ZS,,,,,,,,,,,,,,,,,,,,,,,,,,,,,,,,4.352215379,3.979523907,3.563250351,3.26431904,2.762400023,3.021759444,2.957408634,2.941090948,2.947989835,2.901378823,2.845656768,2.833057953,2.780938024,2.765536005,2.731763644,2.691957882,2.769398976,2.817946294,2.816219197,2.743199108,2.760799131,2.806741825,2.674303388,2.569663978,2.501352548,2.587069908,2.619571408,2.643814349,2.828421478,
Djibouti,DJI,Military expenditure (% of general government expenditure),MS.MIL.XPND.ZS,,,,,,,,,,,,,,,,,,,,,,,,,,,,,,,16.22224178,17.6706199,14.36193223,13.43930284,14.38094485,15.68639141,14.93626645,15.04591251,15.39759271,14.99102277,14.36219103,15.32119808,16.9727432,18.33074016,14.95281425,17.18366643,19.22026865,10.90962441,9.107965302,,,,,,,,,,,,
Dominica,DMA,Military expenditure (% of general government expenditure),MS.MIL.XPND.ZS,,,,,,,,,,,,,,,,,,,,,,,,,,,,,,,,,,,,,,,,,,,,,,,,,,,,,,,,,,,,,
Denmark,DNK,Military expenditure (% of general government expenditure),MS.MIL.XPND.ZS,,,,,,,,,,,,,,,,,,,,,,,,,,,,,3.64210384,3.519203169,3.488035733,3.465595484,3.29377876,3.158768534,2.936257422,2.87960014,2.835966829,2.890419681,2.902823674,2.869541328,2.766243222,2.900180632,2.834105742,2.734654791,2.686367446,2.559426688,2.764396981,2.636034502,2.687926355,2.38816149,2.467870332,2.327745937,2.332535395,2.198573462,2.081348942,2.038316716,2.187024498,2.240161544,2.524061752,2.56864961,
Dominican Republic,DOM,Military expenditure (% of general government expenditure),MS.MIL.XPND.ZS,,,,,,,,,,,,,,,,,,,,,,,,,,,,,,,,,,,,,,5.641651574,5.864225856,5.789929839,7.085468441,7.712845074,6.683058376,4.018959011,4.026400576,5.061802136,4.229254054,3.856830449,3.827371373,4.107899999,4.225192533,3.780833111,3.246661528,3.458436363,3.83419269,3.864428492,3.739575176,3.863918243,4.207853331,3.994129183,
Algeria,DZA,Military expenditure (% of general government expenditure),MS.MIL.XPND.ZS,,,,,,,,,,,,,,,,,,,,,,,,,,,,,,,5.682615406,4.356299295,7.450020083,7.63411561,10.1321729,9.98956008,10.97405635,11.9647987,12.81751755,11.75622631,12.01709161,12.22570604,10.79421093,10.09628972,10.67413622,10.45512375,9.162891039,8.795526173,7.970411241,9.034169239,9.444183266,10.78104657,10.24518668,13.38797247,13.66434483,13.68705193,15.32439766,15.35567508,14.47391769,15.53483402,
East Asia & Pacific (excluding high income),EAP,Military expenditure (% of general government expenditure),MS.MIL.XPND.ZS,,,,,,,,,,,,,,,,,,,,,,,,,,,,,,,12.91259485,13.58997566,15.61807298,13.02795447,12.83358001,13.83853997,13.58158581,12.81205514,12.20774256,11.54974768,10.71397368,10.89946425,10.7259484,10.60330647,10.47608967,10.00046928,9.936848221,9.726793991,7.962967385,7.699816917,7.243661145,6.575266456,6.33100549,6.416414874,6.426263145,6.064597211,6.000496469,5.876971234,5.4941324,5.352382163,
Early-demographic dividend,EAR,Military expenditure (% of general government expenditure),MS.MIL.XPND.ZS,,,,,,,,,,,,,,,,,,,,,,,,,,,,,,,,,,,,11.50946145,11.17321977,11.98637276,13.65652872,12.24559102,10.95679853,10.5332052,10.03882841,9.837801097,9.993880266,10.01075484,9.943251625,9.532270495,8.905399302,9.360708022,9.029300725,8.509550879,8.839145499,9.167655122,9.798410134,10.69683068,9.466938322,10.08293421,9.65725895,8.681795698,
East Asia & Pacific,EAS,Military expenditure (% of general government expenditure),MS.MIL.XPND.ZS,,,,,,,,,,,,,,,,,,,,,,,,,,,,,4.188705896,5.020639019,5.435961825,5.31258691,5.451318686,5.027220346,4.928625824,5.847486395,6.158710856,6.302008512,5.758147958,5.741398724,5.326656349,5.714983147,5.906912284,5.788050227,5.813572501,6.035112447,6.382715634,6.677255796,5.968373034,5.688691684,5.705565021,5.46806489,5.372558479,5.641342927,5.817105416,5.742981149,5.634765554,5.642512742,5.433616663,6.210799663,
Europe & Central Asia (excluding high income),ECA,Military expenditure (% of general government expenditure),MS.MIL.XPND.ZS,,,,,,,,,,,,,,,,,,,,,,,,,,,,,,,,,,,,,,,,,9.522432444,10.32976002,10.2226172,10.01217883,9.797796653,9.867537314,9.800608789,8.904245006,8.651406618,8.783401836,8.746663859,8.925643038,9.22636553,9.422217029,9.851705301,10.5789095,11.08233753,9.877055458,9.935255603,10.21396974,
Europe & Central Asia,ECS,Military expenditure (% of general government expenditure),MS.MIL.XPND.ZS,,,,,,,,,,,,,,,,,,,,,,,,,,,,,5.96160425,5.795068329,5.46291814,5.107076312,4.683332795,4.381258373,4.267714212,3.933395435,4.013124309,4.060210531,4.096814443,4.099098201,4.259283454,4.235242287,4.232034903,4.166700136,4.159765146,4.150423494,4.158693334,4.113996181,4.070768549,3.941238874,3.909188088,3.92936603,4.022137419,3.991941468,3.905848036,3.87692428,3.953429579,3.89159474,3.887690175,4.041233839,
Ecuador,ECU,Military expenditure (% of general government expenditure),MS.MIL.XPND.ZS,,,,,,,,,,,,,,,,,,,,,,,,,,,,,,,,,,,,9.844559585,8.013004399,8.789853796,9.697933227,6.494076349,6.254408653,7.76228017,8.196721311,11.21906786,9.475510476,10.74324324,9.568896052,10.64607883,7.563990625,9.456574478,8.680512374,7.841802493,7.31699158,6.575395967,6.283585893,6.592999645,6.521017125,6.467344205,6.347159289,6.550753876,
"Egypt, Arab Rep.",EGY,Military expenditure (% of general government expenditure),MS.MIL.XPND.ZS,,,,,,,,,,,,,,,,,,,,,,,,,,,,,,,,,,,,,,,,,,,10.60178083,10.37041443,9.554096611,8.954877317,7.545411186,7.612186295,6.671410099,6.249267051,6.228021888,6.013473778,5.344905377,4.650594104,4.73653318,5.227304324,5.091340831,4.417647133,4.151708858,4.201154085,
Euro area,EMU,Military expenditure (% of general government expenditure),MS.MIL.XPND.ZS,,,,,,,,,,,,,,,,,,,,,,,,,,,,,5.066395097,4.918214553,4.589392719,4.380450038,4.091597362,3.866785741,3.77540599,3.451514877,3.561298911,3.567309716,3.527659551,3.549805668,3.536275921,3.43994058,3.384879526,3.361773172,3.371395801,3.294207154,3.227239622,3.184620395,3.172242953,3.10004581,2.978473676,2.916967485,2.864334647,2.772828276,2.702569976,2.693145498,2.798564468,2.841289997,2.854655069,2.947897179,
Eritrea,ERI,Military expenditure (% of general government expenditure),MS.MIL.XPND.ZS,,,,,,,,,,,,,,,,,,,,,,,,,,,,,,,,,,41.00380228,32.61710037,31.09362389,38.29509494,25.48011249,47.72491989,41.88476746,44.03411345,32.0612766,33.04648241,31.13802051,,,,,,,,,,,,,,,,,
Spain,ESP,Military expenditure (% of general government expenditure),MS.MIL.XPND.ZS,,,,,,,,,,,,,,,,,,,,,,,,,,,,,6.133594511,5.606502109,5.315244405,4.753091809,4.430932017,4.105971099,4.229487974,4.210138095,4.098742891,4.027869666,4.081455707,4.395323067,4.405396543,4.246158364,3.771132382,3.711097598,3.688930971,3.607964728,3.563780303,3.475649162,3.303150489,2.940309958,3.01753237,2.887941507,2.934783087,2.778935903,2.781979442,2.896786817,2.683963953,2.990632176,3.022984065,2.983786054,
Estonia,EST,Military expenditure (% of general government expenditure),MS.MIL.XPND.ZS,,,,,,,,,,,,,,,,,,,,,,,,,,,,,,,,,,,,2.352473498,2.241912799,2.872405372,2.715365239,3.148249204,3.783073497,4.288052373,4.617028856,4.954308094,4.95049505,4.297962338,4.147991307,4.908317667,4.47264735,3.902986458,4.204318778,4.488618147,4.823379203,4.958791209,5.084299262,5.106902871,5.258852402,5.164977356,5.066035876,5.327272727,
Ethiopia,ETH,Military expenditure (% of general government expenditure),MS.MIL.XPND.ZS,,,,,,,,,,,,,,,,,,,,,,,,,,,,,26.01164929,28.22313329,30.77163416,22.58403795,17.01783591,15.69745162,11.45475049,9.008002867,7.879144595,15.09833283,28.80473164,36.16539407,29.53037709,19.2335197,14.84201691,12.07913306,13.27337418,12.06454501,10.27121191,9.079661446,7.943088564,6.923529615,6.133034275,5.983661558,5.215927084,4.541704292,4.395003019,4.071486697,3.816043832,3.651966584,3.973219201,3.894586174,
European Union,EUU,Military expenditure (% of general government expenditure),MS.MIL.XPND.ZS,,,,,,,,,,,,,,,,,,,,,,,,,,,,,4.949377022,4.804742467,4.559004279,4.349496232,4.051338482,3.841471815,3.755765672,3.512178283,3.599575061,3.614676191,3.575936236,3.587596873,3.570457647,3.47708793,3.412935728,3.378648081,3.373046691,3.311854569,3.242996313,3.208562752,3.164150384,3.076538851,2.970684723,2.905292343,2.860405949,2.774293902,2.723967157,2.734584977,2.82202927,2.871950217,2.916084798,3.030136145,
Fragile and conflict affected situations,FCS,Military expenditure (% of general government expenditure),MS.MIL.XPND.ZS,,,,,,,,,,,,,,,,,,,,,,,,,,,,,,,,,,,,,,,,,,,,10.29560301,8.207860226,7.416272434,7.39560753,6.531306962,,,,,,,,9.243161329,8.159351717,9.140187992,7.78277367,6.961020545,
Finland,FIN,Military expenditure (% of general government expenditure),MS.MIL.XPND.ZS,,,,,,,,,,,,,,,,,,,,,,,,,,,,,3.15285703,3.170379948,3.215111256,3.088826989,3.033359193,2.847758674,2.736397815,2.372089875,2.61878416,2.794949362,2.848963219,2.450551706,2.642334854,2.472701708,2.430583158,2.993634679,3.045662778,2.977544172,2.988710315,2.758349017,2.890481086,2.861555171,2.739627271,2.754375806,2.733077451,2.679617295,2.515933969,2.559285237,2.555868234,2.520523557,2.564557064,2.785390638,
Fiji,FJI,Military expenditure (% of general government expenditure),MS.MIL.XPND.ZS,,,,,,,,,,,,,,,,,,,,,,,,,,,,,,,,,6.944024206,7.027027027,7.011379801,7.021582734,5.398126464,4.690451207,4.701570681,4.885416667,7.067357513,6.91026827,5.652173913,5.75732899,6.609616952,5.673151751,6.477508651,8.793352601,6.210909091,6.296296296,5.969135802,5.879180151,5.397148676,5.107398568,5.294486122,3.055214592,4.033687346,4.77852239,4.593931159,5.021123491,
France,FRA,Military expenditure (% of general government expenditure),MS.MIL.XPND.ZS,,,,,,,,,,,,,,,,,,,,,,,,,,,,,5.877780443,5.849116773,5.622724773,5.511945174,5.142676023,4.898759129,4.896963771,4.572606792,4.422954445,4.379563304,4.227793239,4.159166823,4.036642476,3.92645352,3.875838638,3.93403525,3.971608164,3.797244533,3.735360197,3.628858983,3.559488328,3.671180073,3.462302302,3.360069663,3.276431365,3.232476943,3.256151266,3.296370272,3.388014161,3.388540846,3.303087775,3.337311376,
Faroe Islands,FRO,Military expenditure (% of general government expenditure),MS.MIL.XPND.ZS,,,,,,,,,,,,,,,,,,,,,,,,,,,,,,,,,,,,,,,,,,,,,,,,,,,,,,,,,,,,,
"Micronesia, Fed. Sts.",FSM,Military expenditure (% of general government expenditure),MS.MIL.XPND.ZS,,,,,,,,,,,,,,,,,,,,,,,,,,,,,,,,,,,,,,,,,,,,,,,,,,,,,,,,,,,,,
Gabon,GAB,Military expenditure (% of general government expenditure),MS.MIL.XPND.ZS,,,,,,,,,,,,,,,,,,,,,,,,,,,,,,,,,,,,,,,,,8.334636956,6.445394326,6.932379886,7.851054284,7.728101763,6.012631351,6.068745249,,,,8.105519122,6.726676122,6.76339593,4.626005385,4.819175542,5.325159858,6.625609551,10.00005095,9.069582194,9.543273969,
United Kingdom,GBR,Military expenditure (% of general government expenditure),MS.MIL.XPND.ZS,,,,,,,,,,,,,,,,,,,,,,,,,,,,,10.17578991,9.94989454,9.42880542,9.508014762,8.466623664,7.870250129,7.480757933,6.840561574,6.894360641,6.639033857,6.567774732,6.460305263,6.328852626,6.275168043,6.291443869,6.24233312,5.955880719,5.724453612,5.616818498,5.633384181,5.581220262,5.486690792,5.324996175,5.293633806,5.051200172,4.982445398,4.807096877,4.687556093,4.660204134,4.599772358,4.61423721,4.544307693,
Georgia,GEO,Military expenditure (% of general government expenditure),MS.MIL.XPND.ZS,,,,,,,,,,,,,,,,,,,,,,,,,,,,,,,,,,,,,11.69630643,5.565302144,5.850409836,4.548611111,3.539486204,4.280762565,6.089795918,6.462316384,7.088760504,15.02877614,22.40348692,32.21858828,26.08249077,15.65595404,11.80373287,11.16504506,10.50007847,9.483862106,8.408425328,7.289008043,7.336516522,6.939900427,6.842886598,6.602654408,
Ghana,GHA,Military expenditure (% of general government expenditure),MS.MIL.XPND.ZS,,,,,,,,,,,,,,,,,,,,,,,,,,,,,2.3015,2.261481481,2.648823529,3.310869565,2.563521127,2.333333333,2.217607362,2.410778689,2.149230769,2.233764988,2.629940594,2.782746479,3.440062035,1.789498069,2.278382582,2.336708861,1.884386617,1.888347939,1.704452358,2.058913917,1.663369761,1.926343775,1.42196982,2.228661298,2.699260184,1.856264203,2.313195071,2.109775008,1.465065592,1.778497598,1.559573511,1.540010804,
Gibraltar,GIB,Military expenditure (% of general government expenditure),MS.MIL.XPND.ZS,,,,,,,,,,,,,,,,,,,,,,,,,,,,,,,,,,,,,,,,,,,,,,,,,,,,,,,,,,,,,
Guinea,GIN,Military expenditure (% of general government expenditure),MS.MIL.XPND.ZS,,,,,,,,,,,,,,,,,,,,,,,,,,,,,,,,10.50059296,8.783118217,7.246176779,7.717099404,,,6.690703639,8.496461841,9.90163002,8.992161254,15.36141063,16.74513609,11.96876082,12.41676058,,,,,,,,11.40961986,12.60595011,11.10222583,11.60151112,11.66324198,10.17482501,10.41625503,7.765927727,
"Gambia, The",GMB,Military expenditure (% of general government expenditure),MS.MIL.XPND.ZS,,,,,,,,,,,,,,,,,,,,,,,,,,,,,,,,,,,,,,,,,3.45247766,2.52956636,2.964426877,2.548055431,1.622377622,2.243556023,1.885245902,3.174291328,9.512987013,3.408763072,,,4.129983867,4.269045985,6.255646817,5.153021188,,,3.249412041,3.472508591,
Guinea-Bissau,GNB,Military expenditure (% of general government expenditure),MS.MIL.XPND.ZS,,,,,,,,,,,,,,,,,,,,,,,,,,,,,,,,,,,1.082602577,1.965107362,2.294056309,2.044315992,5.628289474,,10.38344427,7.863190035,9.745110965,7.977176716,,9.394661022,,,,7.522893242,9.832987564,8.756951433,17.98782944,15.76263465,8.2486363,6.878063098,6.163821579,7.226373712,,,
Equatorial Guinea,GNQ,Military expenditure (% of general government expenditure),MS.MIL.XPND.ZS,,,,,,,,,,,,,,,,,,,,,,,,,,,,,,,,,,,0.389613454,1.445647517,,,,,,,,,,,,7.627762406,7.451525608,6.21105689,,,,,2.424774279,2.505201941,4.455634151,5.625105497,5.901191986,,
Greece,GRC,Military expenditure (% of general government expenditure),MS.MIL.XPND.ZS,,,,,,,,,,,,,,,,,,,,,,,,,,,,,10.81018038,9.42776576,8.591844997,8.623751217,8.565759446,8.117594319,8.448840517,6.638230279,7.015456816,7.3100367,7.398161082,7.28097621,7.464308044,7.070426359,6.719609939,5.352648311,5.472424298,6.225847672,6.169372889,5.692243079,5.866906153,5.963302038,5.19651649,4.579675457,4.563622665,4.571631586,4.649640328,4.844230855,5.200514466,5.320716641,5.652632433,5.355894311,
Grenada,GRD,Military expenditure (% of general government expenditure),MS.MIL.XPND.ZS,,,,,,,,,,,,,,,,,,,,,,,,,,,,,,,,,,,,,,,,,,,,,,,,,,,,,,,,,,,,,
Greenland,GRL,Military expenditure (% of general government expenditure),MS.MIL.XPND.ZS,,,,,,,,,,,,,,,,,,,,,,,,,,,,,,,,,,,,,,,,,,,,,,,,,,,,,,,,,,,,,
Guatemala,GTM,Military expenditure (% of general government expenditure),MS.MIL.XPND.ZS,,,,,,,,,,,,,,,,,,,,,,,,,,,,,,,,,,,,11.53824352,9.505635537,6.956936968,5.761422955,4.880392994,6.412349555,7.250433723,5.49531964,5.390954316,3.574504737,2.798245614,2.943269773,2.790112889,3.119068269,2.752522364,2.827735869,2.872493506,3.177151121,3.367656902,3.123366053,3.226695163,3.50554851,3.0040877,2.824607006,3.385167311,
Guam,GUM,Military expenditure (% of general government expenditure),MS.MIL.XPND.ZS,,,,,,,,,,,,,,,,,,,,,,,,,,,,,,,,,,,,,,,,,,,,,,,,,,,,,,,,,,,,,
Guyana,GUY,Military expenditure (% of general government expenditure),MS.MIL.XPND.ZS,,,,,,,,,,,,,,,,,,,,,,,,,,,,,,,,,,,,,,,,,3.675305342,3.978423114,4.632872235,4.368684432,5.646613833,3.810141837,3.483191943,4.407672648,5.076618964,4.670737283,4.447818264,4.106142823,3.752052635,3.910239627,4.089110024,4.957651658,4.55963569,4.738402693,4.676129237,4.483822826,
High income,HIC,Military expenditure (% of general government expenditure),MS.MIL.XPND.ZS,,,,,,,,,,,,,,,,,,,,,,,,,,,,,,,,,,,,4.493972817,4.561582689,,,,,6.318477612,6.505165419,6.584301529,6.67580677,6.759493921,6.787468677,6.655925826,6.540499596,6.433666264,6.638879819,6.501442543,6.471428381,6.347098741,6.224984994,6.456969682,6.153387317,6.209575104,6.145429045,6.517634739,
"Hong Kong SAR, China",HKG,Military expenditure (% of general government expenditure),MS.MIL.XPND.ZS,,,,,,,,,,,,,,,,,,,,,,,,,,,,,,,,,,,,,,,,,,,,,,,,,,,,,,,,,,,,,
Honduras,HND,Military expenditure (% of general government expenditure),MS.MIL.XPND.ZS,,,,,,,,,,,,,,,,,,,,,,,,,,,,,,,8.308248043,5.438066465,,3.452036794,,,,,,,3.303067589,3.281786942,3.01836664,3.775388608,2.67264574,2.717025494,2.83857634,3.174033343,3.612305561,3.791364881,4.060176008,4.365986269,4.348228105,5.414311627,5.60333694,6.422583176,6.079427965,6.410614812,6.06846391,6.020289346,
Heavily indebted poor countries (HIPC),HPC,Military expenditure (% of general government expenditure),MS.MIL.XPND.ZS,,,,,,,,,,,,,,,,,,,,,,,,,,,,,,,,,,,,,,,,,10.99032205,9.092082046,8.796975927,7.958063575,9.428858153,7.530160065,8.266881076,8.861544536,8.880227747,9.459222325,6.198556494,6.168675084,5.467505515,5.414006729,5.326039776,6.179976743,6.279721752,6.239032398,5.74800833,5.35561815,
Croatia,HRV,Military expenditure (% of general government expenditure),MS.MIL.XPND.ZS,,,,,,,,,,,,,,,,,,,,,,,,,,,,,,,,,19.97090204,29.05618446,23.9340519,21.21660728,18.22415195,16.92816953,11.45225966,8.713248338,6.43767313,5.929175559,5.412246504,4.102022336,3.60563127,3.76448977,3.628487594,3.582070208,4.060260162,3.728579464,3.538359202,3.655992432,3.534817532,3.453176887,3.834549207,3.689041288,3.427464242,3.693132102,3.422312712,3.578830119,
Haiti,HTI,Military expenditure (% of general government expenditure),MS.MIL.XPND.ZS,,,,,,,,,,,,,,,,,,,,,,,,,,,,,,,,,,,,,,0,0,0,0,0,0,0,0,0,0,0,0,0,0,0,0,0,0,0,0,0.00503354,0.004446769,0,
Hungary,HUN,Military expenditure (% of general government expenditure),MS.MIL.XPND.ZS,,,,,,,,,,,,,,,,,,,,,,,,,,,,,,,,,,,,2.392205403,2.467860359,2.978356057,2.505704446,2.943909604,3.214849677,3.333506824,3.137374267,3.356333438,3.040798314,2.862184203,2.379132125,2.551276389,2.439159108,2.245520802,2.092338968,2.111420678,2.130912863,1.917800879,1.746218467,1.83719196,2.185740399,2.2377415,2.475711577,2.633929105,
IBRD only,IBD,Military expenditure (% of general government expenditure),MS.MIL.XPND.ZS,,,,,,,,,,,,,,,,,,,,,,,,,,,,,,,,,,,,,8.608660577,8.241296285,8.011764753,8.362997122,8.182280307,8.438299899,8.393642228,8.190537621,8.200459599,7.987178912,7.85774482,7.610272594,6.940538928,7.155116655,6.835027899,6.5197229,6.570943061,6.626881154,6.64450517,6.525115083,6.535529164,6.410113127,6.156662812,6.033811688,
IDA & IBRD total,IBT,Military expenditure (% of general government expenditure),MS.MIL.XPND.ZS,,,,,,,,,,,,,,,,,,,,,,,,,,,,,,,,,,,,,8.829738496,8.444344683,8.239802687,8.585081799,8.354974841,8.563178425,8.514895345,8.332836367,8.362959278,8.0847759,7.974492264,7.662458107,6.988646537,7.22105872,6.850845345,6.559034774,6.596995156,6.661899268,6.674468028,6.596712891,6.6206827,6.490679692,6.244458448,6.102882791,
IDA total,IDA,Military expenditure (% of general government expenditure),MS.MIL.XPND.ZS,,,,,,,,,,,,,,,,,,,,,,,,,,,,,,,,,,,,,,,,,12.56999178,11.70867542,11.48516768,11.4995679,11.76128607,10.30501032,10.59107892,8.74493061,8.046996978,8.813247417,7.267789754,7.588000607,7.268572075,7.529111911,7.418732872,8.377994736,8.759191749,8.642982086,8.568058943,8.015795808,
IDA blend,IDB,Military expenditure (% of general government expenditure),MS.MIL.XPND.ZS,,,,,,,,,,,,,,,,,,,,,,,,,,,,,,,,,,,,,,,,,12.62942031,12.80886653,13.09281209,14.77806118,13.24530428,11.99241932,11.75212624,7.797585616,7.599210599,8.502132899,7.783327109,7.937513666,8.092093638,8.019908313,8.423362999,9.65825967,10.67853584,10.79993029,10.82183792,10.18883551,
Indonesia,IDN,Military expenditure (% of general government expenditure),MS.MIL.XPND.ZS,,,,,,,,,,,,,,,,,,,,,,,,,,,,,,,,,,7.185353632,7.748692273,8.523856859,9.093321414,8.128694714,5.593688139,4.432297577,4.112527005,2.699516343,3.802433339,4.59959013,4.875839406,3.959025799,3.561512898,3.803446063,2.985179777,3.35440332,3.657325749,3.690922895,3.777643146,4.815055577,4.18061339,5.04782341,4.708932675,5.223944263,4.359636624,4.127038655,
IDA only,IDX,Military expenditure (% of general government expenditure),MS.MIL.XPND.ZS,,,,,,,,,,,,,,,,,,,,,,,,,,,,,,,,,,,,,,10.58348172,12.99466243,14.12699041,12.52107173,10.87481732,10.32035819,9.463107901,10.73742074,9.067410366,9.469409276,9.868955205,8.603952101,9.158915694,6.540647482,7.194483307,6.30876548,7.018375102,6.374973671,7.123978304,7.026189308,6.831783379,6.419520687,6.182578655,
Isle of Man,IMN,Military expenditure (% of general government expenditure),MS.MIL.XPND.ZS,,,,,,,,,,,,,,,,,,,,,,,,,,,,,,,,,,,,,,,,,,,,,,,,,,,,,,,,,,,,,
India,IND,Military expenditure (% of general government expenditure),MS.MIL.XPND.ZS,,,,,,,,,,,,,,,,,,,,,,,,,,,,,14.77827337,13.56620071,12.40058387,10.85751596,10.31229972,10.96859705,10.34573638,10.50325183,10.32728064,10.67790153,10.65950762,11.64056382,11.50305704,10.52395153,9.879555899,9.100118151,10.11742908,10.42312827,9.478415923,8.851182208,8.888781442,10.3147376,9.864230324,9.592767418,9.272621064,9.295983197,9.50479049,8.831198962,9.080147269,9.177145908,9.102430596,8.827389275,
Not classified,INX,Military expenditure (% of general government expenditure),MS.MIL.XPND.ZS,,,,,,,,,,,,,,,,,,,,,,,,,,,,,,,,,,,,,,,,,,,,,,,,,,,,,,,,,,,,,
Ireland,IRL,Military expenditure (% of general government expenditure),MS.MIL.XPND.ZS,,,,,,,,,,,,,,,,,,,,,,,,,,,,,2.463343109,2.582658346,2.739232294,2.751576715,2.594789786,2.584992959,2.537735849,2.485582726,2.539844882,2.532195623,2.383609981,2.213106935,2.253167583,2.165245041,1.909995347,1.780961703,1.713954611,1.622493215,1.515475772,1.415801737,1.376472836,1.274560076,0.881948519,1.174800934,1.223849372,1.241710212,1.230546012,1.184219193,1.201926905,1.180926283,1.144139639,1.14640645,
"Iran, Islamic Rep.",IRN,Military expenditure (% of general government expenditure),MS.MIL.XPND.ZS,,,,,,,,,,,,,,,,,,,,,,,,,,,,,,,14.47850544,12.48761855,9.896932844,5.139502994,7.598895634,8.498503896,10.64925169,11.86799289,12.94323803,12.56841276,14.03699201,14.47869167,10.86260025,12.09905865,15.18302183,14.14528467,14.20854288,14.02301975,12.60657389,15.32192108,15.15560586,13.00989758,19.32365558,15.61127342,14.80313814,15.4338617,15.20681891,16.04843805,13.46765797,13.33709585,
Iraq,IRQ,Military expenditure (% of general government expenditure),MS.MIL.XPND.ZS,,,,,,,,,,,,,,,,,,,,,,,,,,,,,,,,,,,,,,,,,,,,,1.832230274,3.548089364,3.770341521,4.856482408,4.135517367,4.919460349,5.465119385,5.311237003,4.428775028,6.87233319,6.739210896,12.45384325,8.379146625,10.96851939,8.840581421,7.76852411,
Iceland,ISL,Military expenditure (% of general government expenditure),MS.MIL.XPND.ZS,,,,,,,,,,,,,,,,,,,,,,,,,,,,,0,0,0,0,0,0,0,0,0,0,0,0,0,0,0,0,0,0,0,0,0,0,0,0,0,0,0,0,0,0,0,0,
Israel,ISR,Military expenditure (% of general government expenditure),MS.MIL.XPND.ZS,,,,,,,,,,,,,,,,,,,,,,,,,,,,,,,,,,,,,,,,,13.3287839,13.18022855,12.80709597,13.83711223,14.36344338,14.34123243,14.09472776,15.38013696,15.20070467,14.60967745,14.6907326,14.57714825,14.05240667,13.82624136,14.76193675,14.58800111,14.47314853,14.26354104,13.5281959,13.24501748,
Italy,ITA,Military expenditure (% of general government expenditure),MS.MIL.XPND.ZS,,,,,,,,,,,,,,,,,,,,,,,,,,,,,4.021321954,3.82905204,3.289226194,3.17846593,3.003083469,3.010055995,3.029275873,2.833420797,3.076080319,3.278076993,3.403956422,3.553691736,3.735157897,3.534146239,3.646757003,3.617314193,3.592523442,3.404830169,3.202802997,3.102740972,3.221583165,3.046485414,3.020279977,3.009654176,2.828918992,2.753629874,2.529263406,2.408499395,2.731581462,2.789932406,2.759941801,2.770499297,
Jamaica,JAM,Military expenditure (% of general government expenditure),MS.MIL.XPND.ZS,,,,,,,,,,,,,,,,,,,,,,,,,,,,,,,3.137016512,2.96819788,5.315167272,3.704620462,2.844455053,2.267032786,1.98748911,2.248087141,1.866951869,1.711616544,1.797361627,1.723091961,1.837680531,1.744100234,1.656684521,1.756226236,1.90467075,2.014852383,2.699706158,2.394301449,2.592130782,2.846919086,3.059333198,3.257266244,3.208053272,3.142526914,3.340448907,3.341508921,4.469117445,5.335373491,
Jordan,JOR,Military expenditure (% of general government expenditure),MS.MIL.XPND.ZS,,,,,,,,,,,,,,,,,,,,,,,,,,,,,21.03250478,21.19460501,17.51227496,22.08083832,19.18649271,18.8718663,18.7007874,12.33118027,16.32653061,17.73648649,17.45166088,18.63449692,18.31625183,17.78937381,15.92082616,16.06666667,13.6259417,12.33429395,12.812983,16.04911204,17.65244461,18.50589995,17.92997244,15.15390792,12.63991297,12.48053528,11.81456811,12.80259044,15.60815008,16.23290901,15.00431779,15.18736842,
Japan,JPN,Military expenditure (% of general government expenditure),MS.MIL.XPND.ZS,,,,,,,,,,,,,,,,,,,,,,,,,,,,,3.019653069,3.081249606,3.068641404,3.067417658,2.985262015,2.836239798,2.764298678,2.696417075,2.644164175,2.73328656,2.389846508,2.614180118,2.547278933,2.628349793,2.623441194,2.644840533,2.708568229,2.692572812,2.69156521,2.639443085,2.632027758,2.489860833,2.48734591,2.503420149,2.457050933,2.408109062,2.486559348,2.522907647,2.487820402,2.494391652,2.528509673,2.517547522,
Kazakhstan,KAZ,Military expenditure (% of general government expenditure),MS.MIL.XPND.ZS,,,,,,,,,,,,,,,,,,,,,,,,,,,,,,,,,,,,,,,,,,,4.863493227,4.822863827,4.647747512,4.709270791,4.944474059,5.470996293,4.2657595,4.699728438,4.513845758,4.410460646,4.777772513,5.442497788,4.899721096,4.852238794,4.337962604,3.453577769,4.652860234,5.01098528,
Kenya,KEN,Military expenditure (% of general government expenditure),MS.MIL.XPND.ZS,,,,,,,,,,,,,,,,,,,,,,,,,,,,,10.01394104,8.979132062,8.862438014,7.623875338,5.885520939,5.330887148,4.975261756,5.409867293,6.21314023,5.755246938,5.433006579,5.790865828,6.273781279,6.821919391,6.85557066,6.938077229,7.131020807,7.033481434,6.809237806,7.005648529,7.079012882,6.749535842,6.422938937,6.539167028,6.89271931,6.150166836,4.909338938,4.84681876,4.877894917,4.932970984,4.972139775,4.595662313,
Kyrgyz Republic,KGZ,Military expenditure (% of general government expenditure),MS.MIL.XPND.ZS,,,,,,,,,,,,,,,,,,,,,,,,,,,,,,,,,,,,4.727403925,5.410253921,5.660715967,4.427172054,5.160245468,6.230905661,5.17792795,5.502882346,6.043032294,5.915349734,5.554330523,5.718119476,4.523770508,4.264779903,4.403942117,4.341571993,3.731659072,4.01138602,4.25289677,4.397978659,4.577597171,4.255120025,4.113885034,4.605738984,4.101185524,
Cambodia,KHM,Military expenditure (% of general government expenditure),MS.MIL.XPND.ZS,,,,,,,,,,,,,,,,,,,,,,,,,,,,,,,,,,,,,20.67331173,24.18726196,19.85744645,18.18055796,14.6882661,11.72829878,9.002562023,9.191189065,9.352853209,9.143657438,8.053352425,6.349889407,5.189205986,6.437015749,7.142812839,7.272737616,7.131896723,7.482968589,7.662746306,8.887382725,9.041317281,9.359425129,9.025282393,9.063933323,
Kiribati,KIR,Military expenditure (% of general government expenditure),MS.MIL.XPND.ZS,,,,,,,,,,,,,,,,,,,,,,,,,,,,,,,,,,,,,,,,,,,,,,,,,,,,,,,,,,,,,
St. Kitts and Nevis,KNA,Military expenditure (% of general government expenditure),MS.MIL.XPND.ZS,,,,,,,,,,,,,,,,,,,,,,,,,,,,,,,,,,,,,,,,,,,,,,,,,,,,,,,,,,,,,
"Korea, Rep.",KOR,Military expenditure (% of general government expenditure),MS.MIL.XPND.ZS,,,,,,,,,,,,,,,,,,,,,,,,,,,,,,,,,,,,20.30608069,18.51358364,18.16395551,16.41662514,14.52650827,14.41778515,13.45963056,13.65655554,12.17343889,11.70677806,12.56149564,12.28354713,12.07364959,12.50409293,12.79445989,13.22032452,12.96776962,12.70843411,12.57494627,12.80488476,12.64042266,12.62125187,12.33071192,12.24968791,12.08088105,
Kuwait,KWT,Military expenditure (% of general government expenditure),MS.MIL.XPND.ZS,,,,,,,,,,,,,,,,,,,,,,,,,,,,,,,52.56201708,57.47809762,34.99622071,20.2681388,22.65570734,24.88146308,23.1181515,18.5152947,16.91391051,16.89730517,19.55870764,17.92918299,17.67312448,17.6671085,16.97129027,15.44461191,11.10047847,11.93622449,7.441424555,9.414347894,8.39527027,8.964707299,8.795145682,8.576375989,8.097311671,9.204345508,10.96314012,10.91284818,10.44511791,10.54329735,
Latin America & Caribbean (excluding high income),LAC,Military expenditure (% of general government expenditure),MS.MIL.XPND.ZS,,,,,,,,,,,,,,,,,,,,,,,,,,,,,,,,,,,,,4.886291718,4.287790986,4.359208421,4.281722914,4.582041455,4.699684987,4.422507128,3.826376978,3.949090497,3.912360303,3.680207129,3.863866745,3.854191169,4.162072413,3.907340457,3.712660384,3.744353679,3.723705783,3.615397523,3.552808325,3.495489037,3.662532443,3.842892182,3.871795414,
Lao PDR,LAO,Military expenditure (% of general government expenditure),MS.MIL.XPND.ZS,,,,,,,,,,,,,,,,,,,,,,,,,,,,,,,,,,,,,,,,,3.849151675,3.583830115,3.513533827,3.068451782,3.196195451,2.559914035,2.331581125,2.066219358,1.70560686,1.080398832,0.913161952,1.050684714,0.806887635,0.783407633,,,,,,,
Lebanon,LBN,Military expenditure (% of general government expenditure),MS.MIL.XPND.ZS,,,,,,,,,,,,,,,,,,,,,,,,,,,,,,,19.14428883,14.68077583,22.40358174,26.44850672,14.99043677,21.87238458,13.16649996,10.76625855,11.72774421,13.58413417,12.75486764,14.18419945,13.0974202,13.00989294,13.54789662,14.24897726,12.67942723,13.18711152,11.70065232,12.55632901,14.14676816,14.13489323,13.20633449,14.280222,16.36963117,16.82427806,18.01739632,15.05780747,15.63958963,13.78349604,
Liberia,LBR,Military expenditure (% of general government expenditure),MS.MIL.XPND.ZS,,,,,,,,,,,,,,,,,,,,,,,,,,,,,,,,,,,,,,,,,,,,,2.919266055,6.632231405,3.191056911,1.502586207,1.079281768,1.716706444,1.705241935,1.885085227,1.846593674,1.496188119,1.433037475,1.291361257,1.265004299,1.216742701,1.303846154,1.509156845,
Libya,LBY,Military expenditure (% of general government expenditure),MS.MIL.XPND.ZS,,,,,,,,,,,,,,,,,,,,,,,,,,,,,,,,,,,,,,11.68725947,14.21351864,11.52520465,10.2677747,6.296813508,5.240134877,4.835924007,4.899972595,5.023896855,3.587782866,2.809203885,3.091836266,,,,8.197616251,8.672354773,10.81692245,,,,,,
St. Lucia,LCA,Military expenditure (% of general government expenditure),MS.MIL.XPND.ZS,,,,,,,,,,,,,,,,,,,,,,,,,,,,,,,,,,,,,,,,,,,,,,,,,,,,,,,,,,,,,
Latin America & Caribbean,LCN,Military expenditure (% of general government expenditure),MS.MIL.XPND.ZS,,,,,,,,,,,,,,,,,,,,,,,,,,,,,,,,,,,,,5.105635261,4.540587513,4.586250658,4.575399732,4.833229364,4.913691623,4.639273769,4.108295005,4.284478469,4.221065631,4.033740691,4.146875979,4.119885021,4.330046703,4.107785953,3.927417834,3.933522109,3.908595047,3.783045895,3.714647697,3.672447134,3.83600304,4.020469783,4.027036651,
Least developed countries: UN classification,LDC,Military expenditure (% of general government expenditure),MS.MIL.XPND.ZS,,,,,,,,,,,,,,,,,,,,,,,,,,,,,,,,,,,,,,11.19407643,12.91327706,14.23921091,12.97050342,10.80797256,10.14817113,9.419175408,11.14425642,9.888878224,10.48786568,9.805577422,9.04836239,10.46889493,8.233560347,8.342952287,7.48488179,9.238264333,8.674156845,8.598541922,8.515727036,8.048825169,7.353146063,7.01066838,
Low income,LIC,Military expenditure (% of general government expenditure),MS.MIL.XPND.ZS,,,,,,,,,,,,,,,,,,,,,,,,,,,,,,,,,,,,,,12.98266318,15.28740736,17.41578635,16.13378339,13.84179251,12.97793216,11.81732973,14.19383577,11.62545134,12.55027032,13.09521575,12.26962035,12.90971034,,,,,6.526192957,7.579302947,7.170445478,7.196691415,6.366046839,5.956328815,
Liechtenstein,LIE,Military expenditure (% of general government expenditure),MS.MIL.XPND.ZS,,,,,,,,,,,,,,,,,,,,,,,,,,,,,,,,,,,,,,,,,,,,,,,,,,,,,,,,,,,,,
Sri Lanka,LKA,Military expenditure (% of general government expenditure),MS.MIL.XPND.ZS,,,,,,,,,,,,,,,,,,,,,,,,,,,,,,,7.506662392,9.534016233,11.95253038,12.10230201,12.64669368,19.34442759,19.53276884,17.68114326,17.75699179,16.06030361,18.93193141,15.63795928,13.58320914,12.53644525,13.15082636,11.07552818,11.52768006,13.86730588,16.44044141,14.55770608,13.53040058,13.51538989,12.09138212,12.5170837,13.5105789,12.54364987,10.86662442,11.05405401,10.14462565,10.35962824,
Lower middle income,LMC,Military expenditure (% of general government expenditure),MS.MIL.XPND.ZS,,,,,,,,,,,,,,,,,,,,,,,,,,,,,,,,,,11.75148319,11.43845814,10.87342731,10.95470917,10.808533,10.9883276,11.17889186,10.46096349,10.1589347,9.685323344,9.491251241,9.667955986,9.434714713,8.90603179,7.970497541,7.693674905,8.741154972,8.457774791,8.326491619,7.966176929,8.366784307,8.799003449,8.719362404,8.980282915,9.013312997,8.732706291,8.526312255,
Low & middle income,LMY,Military expenditure (% of general government expenditure),MS.MIL.XPND.ZS,,,,,,,,,,,,,,,,,,,,,,,,,,,,,,,,,,,,,8.990561485,8.521667921,8.349511842,8.77121993,8.524924873,8.782755981,8.74740243,8.556041734,8.576682107,8.276807594,8.15257159,7.835018445,7.152496474,7.3934864,6.978714091,6.646250057,6.679300258,6.748193521,6.756312553,6.65722781,6.692332979,6.549987508,6.289141573,6.144679572,
Lesotho,LSO,Military expenditure (% of general government expenditure),MS.MIL.XPND.ZS,,,,,,,,,,,,,,,,,,,,,,,,,,,,,8.944315545,11.33843212,10.91186736,9.333333333,7.828425821,7.010658915,6.98630137,7.915873016,6.972254005,6.20600657,5.64335536,7.103377687,8.769644334,6.833220224,6.123403623,5.882352941,5.5715856,5.00585343,4.712070328,4.743914807,2.931750357,4.100561511,5.589077355,3.683717077,3.607328547,3.312875752,3.770945651,3.575808454,3.639927597,4.331440452,3.872967247,3.450149127,
Late-demographic dividend,LTE,Military expenditure (% of general government expenditure),MS.MIL.XPND.ZS,,,,,,,,,,,,,,,,,,,,,,,,,,,,,,,,,,,,,9.186842294,8.650918415,8.239439537,8.855003873,8.914056684,9.628061732,9.454601553,9.195026369,9.125064448,8.715198769,8.549619409,8.211151794,7.402972152,7.340962462,7.027881579,6.747019764,6.836608407,6.940916377,6.875984052,6.560868753,6.578376045,6.297121187,6.045349084,5.911882583,
Lithuania,LTU,Military expenditure (% of general government expenditure),MS.MIL.XPND.ZS,,,,,,,,,,,,,,,,,,,,,,,,,,,,,,,,,,2.195881944,1.354801534,1.373828009,1.571160717,2.291832467,3.339027623,2.458046719,3.392087641,3.887419312,3.833070971,3.49657246,3.602788833,3.477090479,3.450268274,3.229419539,3.051891872,2.477178622,2.1326565,1.907596609,2.17708236,2.202696746,2.585934586,3.307386939,4.437065637,5.310344828,5.969054288,5.870936439,
Luxembourg,LUX,Military expenditure (% of general government expenditure),MS.MIL.XPND.ZS,,,,,,,,,,,,,,,,,,,,,,,,,,,,,,,,,,,,1.620071685,1.58101616,1.64932723,1.693845345,1.607494829,1.594362324,1.970950704,1.570478852,1.54494382,1.54373928,1.497669443,1.469272076,1.486909505,1.067743245,0.961514921,1.167491611,1.010812045,0.950860075,0.967082127,1.005811832,1.151871212,1.056428702,1.341434112,1.312820968,1.425666644,
Latvia,LVA,Military expenditure (% of general government expenditure),MS.MIL.XPND.ZS,,,,,,,,,,,,,,,,,,,,,,,,,,,,,,,,,,,,,,,1.587443946,1.910750507,2.434502217,3.03160359,4.501216545,4.885641677,4.766153014,4.667519182,5.063881215,4.707140947,4.46388515,3.248510427,2.53951801,2.685525815,2.445618778,2.515308526,2.496080627,2.774270788,4.014184397,4.367255738,5.523517751,5.562867421,
"Macao SAR, China",MAC,Military expenditure (% of general government expenditure),MS.MIL.XPND.ZS,,,,,,,,,,,,,,,,,,,,,,,,,,,,,,,,,,,,,,,,,,,,,,,,,,,,,,,,,,,,,
St. Martin (French part),MAF,Military expenditure (% of general government expenditure),MS.MIL.XPND.ZS,,,,,,,,,,,,,,,,,,,,,,,,,,,,,,,,,,,,,,,,,,,,,,,,,,,,,,,,,,,,,
Morocco,MAR,Military expenditure (% of general government expenditure),MS.MIL.XPND.ZS,,,,,,,,,,,,,,,,,,,,,,,,,,,,,,,14.50021379,15.80369844,15.11296179,15.81092095,16.29825654,16.00396189,17.61395375,17.78011643,17.03428214,14.54047482,8.978520005,14.52658998,12.49913489,13.39743097,12.26654863,10.51285644,11.0609042,10.65254246,10.41111887,10.81203358,10.91352859,9.75643195,9.832848277,11.55621536,11.18755609,10.52065407,10.54605038,10.59254129,10.47862381,10.30490228,
Monaco,MCO,Military expenditure (% of general government expenditure),MS.MIL.XPND.ZS,,,,,,,,,,,,,,,,,,,,,,,,,,,,,,,,,,,,,,,,,,,,,,,,,,,,,,,,,,,,,
Moldova,MDA,Military expenditure (% of general government expenditure),MS.MIL.XPND.ZS,,,,,,,,,,,,,,,,,,,,,,,,,,,,,,,,,,,,2.203452075,2.094194313,1.964852331,1.598429613,1.548672566,1.138284481,1.364283173,1.365734064,1.24284016,1.037022422,1.078248426,1.197671195,1.208535998,1.466431772,1.010776256,0.770982765,0.838230265,0.814068088,0.866964078,0.868033743,0.932863103,1.122114241,1.041898473,1.047638104,1.10696981,
Madagascar,MDG,Military expenditure (% of general government expenditure),MS.MIL.XPND.ZS,,,,,,,,,,,,,,,,,,,,,,,,,,,,,9.026220879,6.155408192,7.232834774,7.908867989,3.841796065,5.452320437,4.690007678,4.882508067,6.964000832,8.528125279,6.767826566,6.801936269,6.645312922,7.811275216,8.671644711,6.870296754,4.956038285,5.023259269,4.563053097,5.975076994,6.128716029,5.901098738,4.643247861,5.175555593,5.147428131,4.554840099,4.431719709,3.994649462,3.701485066,3.387829541,3.707788677,3.29681277,
Maldives,MDV,Military expenditure (% of general government expenditure),MS.MIL.XPND.ZS,,,,,,,,,,,,,,,,,,,,,,,,,,,,,,,,,,,,,,,,,,,,,,,,,,,,,,,,,,,,,
Middle East & North Africa,MEA,Military expenditure (% of general government expenditure),MS.MIL.XPND.ZS,,,,,,,,,,,,,,,,,,,,,,,,,,,,,,,,31.82670198,24.40298061,22.29699399,21.89243412,20.48217468,19.61475955,21.42438374,25.51872969,23.56933748,19.92254474,19.80366629,17.54331227,17.57232538,17.13909328,17.30978141,17.23722946,16.81620403,15.26961376,15.32047434,15.5275053,14.63446992,15.72815025,16.56615622,17.24888118,20.17586947,16.98273534,19.03267805,17.07011941,15.24029984,
Mexico,MEX,Military expenditure (% of general government expenditure),MS.MIL.XPND.ZS,,,,,,,,,,,,,,,,,,,,,,,,,,,,,,,1.718809143,1.968525405,2.243205987,2.195257945,2.513642979,2.180090976,2.09419241,2.012036573,2.084316593,2.087028004,2.107228318,2.075448855,1.979596097,1.798237614,1.702540339,1.609027241,1.378733893,1.701044949,1.40810925,1.804492841,1.635933208,1.680511635,1.68706601,1.828534247,1.837965741,1.697241715,1.809957036,1.698105912,1.860698566,2.003795553,
Marshall Islands,MHL,Military expenditure (% of general government expenditure),MS.MIL.XPND.ZS,,,,,,,,,,,,,,,,,,,,,,,,,,,,,,,,,,,,,,,,,,,,,,,,,,,,,,,,,,,,,
Middle income,MIC,Military expenditure (% of general government expenditure),MS.MIL.XPND.ZS,,,,,,,,,,,,,,,,,,,,,,,,,,,,,,,,,,,,,8.930633528,8.471817038,8.269816139,8.669154065,8.425989863,8.716171521,8.68902392,8.50702565,8.489512719,8.231486506,8.100259273,7.770302552,7.102291717,7.342464488,6.978430193,6.627180107,6.674826953,6.727201046,6.75837405,6.648593046,6.688000128,6.544327536,6.288499166,6.14624606,
North Macedonia,MKD,Military expenditure (% of general government expenditure),MS.MIL.XPND.ZS,,,,,,,,,,,,,,,,,,,,,,,,,,,,,,,,,,,,,,6.463482797,6.394743883,5.165702695,5.77937409,16.32785077,6.927033759,6.504771061,6.97635576,6.245656924,5.839000351,6.200786227,5.160700772,5.029966369,4.251408555,3.962196524,3.684403812,3.692614519,3.446260495,3.083039065,3.11885844,2.817843336,3.115526137,3.709913578,
Mali,MLI,Military expenditure (% of general government expenditure),MS.MIL.XPND.ZS,,,,,,,,,,,,,,,,,,,,,,,,,,,,,,,,,,,,,,,,,7.625128107,7.06110106,6.363547234,6.819100511,6.535268881,6.398599044,6.304140891,6.305500924,7.727228823,6.212470122,6.784235192,6.03564525,7.703293462,5.880714352,7.59519079,11.2718329,11.61869438,13.2134326,13.90426265,10.8074568,
Malta,MLT,Military expenditure (% of general government expenditure),MS.MIL.XPND.ZS,,,,,,,,,,,,,,,,,,,,,,,,,,,,,,,,,,,,,,,,,1.463631222,1.500263852,1.462283384,1.384441367,1.581769567,1.946846225,1.547561404,1.50975095,1.463911213,1.654998055,1.636273063,1.426285917,1.26890921,1.26323667,1.218798283,1.222964127,1.428239015,1.416402771,1.250077229,1.489908257,
Myanmar,MMR,Military expenditure (% of general government expenditure),MS.MIL.XPND.ZS,,,,,,,,,,,,,,,,,,,,,,,,,,,,,,,,,,,,,,,10.48386643,9.765370034,11.20463152,10.62393552,10.06707919,15.02323871,13.72737273,11.86302304,,,,,,,,,,,,,,,
Middle East & North Africa (excluding high income),MNA,Military expenditure (% of general government expenditure),MS.MIL.XPND.ZS,,,,,,,,,,,,,,,,,,,,,,,,,,,,,,,,12.26510162,12.63552098,10.44318747,11.4294107,11.47160499,12.53191247,12.81746848,13.5745703,12.68171231,12.14785009,12.77305381,10.97671046,11.38382885,10.8239967,10.54067364,10.26166822,9.795237349,8.748209259,10.37194135,10.49105094,9.737619497,10.88404836,10.36622985,10.391619,11.78090272,11.43495815,12.51085401,11.07700548,9.730127434,
Montenegro,MNE,Military expenditure (% of general government expenditure),MS.MIL.XPND.ZS,,,,,,,,,,,,,,,,,,,,,,,,,,,,,,,,,,,,,,,,,,,,,,7.056277056,5.384615385,3.977947413,3.663303909,3.591411841,3.888888889,3.863328823,3.624484182,3.168851395,3.329627207,3.024705189,2.969930814,2.887481518,3.034589197,3.633712984,
Mongolia,MNG,Military expenditure (% of general government expenditure),MS.MIL.XPND.ZS,,,,,,,,,,,,,,,,,,,,,,,,,,,,,13.95998139,12.58699837,9.154167311,8.535178777,7.242476144,4.756388494,5.503094779,5.510056849,5.609972021,5.133705084,4.895570897,5.133251013,6.181474033,5.183264248,5.099358561,4.530875205,4.377785113,4.701954675,4.382495801,3.783503581,3.154605975,2.315719648,2.416426866,2.207306726,2.563261896,2.557665152,2.67464177,2.808158169,2.177338067,2.368632969,2.570371518,2.317900612,
Northern Mariana Islands,MNP,Military expenditure (% of general government expenditure),MS.MIL.XPND.ZS,,,,,,,,,,,,,,,,,,,,,,,,,,,,,,,,,,,,,,,,,,,,,,,,,,,,,,,,,,,,,
Mozambique,MOZ,Military expenditure (% of general government expenditure),MS.MIL.XPND.ZS,,,,,,,,,,,,,,,,,,,,,,,,,,,,,11.12956811,12.47881356,11.39130435,10.75156576,10.1146325,9.969657564,10.73694485,5.827865689,6.009153994,5.210011817,5.938483403,5.76079151,5.42925227,4.313822343,4.830162784,4.879178966,5.504788821,4.132838141,2.999033896,3.034030831,3.042780429,2.675713083,3.265379321,2.81357892,2.954935124,2.886693105,2.409301791,2.570781644,3.161357075,3.289625366,3.74610917,2.416929635,
Mauritania,MRT,Military expenditure (% of general government expenditure),MS.MIL.XPND.ZS,,,,,,,,,,,,,,,,,,,,,,,,,,,,,,,,,,,,,,,,,,,,,12.46774086,10.64661654,11.00055003,,11.95409783,12.40467759,,,9.816959717,9.928790585,9.152160301,8.401759816,10.29737324,10.44952234,11.2232887,10.67888515,
Mauritius,MUS,Military expenditure (% of general government expenditure),MS.MIL.XPND.ZS,,,,,,,,,,,,,,,,,,,,,,,,,,,,,,,1.448583254,1.702590674,1.674512758,1.705064993,1.446429785,1.457333416,1.379933626,1.111410263,0.990335806,0.968688845,0.853125,0.821010329,0.796608747,0.754260023,0.696467863,0.688597714,0.685060135,0.654172878,0.677953141,0.658230912,0.610134712,0.631770768,0.624976596,0.782334593,0.655648817,0.581864102,0.713796723,0.695111111,0.643070952,0.596581748,
Malawi,MWI,Military expenditure (% of general government expenditure),MS.MIL.XPND.ZS,,,,,,,,,,,,,,,,,,,,,,,,,,,,,,,,,,,,,,,,,,,2.181625286,1.892227979,2.622201881,4.271844202,3.107866771,2.597564007,2.875270351,3.358480718,2.611198475,2.756708527,2.887170892,3.848025601,3.142153374,2.29670357,2.288617136,2.517359639,3.061234412,3.279627063,
Malaysia,MYS,Military expenditure (% of general government expenditure),MS.MIL.XPND.ZS,,,,,,,,,,,,,,,,,,,,,,,,,,,,,,,7.802364042,10.72332192,9.720272168,10.72550421,11.23402709,11.17909194,9.843881311,9.05156481,6.377010785,7.829959614,5.855511779,6.782679301,7.506399506,8.553217416,8.027416531,8.458174374,7.494448441,7.565083887,6.778747611,6.058714117,5.601349919,5.732662081,4.958118465,5.397014551,5.527346633,6.086657497,6.099022746,5.101833957,4.261886859,4.44857617,
North America,NAC,Military expenditure (% of general government expenditure),MS.MIL.XPND.ZS,,,,,,,,,,,,,,,,,,,,,,,,,,,,,,,,,,,,,,,,,,8.976552117,9.645722536,10.50684313,11.07984253,11.11440774,11.00427836,10.79481253,10.96297497,10.82696154,11.17234003,11.18866588,10.78900309,10.10357958,9.442807747,9.116976327,8.911537286,8.729842883,8.754704371,8.744175782,
Namibia,NAM,Military expenditure (% of general government expenditure),MS.MIL.XPND.ZS,,,,,,,,,,,,,,,,,,,,,,,,,,,,,,,,15.43436293,11.52286734,6.851464435,5.6118202,5.833136931,5.527079304,6.582991803,6.583911862,8.685147849,7.788473218,8.809221658,8.702383186,8.371804736,8.827741408,9.464202696,9.459747987,10.00918374,11.04912845,10.55740433,10.50153735,9.29145272,9.036612722,8.369995332,10.35088108,10.36775544,9.508734171,9.246836557,9.135705418,8.538459598,
New Caledonia,NCL,Military expenditure (% of general government expenditure),MS.MIL.XPND.ZS,,,,,,,,,,,,,,,,,,,,,,,,,,,,,,,,,,,,,,,,,,,,,,,,,,,,,,,,,,,,,
Niger,NER,Military expenditure (% of general government expenditure),MS.MIL.XPND.ZS,,,,,,,,,,,,,,,,,,,,,,,,,,,,,,,,,,,,6.188493438,6.55713549,5.77737101,6.122256758,6.186798652,6.577192321,7.387173107,5.173919136,5.19310733,5.272846106,4.825379824,,,4.383545642,4.103531109,5.672094098,6.748245732,9.509628499,5.085917057,5.696368305,,8.298327993,9.276842855,8.477981138,6.235176887,
Nigeria,NGA,Military expenditure (% of general government expenditure),MS.MIL.XPND.ZS,,,,,,,,,,,,,,,,,,,,,,,,,,,,,,,,,,,,,,,,,2.196814414,2.528800202,4.924068234,2.459312476,2.677240856,2.231224385,2.813783037,2.047798842,3.402290495,3.270003392,3.239661494,3.338263229,3.576212326,3.511692228,3.280060088,3.771493405,4.561830649,3.586545659,3.888575503,3.635798006,
Nicaragua,NIC,Military expenditure (% of general government expenditure),MS.MIL.XPND.ZS,,,,,,,,,,,,,,,,,,,,,,,,,,,,,,,,,,,,,,,,,2.925332934,2.732082035,3.55027893,3.167805168,2.701298701,2.534848619,2.578220316,2.473085413,2.292944147,2.210183618,2.237763893,2.236870165,2.764821109,2.803858912,2.786365195,3.034353937,2.388253077,2.31639729,2.28073901,2.382026812,
Netherlands,NLD,Military expenditure (% of general government expenditure),MS.MIL.XPND.ZS,,,,,,,,,,,,,,,,,,,,,,,,,,,,,4.925408458,4.918848544,4.7334131,4.423100444,4.301907639,3.893461677,3.776701393,3.349649106,3.761878741,3.667631668,3.581626536,3.687023413,3.465758405,3.413720902,3.333892946,3.303130479,3.347117145,3.371608888,3.306956179,3.260844212,3.083132913,2.989627195,2.817688378,2.803513174,2.689031931,2.551987383,2.581312333,2.585941067,2.719617781,2.725427299,2.892905747,3.134221958,
Norway,NOR,Military expenditure (% of general government expenditure),MS.MIL.XPND.ZS,,,,,,,,,,,,,,,,,,,,,,,,,,,,,5.922835175,5.99967406,5.843870137,5.44718938,5.717354025,5.290647428,5.473555156,4.719443282,4.640457598,4.471746955,4.550797619,4.428395678,4.161913684,3.973941174,4.545830107,4.174699118,4.162023948,3.812157574,3.604696805,3.586958673,3.477510191,3.532418737,3.42112231,3.363476893,3.313858963,3.262126967,3.260342211,3.131927103,3.235236909,3.283432852,3.392107522,3.502918957,
Nepal,NPL,Military expenditure (% of general government expenditure),MS.MIL.XPND.ZS,,,,,,,,,,,,,,,,,,,,,,,,,,,,,,,,,,,,,,,,,6.873319905,7.46249019,9.768130416,11.67396518,13.32449231,14.03686147,13.72883492,10.35209067,10.47510114,8.495282575,8.331248772,8.263327853,7.416966536,8.652327067,8.645813638,7.742784022,7.74928268,6.283020476,4.821523427,4.505135268,
Nauru,NRU,Military expenditure (% of general government expenditure),MS.MIL.XPND.ZS,,,,,,,,,,,,,,,,,,,,,,,,,,,,,,,,,,,,,,,,,,,,,,,,,,,,,,,,,,,,,
New Zealand,NZL,Military expenditure (% of general government expenditure),MS.MIL.XPND.ZS,,,,,,,,,,,,,,,,,,,,,,,,,,,,,4.58782538,4.54921751,4.667386211,4.298608499,3.99098611,4.135086362,4.331864905,4.425922173,4.493975603,4.36952586,4.260474745,4.19757326,4.167034227,4.027715786,3.807199512,3.756836389,3.503740648,3.306724519,3.529273822,3.432280092,3.233994226,3.347268207,3.090528477,2.943971734,3.012079771,2.955503061,3.022103406,2.973627499,3.09097447,3.205683701,3.411719281,3.918768644,
OECD members,OED,Military expenditure (% of general government expenditure),MS.MIL.XPND.ZS,,,,,,,,,,,,,,,,,,,,,,,,,,,,,,,,,,,,3.903950804,4.001324965,,,,,5.82972027,6.075884843,6.200535502,6.303711991,6.343580009,6.332162408,6.204809289,6.14427833,6.073183014,6.210739698,6.06407737,5.957201208,5.735916451,5.540401796,5.63179354,5.584787764,5.548550178,5.573786283,6.044619258,
Oman,OMN,Military expenditure (% of general government expenditure),MS.MIL.XPND.ZS,,,,,,,,,,,,,,,,,,,,,,,,,,,,,,,29.61303191,25.77323718,26.47980027,25.09746147,25.82744145,25.01396648,24.50554324,25.43973214,22.73889637,21.99743918,22.69648204,24.63041183,23.7260568,23.44998452,23.06885422,25.18895001,23.62195122,21.86382755,19.38728702,18.19561551,18.46984169,18.7058566,27.39640299,24.80607889,21.3919935,21.4869075,23.67609404,21.05130785,21.02395924,20.33878321,
Other small states,OSS,Military expenditure (% of general government expenditure),MS.MIL.XPND.ZS,,,,,,,,,,,,,,,,,,,,,,,,,,,,,,,,,,,,7.119323341,,,,,6.740274413,6.780856112,7.274770893,7.21760926,6.235945776,5.769022278,5.553201441,5.733517987,6.097176964,5.673215972,5.330998555,,,,,,,,,,
Pakistan,PAK,Military expenditure (% of general government expenditure),MS.MIL.XPND.ZS,,,,,,,,,,,,,,,,,,,,,,,,,,,,,,,,,,25.10168883,27.39592921,27.20622553,24.57582699,25.03728079,23.44688633,23.97516016,22.42281701,24.03238911,22.56929814,25.41437248,26.05786254,24.45055659,21.36511302,18.02774773,16.13347292,16.9404921,16.83466605,16.98073726,16.08995077,15.90650822,17.30046691,17.96238619,18.03221557,17.71762521,18.75828123,18.4348763,
Panama,PAN,Military expenditure (% of general government expenditure),MS.MIL.XPND.ZS,,,,,,,,,,,,,,,,,,,,,,,,,,,,,5.485074627,5.268872802,3.608094768,6.992882562,4.646226415,4.21798848,4.86278286,4.339622642,5.455525606,4.98521335,3.758583303,3.821917808,0,0,0,0,0,0,0,0,0,0,0,0,0,0,0,0,0,0,0,0,
Peru,PER,Military expenditure (% of general government expenditure),MS.MIL.XPND.ZS,,,,,,,,,,,,,,,,,,,,,,,,,,,,,,,,,,,,,,,,,8.32696735,8.463673731,7.919371278,7.570141382,7.129652704,7.952795889,7.704450329,7.01300335,6.318547174,7.11060754,6.982591842,6.976914596,7.293350609,7.58619553,7.032531501,7.726630518,6.195018627,5.868989904,5.488391527,5.434454999,
Philippines,PHL,Military expenditure (% of general government expenditure),MS.MIL.XPND.ZS,,,,,,,,,,,,,,,,,,,,,,,,,,,,,,12.48323601,10.01467717,9.774280873,9.692607292,10.74914935,9.668294786,10.51627768,10.11985334,8.257396003,8.08980675,7.54671074,7.484231854,6.76516247,6.918755856,7.324684334,6.755983608,6.818665484,6.886969069,7.102065451,6.991269075,6.259066277,6.377360504,6.72745002,6.127191992,6.660561005,6.027167843,6.071524436,5.605681609,6.542357951,3.94634974,4.489293453,
Palau,PLW,Military expenditure (% of general government expenditure),MS.MIL.XPND.ZS,,,,,,,,,,,,,,,,,,,,,,,,,,,,,,,,,,,,,,,,,,,,,,,,,,,,,,,,,,,,,
Papua New Guinea,PNG,Military expenditure (% of general government expenditure),MS.MIL.XPND.ZS,,,,,,,,,,,,,,,,,,,,,,,,,,,,,4.479910714,4.535323383,5.883408072,4.203020134,3.973277075,3.963378618,5.342639594,4.6157289,5.89166194,5.320930233,4.465136423,3.280400572,3.178110129,2.58230142,1.863930278,1.884415229,2.001017035,2.014066496,1.927104309,2.283865909,1.706024096,1.817029904,1.767676768,1.812983919,2.317281592,1.790376442,1.789827876,2.008866923,1.825081049,1.932432432,1.53674833,1.581616996,
Poland,POL,Military expenditure (% of general government expenditure),MS.MIL.XPND.ZS,,,,,,,,,,,,,,,,,,,,,,,,,,,,,,,,,,,,4.098318884,3.858188417,4.382540839,4.56094251,4.501229037,4.350518154,4.230312759,4.186282208,4.166772079,4.297396508,4.338611704,4.298974078,4.633065962,3.954064392,3.98997531,4.003443823,4.074802405,4.190663295,4.154020546,4.47430834,5.131605074,4.721707725,4.597221867,4.946679863,4.726351005,
Pre-demographic dividend,PRE,Military expenditure (% of general government expenditure),MS.MIL.XPND.ZS,,,,,,,,,,,,,,,,,,,,,,,,,,,,,,,,,,,,,,,,,11.16836574,9.617955858,9.461532037,8.759847526,7.475875926,7.130184192,7.410879838,6.387173153,6.450193163,7.376617504,5.990503445,6.250882506,5.749379952,7.397142251,6.81795109,8.450487901,7.651862957,8.297206004,7.149986466,6.435017717,
Puerto Rico,PRI,Military expenditure (% of general government expenditure),MS.MIL.XPND.ZS,,,,,,,,,,,,,,,,,,,,,,,,,,,,,,,,,,,,,,,,,,,,,,,,,,,,,,,,,,,,,
"Korea, Dem. People’s Rep.",PRK,Military expenditure (% of general government expenditure),MS.MIL.XPND.ZS,,,,,,,,,,,,,,,,,,,,,,,,,,,,,,,,,,,,,,,,,,,,,,,,,,,,,,,,,,,,,
Portugal,PRT,Military expenditure (% of general government expenditure),MS.MIL.XPND.ZS,,,,,,,,,,,,,,,,,,,,,,,,,,,,,5.763115584,5.866762398,5.598572328,5.123853057,4.85744396,4.967931512,5.097578247,5.295077223,4.913685141,4.807364787,4.423502625,4.44147315,4.34865587,4.336577142,4.389237241,4.163241871,4.276048135,4.383933271,4.319059927,4.083380267,4.051027832,4.043533524,3.821444276,4.003994916,3.940332114,4.184307084,3.461912262,3.717338267,4.472380451,3.686034475,4.225461767,4.410863571,
Paraguay,PRY,Military expenditure (% of general government expenditure),MS.MIL.XPND.ZS,,,,,,,,,,,,,,,,,,,,,,,,,,,,,34.76038848,21.74923943,23.03818087,25.1385162,18.42147851,17.07627415,14.01963179,14.27033062,11.95041533,9.157312723,8.140376342,6.72761594,6.258560908,5.567406888,5.39754192,5.100376539,5.571237328,4.865108612,5.209093264,5.25722863,5.327966589,4.955353544,5.08244242,5.328546827,5.161746601,5.458334166,5.492404855,5.218235132,4.887614625,4.584629679,4.853774194,5.307133428,
West Bank and Gaza,PSE,Military expenditure (% of general government expenditure),MS.MIL.XPND.ZS,,,,,,,,,,,,,,,,,,,,,,,,,,,,,,,,,,,,,,,,,,,,,,,,,,,,,,,,,,,,,
Pacific island small states,PSS,Military expenditure (% of general government expenditure),MS.MIL.XPND.ZS,,,,,,,,,,,,,,,,,,,,,,,,,,,,,,,,,6.944024206,,,,,,,,,,,,,,,,,,,,,,,,,,,,
Post-demographic dividend,PST,Military expenditure (% of general government expenditure),MS.MIL.XPND.ZS,,,,,,,,,,,,,,,,,,,,,,,,,,,,,,,,,,,,3.966765319,,,,,,5.889873285,6.162360766,6.282317673,6.384774898,6.448914485,6.456846694,6.333779095,6.241736887,6.149476246,6.333982971,6.184725013,6.074078889,5.841130194,5.627529907,5.718230181,5.646324943,5.609401371,5.625102543,6.143439775,
French Polynesia,PYF,Military expenditure (% of general government expenditure),MS.MIL.XPND.ZS,,,,,,,,,,,,,,,,,,,,,,,,,,,,,,,,,,,,,,,,,,,,,,,,,,,,,,,,,,,,,
Qatar,QAT,Military expenditure (% of general government expenditure),MS.MIL.XPND.ZS,,,,,,,,,,,,,,,,,,,,,,,,,,,,,,,25.25221511,27.90464778,,,,,,,,,,,12.46344207,11.60551018,8.422408628,6.858519808,6.15254076,6.979527211,8.738850732,6.063663335,4.899870894,,,,,,,,,,
Romania,ROU,Military expenditure (% of general government expenditure),MS.MIL.XPND.ZS,,,,,,,,,,,,,,,,,,,,,,,,,,,,,,,11.82121212,12.37647059,10.12252964,8.110782866,9.316706731,7.976855547,7.326813366,8.995796357,8.489932886,7.567288319,7.167813658,7.357443748,7.146278556,6.798395021,6.064433084,6.213360673,5.449719948,4.321161335,3.969181805,3.519623201,3.277925006,3.532209694,3.507692826,3.781922524,3.991977698,4.246465045,4.48781711,5.589394347,5.646035846,6.08247902,
Russian Federation,RUS,Military expenditure (% of general government expenditure),MS.MIL.XPND.ZS,,,,,,,,,,,,,,,,,,,,,,,,,,,,,,,,,,,,,,,6.905517008,8.988603611,10.81963141,11.30253433,11.13848973,11.29225698,11.17038114,11.3363179,11.20653671,9.78733898,9.863158416,10.1920224,10.12229563,10.32146357,10.84155587,11.12217833,11.77219803,13.80998445,14.8283982,12.12885828,11.36213417,11.36893089,
Rwanda,RWA,Military expenditure (% of general government expenditure),MS.MIL.XPND.ZS,,,,,,,,,,,,,,,,,,,,,,,,,,,,,,,,,17.80803411,19.76950898,21.43663031,21.32779963,23.72031025,21.14395129,23.13082523,16.7596725,16.25905643,15.17523787,12.70681252,11.42357487,9.704422852,7.686701088,7.984932088,6.094443832,5.815269326,5.944827216,5.105587809,4.435078414,4.242617809,4.032517203,4.013307142,4.565663767,4.936717027,4.977276188,4.682381126,4.434616299,
South Asia,SAS,Military expenditure (% of general government expenditure),MS.MIL.XPND.ZS,,,,,,,,,,,,,,,,,,,,,,,,,,,,,14.63976075,13.46104506,12.22951612,10.80379883,10.41065563,13.38266867,12.94230142,13.27082572,12.83838866,12.7983055,12.36979654,13.04487292,12.76365204,11.78968748,11.18212127,10.80348834,11.73109542,11.67371679,11.06826866,10.026882,9.97081109,11.08599808,10.56286485,10.3477614,10.02836371,10.09050859,10.40679994,9.994653969,10.16543034,10.07094207,10.0784347,9.62931262,
Saudi Arabia,SAU,Military expenditure (% of general government expenditure),MS.MIL.XPND.ZS,,,,,,,,,,,,,,,,,,,,,,,,,,,,,,,35.4435866,35.4435866,27.25513391,32.83410506,31.30129299,28.44885057,25.25023092,30.7226084,41.16121225,37.36924843,31.79414875,30.91296149,27.20862745,26.23246269,25.99071926,27.46146142,28.78124188,28.95147238,27.5619652,25.94633746,25.94748932,22.01415266,23.0993744,25.26554838,26.55253405,32.65251295,25.52313376,30.69767442,25.86326767,20.33935156,
Sudan,SDN,Military expenditure (% of general government expenditure),MS.MIL.XPND.ZS,,,,,,,,,,,,,,,,,,,,,,,,,,,,,,,17.09677419,11.72839506,11.77631579,20.75757576,19.37869822,16.08782435,13.64102564,12.93031066,30.54417788,47.75528169,43.1551872,25.0311643,25.34763607,14.86196538,28.20128668,16.76611331,19.34024563,20.85060959,25.25844744,29.07983895,,,,,,21.92027829,23.17863589,25.51962846,11.75485668,9.227585707,
Senegal,SEN,Military expenditure (% of general government expenditure),MS.MIL.XPND.ZS,,,,,,,,,,,,,,,,,,,,,,,,,,,,,,,,,,,8.766129918,9.29979277,8.234261501,8.583523391,8.737672584,8.122682845,7.435940378,6.743223394,6.872961146,6.485368664,5.892864551,6.055295788,5.972015069,6.222236737,6.170269542,6.325591779,5.600841669,5.564640488,4.847217609,5.666295238,5.252592263,5.264749877,6.685639472,6.693847784,7.387058609,6.299180587,
Singapore,SGP,Military expenditure (% of general government expenditure),MS.MIL.XPND.ZS,,,,,,,,,,,,,,,,,,,,,,,,,,,,,,,29.91664377,27.51141553,29.64957465,27.17383938,32.99227799,29.37947965,23.16955877,30.35755241,29.26454467,31.83575788,27.42936919,26.49809521,30.42629841,30.12151825,30.56252689,33.6977063,30.92842358,39.22256158,27.95045582,23.40681042,32.20089702,32.62851079,31.4036001,27.60095825,23.86905697,20.95495078,19.95955059,21.62514391,20.2237128,21.38229372,
Solomon Islands,SLB,Military expenditure (% of general government expenditure),MS.MIL.XPND.ZS,,,,,,,,,,,,,,,,,,,,,,,,,,,,,,,,,,,,,,,,,,,,,,,,,,,,,,,,,,,,,
Sierra Leone,SLE,Military expenditure (% of general government expenditure),MS.MIL.XPND.ZS,,,,,,,,,,,,,,,,,,,,,,,,,,,,,,,,,,,,,,,,,15.35562364,14.35981726,10.810621,10.91169398,8.748735844,7.911225394,8.935674983,10.39878377,5.839321744,6.157211376,4.807683034,4.026247646,3.849893638,4.113620121,5.515830722,4.452292115,4.781444374,4.522711852,3.384465955,2.914700318,
El Salvador,SLV,Military expenditure (% of general government expenditure),MS.MIL.XPND.ZS,,,,,,,,,,,,,,,,,,,,,,,,,,,,,,,22.82544434,15.62187176,11.85457038,10.3070828,8.541759342,7.482325666,6.10973959,6.759743601,5.781464588,5.39970358,4.38673769,5.949899648,6.097285068,4.290071162,4.426002766,4.170065893,4.005073281,4.43254818,4.195973805,4.294436906,4.350649351,4.429947812,4.31678214,4.420249395,4.361364908,4.487318841,4.311335539,4.371648794,4.69273654,4.850463033,
San Marino,SMR,Military expenditure (% of general government expenditure),MS.MIL.XPND.ZS,,,,,,,,,,,,,,,,,,,,,,,,,,,,,,,,,,,,,,,,,,,,,,,,,,,,,,,,,,,,,
Somalia,SOM,Military expenditure (% of general government expenditure),MS.MIL.XPND.ZS,,,,,,,,,,,,,,,,,,,,,,,,,,,,,,,,,,,,,,,,,,,,,,,,,,,,,,,,,,,,,
Serbia,SRB,Military expenditure (% of general government expenditure),MS.MIL.XPND.ZS,,,,,,,,,,,,,,,,,,,,,,,,,,,,,,,,,,,,,,,,,16.43192851,11.91235447,9.812948736,8.228883047,7.28252285,5.711060825,5.12449707,5.333370272,4.982072453,5.043060134,4.867256955,4.812294133,4.367300841,4.492135752,4.331294009,4.28085102,4.173834415,4.584390804,3.969040639,5.391386446,
Sub-Saharan Africa (excluding high income),SSA,Military expenditure (% of general government expenditure),MS.MIL.XPND.ZS,,,,,,,,,,,,,,,,,,,,,,,,,,,,,,,,,,,,,,,,,7.497375013,7.477033444,7.660055779,7.098680875,6.9574896,6.337225963,6.453470607,5.734383852,5.88204797,6.276105414,5.027149188,5.246306298,5.201182212,5.979843901,5.635555758,5.612633738,5.713458655,5.41741756,4.880796361,4.498255587,
South Sudan,SSD,Military expenditure (% of general government expenditure),MS.MIL.XPND.ZS,,,,,,,,,,,,,,,,,,,,,,,,,,,,,,,,,,,,,,,,,,,,,,,,,,,,28.97360344,27.74066673,25.93187718,23.67723236,25.56025829,8.96979743,6.243619772,9.920260657,10.38421424,
Sub-Saharan Africa,SSF,Military expenditure (% of general government expenditure),MS.MIL.XPND.ZS,,,,,,,,,,,,,,,,,,,,,,,,,,,,,,,,,,,,,,,,,7.371599678,7.358362096,7.535872195,7.006915437,6.888329319,6.283265254,6.387333234,5.689468629,5.836720198,6.222722495,4.987462042,5.207179275,5.163789508,5.936249806,5.595615534,5.566441136,5.660534892,5.368123711,4.835012808,4.45476998,
Small states,SST,Military expenditure (% of general government expenditure),MS.MIL.XPND.ZS,,,,,,,,,,,,,,,,,,,,,,,,,,,,,,,,,,,,,,,,,,,6.778007451,6.815975562,5.981592557,5.530979549,5.386290325,5.593573927,5.927987642,5.539460274,5.221054197,,,,,,,,,,
Sao Tome and Principe,STP,Military expenditure (% of general government expenditure),MS.MIL.XPND.ZS,,,,,,,,,,,,,,,,,,,,,,,,,,,,,,,,,,,,,,,,,,,,,,,,,,,,,,,,,,,,,
Suriname,SUR,Military expenditure (% of general government expenditure),MS.MIL.XPND.ZS,,,,,,,,,,,,,,,,,,,,,,,,,,,,,,,,,,,,,,,,,,,,,,,,,,,,,,,,,,,,,
Slovak Republic,SVK,Military expenditure (% of general government expenditure),MS.MIL.XPND.ZS,,,,,,,,,,,,,,,,,,,,,,,,,,,,,,,,,,,,6.551323979,5.601990904,4.714938251,3.827475512,3.287951984,3.181873479,4.150968165,3.934513905,4.613568964,4.368475393,4.227297661,4.118644845,4.075415703,3.956834532,3.443877551,3.016151685,2.657138893,2.68788084,2.371734392,2.351175588,2.491312633,2.693872702,2.741372739,2.996234241,4.347712623,
Slovenia,SVN,Military expenditure (% of general government expenditure),MS.MIL.XPND.ZS,,,,,,,,,,,,,,,,,,,,,,,,,,,,,,,,,,,,3.966211359,3.961530287,3.560639471,3.389123377,2.98924577,2.678983534,3.121212121,3.367820816,3.378211138,3.427112188,3.36811665,3.674237262,3.636938556,3.666623494,3.513318671,3.492236267,2.815002057,2.622442653,1.935778048,2.074615036,2.125366112,2.461164637,2.469167349,2.482870268,2.65011216,
Sweden,SWE,Military expenditure (% of general government expenditure),MS.MIL.XPND.ZS,,,,,,,,,,,,,,,,,,,,,,,,,,,,,4.24576424,4.12640034,4.156905066,3.758137118,3.434412109,3.48767858,3.470793827,3.471318646,3.55770234,3.36886274,3.424103419,3.426566949,3.511270681,3.314099086,3.113819156,3.019156581,2.806975501,2.759901918,2.652588288,2.705667528,2.389304388,2.278947771,2.421686087,2.280130112,2.283497934,2.213526621,2.27989665,2.220924236,2.174447864,2.135680206,2.130107514,2.315168909,
Eswatini,SWZ,Military expenditure (% of general government expenditure),MS.MIL.XPND.ZS,,,,,,,,,,,,,,,,,,,,,,,,,,,,,5.584507042,5.362997658,6.323024055,6.323319027,5.836585366,6.812390158,6.644307469,7.491026561,6.39747191,6.374663073,6.549263352,5.683699172,5.719939374,4.964809384,4.85678392,5.67626322,4.965790421,6.482687693,6.486740874,5.878505933,6.062032144,6.335565843,7.47897477,8.744635193,6.876906016,6.562845631,5.761337684,5.36139449,5.783705415,5.275504408,5.384221954,5.470979812,
Sint Maarten (Dutch part),SXM,Military expenditure (% of general government expenditure),MS.MIL.XPND.ZS,,,,,,,,,,,,,,,,,,,,,,,,,,,,,,,,,,,,,,,,,,,,,,,,,,,,,,,,,,,,,
Seychelles,SYC,Military expenditure (% of general government expenditure),MS.MIL.XPND.ZS,,,,,,,,,,,,,,,,,,,,,,,,,,,,,9.159663866,8.278965129,8.741721854,8.488372093,9.325044405,4.527665317,3.840255591,4.295719844,3.545331529,3.698644287,2.855172414,3.171841542,3.03030303,3.797070885,2.977984208,3.885949442,4.755700326,4.111675127,3.245927139,3.504479669,4.261239368,3.178779698,2.13432172,2.354255784,2.426404996,2.742894911,6.810717373,4.061341422,4.074797656,3.973420125,3.814382896,3.540229885,
Syrian Arab Republic,SYR,Military expenditure (% of general government expenditure),MS.MIL.XPND.ZS,,,,,,,,,,,,,,,,,,,,,,,,,,,,,,,24.29952137,30.42675959,26.31798669,24.61391786,24.33593648,23.35467847,21.81703193,20.30433354,20.14886072,20.73189324,19.01951026,18.88015675,17.37983284,19.14297693,17.68916413,17.8393049,16.47992469,15.9292308,15.4681674,15.05224165,13.62182053,,,,,,,,,,
Turks and Caicos Islands,TCA,Military expenditure (% of general government expenditure),MS.MIL.XPND.ZS,,,,,,,,,,,,,,,,,,,,,,,,,,,,,,,,,,,,,,,,,,,,,,,,,,,,,,,,,,,,,
Chad,TCD,Military expenditure (% of general government expenditure),MS.MIL.XPND.ZS,,,,,,,,,,,,,,,,,,,,,,,,,,,,,,,,,,,,7.674714884,8.775566611,6.104391386,6.196433463,7.215531852,7.480314961,8.707482993,8.526578666,6.837115771,7.928071311,7.228124244,21.50180718,26.29371418,31.31257798,32.95818873,23.67091683,22.39823866,,24.52233042,12.76971077,11.00759499,21.13650438,14.76643345,17.20097264,13.97526258,
East Asia & Pacific (IDA & IBRD countries),TEA,Military expenditure (% of general government expenditure),MS.MIL.XPND.ZS,,,,,,,,,,,,,,,,,,,,,,,,,,,,,,,12.91259485,13.58997566,15.61807298,13.02795447,12.83358001,13.83853997,13.58158581,12.81205514,12.20774256,11.54974768,10.71397368,10.89946425,10.7259484,10.60330647,10.47608967,10.00046928,9.936848221,9.726793991,7.962967385,7.699816917,7.243661145,6.575266456,6.33100549,6.416414874,6.426263145,6.064597211,6.000496469,5.876971234,5.4941324,5.352382163,
Europe & Central Asia (IDA & IBRD countries),TEC,Military expenditure (% of general government expenditure),MS.MIL.XPND.ZS,,,,,,,,,,,,,,,,,,,,,,,,,,,,,,,,,,,,,,,,,8.051702619,8.531659166,8.6226217,8.516470312,8.433755447,8.548053854,8.546916828,7.882442544,7.578777624,7.698700754,7.711350321,7.973128841,8.347265341,8.520277607,8.811402637,9.348955768,9.653427652,8.769475657,8.760157591,8.988029161,
Togo,TGO,Military expenditure (% of general government expenditure),MS.MIL.XPND.ZS,,,,,,,,,,,,,,,,,,,,,,,,,,,,,,10.76475377,10.86618013,11.48253236,13.5160425,15.49372613,11.34580567,10.84423038,,,,,,,,11.39686728,9.870936199,8.1539635,,,10.08875927,8.20386116,7.943379294,5.98618721,6.086704469,6.287055813,6.609649934,5.462204837,5.904090388,8.602319801,7.904558802,12.21015467,
Thailand,THA,Military expenditure (% of general government expenditure),MS.MIL.XPND.ZS,,,,,,,,,,,,,,,,,,,,,,,,,,,,,,,,,,,,13.66623487,12.31981785,10.07055904,7.818046721,6.377024771,8.042092972,7.214190099,5.666379903,6.95689497,5.74814258,5.468396734,5.981814913,6.872845435,7.93444326,8.019645598,6.726855142,7.001166582,6.515245428,6.511111279,6.38752666,6.504277372,6.772782573,6.433612499,6.380959889,6.257181749,
Tajikistan,TJK,Military expenditure (% of general government expenditure),MS.MIL.XPND.ZS,,,,,,,,,,,,,,,,,,,,,,,,,,,,,,,,,,,,,,,10.21046512,7.933474576,6.212716763,6.401948052,11.01246106,11.72907489,10.72,,,,3.760969494,3.333333333,3.645655877,4.047003814,4.070527265,,3.956331206,3.820559296,,,,,
Turkmenistan,TKM,Military expenditure (% of general government expenditure),MS.MIL.XPND.ZS,,,,,,,,,,,,,,,,,,,,,,,,,,,,,,,,,,,,,,15.83309353,12.81764706,14.96143959,,,,,,,,,,,,,,,,,,,,,
Latin America & the Caribbean (IDA & IBRD countries),TLA,Military expenditure (% of general government expenditure),MS.MIL.XPND.ZS,,,,,,,,,,,,,,,,,,,,,,,,,,,,,,,,,,,,,5.105635261,4.540587513,4.586250658,4.575399732,4.833229364,4.913691623,4.639273769,4.108295005,4.284478469,4.221065631,4.033740691,4.146875979,4.119885021,4.330046703,4.107785953,3.927417834,3.933522109,3.908595047,3.783045895,3.714647697,3.672447134,3.83600304,4.020469783,4.027036651,
Timor-Leste,TLS,Military expenditure (% of general government expenditure),MS.MIL.XPND.ZS,,,,,,,,,,,,,,,,,,,,,,,,,,,,,,,,,,,,,,,,,,,,,,3.048148148,6.288602941,5.76092233,2.982471627,4.117494357,2.466261682,1.478041757,2.224383744,2.360879285,1.844582814,2.370686337,1.44765323,1.854373178,1.534623976,2.195277601,
Middle East & North Africa (IDA & IBRD countries),TMN,Military expenditure (% of general government expenditure),MS.MIL.XPND.ZS,,,,,,,,,,,,,,,,,,,,,,,,,,,,,,,,12.26510162,12.63552098,10.44318747,11.4294107,11.47160499,12.53191247,12.81746848,13.5745703,12.68171231,12.14785009,12.77305381,10.97671046,11.38382885,10.8239967,10.54067364,10.26166822,9.795237349,8.748209259,10.37194135,10.49105094,9.737619497,10.88404836,10.36622985,10.391619,11.78090272,11.43495815,12.51085401,11.07700548,9.730127434,
Tonga,TON,Military expenditure (% of general government expenditure),MS.MIL.XPND.ZS,,,,,,,,,,,,,,,,,,,,,,,,,,,,,,,,,,,,,,,,,,,,,,,,,,,,,,,,,,,,,
South Asia (IDA & IBRD),TSA,Military expenditure (% of general government expenditure),MS.MIL.XPND.ZS,,,,,,,,,,,,,,,,,,,,,,,,,,,,,14.63976075,13.46104506,12.22951612,10.80379883,10.41065563,13.38266867,12.94230142,13.27082572,12.83838866,12.7983055,12.36979654,13.04487292,12.76365204,11.78968748,11.18212127,10.80348834,11.73109542,11.67371679,11.06826866,10.026882,9.97081109,11.08599808,10.56286485,10.3477614,10.02836371,10.09050859,10.40679994,9.994653969,10.16543034,10.07094207,10.0784347,9.62931262,
Sub-Saharan Africa (IDA & IBRD countries),TSS,Military expenditure (% of general government expenditure),MS.MIL.XPND.ZS,,,,,,,,,,,,,,,,,,,,,,,,,,,,,,,,,,,,,,,,,7.371599678,7.358362096,7.535872195,7.006915437,6.888329319,6.283265254,6.387333234,5.689468629,5.836720198,6.222722495,4.987462042,5.207179275,5.163789508,5.936249806,5.595615534,5.566441136,5.660534892,5.368123711,4.835012808,4.45476998,
Trinidad and Tobago,TTO,Military expenditure (% of general government expenditure),MS.MIL.XPND.ZS,,,,,,,,,,,,,,,,,,,,,,,,,,,,,,,,,1.624543668,1.922861934,1.931067611,,,,,,0.565704184,0.725148368,0.90896876,2.650098572,2.77509906,2.708207831,2.108900175,2.253419911,1.694105671,1.690455366,1.865389667,1.889588378,2.6547742,1.977659189,2.178167305,3.564474156,2.749427372,2.760548161,2.306641159,4.950781007,
Tunisia,TUN,Military expenditure (% of general government expenditure),MS.MIL.XPND.ZS,,,,,,,,,,,,,,,,,,,,,,,,,,,,,,,,6.326852338,6.329051383,6.191646192,6.401789519,6.258201467,6.674141797,6.70901084,6.616899619,6.17887365,6.137680183,6.045317977,5.898390584,6.026406429,5.905310301,6.006522384,6.033916849,5.1545462,5.197464296,5.029016091,5.150885151,5.329487112,5.079001384,5.063202824,6.401411374,7.782098015,8.176320864,7.073337201,6.891645835,7.887130631,
Turkey,TUR,Military expenditure (% of general government expenditure),MS.MIL.XPND.ZS,,,,,,,,,,,,,,,,,,,,,,,,,,,,,,,,,,,,,,,,,9.229622736,8.121884471,9.185054507,8.501702986,7.728701143,7.430465274,6.877093466,6.577475985,6.381160439,6.523107426,6.334189004,6.121146482,5.884008436,5.669433348,5.661599236,5.461075788,5.884679814,6.143463838,7.358884888,7.808615207,
Tuvalu,TUV,Military expenditure (% of general government expenditure),MS.MIL.XPND.ZS,,,,,,,,,,,,,,,,,,,,,,,,,,,,,,,,,,,,,,,,,,,,,,,,,,,,,,,,,,,,,
Tanzania,TZA,Military expenditure (% of general government expenditure),MS.MIL.XPND.ZS,,,,,,,,,,,,,,,,,,,,,,,,,,,,,,,,12.68485364,9.864934177,6.92140138,6.360697517,8.602718914,9.574897429,9.897170309,10.28513743,8.550567179,8.859370403,9.657844714,7.881692922,5.758076412,4.811307396,4.435198258,4.432010328,4.270256506,3.828336232,3.808056676,4.489114206,4.785067622,4.685520291,5.160527657,5.87533536,6.363378384,6.467470503,6.920059692,7.442157014,7.593291474,
Uganda,UGA,Military expenditure (% of general government expenditure),MS.MIL.XPND.ZS,,,,,,,,,,,,,,,,,,,,,,,,,,,,,,,,,,,,,,11.97990903,13.47415467,13.87686576,11.96288761,10.72322055,10.06895913,10.61150518,11.69393348,12.01656164,11.33407302,10.88034859,10.74509513,10.35712492,15.98836298,16.75728463,8.66931862,6.977062216,6.418699293,6.265885491,6.328030992,6.884761154,7.187999812,8.704515365,
Ukraine,UKR,Military expenditure (% of general government expenditure),MS.MIL.XPND.ZS,,,,,,,,,,,,,,,,,,,,,,,,,,,,,,,,,,,,4.930841924,5.937952098,6.84748687,5.67867036,7.353388202,6.073615698,5.341215265,5.439233083,5.672035506,4.907030776,4.422883184,4.341105805,4.574101975,3.936441657,4.076075087,3.870510386,3.355865696,3.294345799,3.282699688,5.014125828,7.553243864,7.779052699,6.955611566,7.64802682,8.121522094,
Upper middle income,UMC,Military expenditure (% of general government expenditure),MS.MIL.XPND.ZS,,,,,,,,,,,,,,,,,,,,,,,,,,,,,,,,,,,,,8.465937934,7.924752023,7.73027247,8.111800211,8.052083599,8.449747807,8.484328757,8.29697976,8.246815848,7.995798319,7.947649619,7.731430896,6.993825551,7.079397996,6.707865936,6.334005117,6.463559686,6.470012281,6.434726055,6.316725377,6.314721899,6.146846989,5.90288975,5.746198185,
Uruguay,URY,Military expenditure (% of general government expenditure),MS.MIL.XPND.ZS,,,,,,,,,,,,,,,,,,,,,,,,,,,,,,,,,,,,,,,,8.062399406,8.405282821,8.246031464,8.402801699,7.395698569,7.028756795,6.97892041,6.854707174,6.089044086,6.517533717,6.143475123,6.275071515,5.98725205,5.973225446,5.776143085,5.694017588,5.856927881,5.765246252,6.038643064,6.426032759,6.016836572,
United States,USA,Military expenditure (% of general government expenditure),MS.MIL.XPND.ZS,,,,,,,,,,,,,,,,,,,,,,,,,,,,,,,,,,,,,,,,,,9.559757575,10.27500153,11.29687592,11.96847641,12.05394494,11.99645651,11.78709239,11.97199954,11.77779331,12.33445535,12.44420859,12.02205332,11.25081268,10.42061522,9.893989394,9.642237094,9.400246317,9.437197185,9.430630707,
Uzbekistan,UZB,Military expenditure (% of general government expenditure),MS.MIL.XPND.ZS,,,,,,,,,,,,,,,,,,,,,,,,,,,,,,,,,,,4.495554346,3.008186212,2.808051375,3.51446961,,3.883274516,2.796805867,2.175004166,1.377175018,1.363152761,,,,,,,,,,,,,,,,,
St. Vincent and the Grenadines,VCT,Military expenditure (% of general government expenditure),MS.MIL.XPND.ZS,,,,,,,,,,,,,,,,,,,,,,,,,,,,,,,,,,,,,,,,,,,,,,,,,,,,,,,,,,,,,
"Venezuela, RB",VEN,Military expenditure (% of general government expenditure),MS.MIL.XPND.ZS,,,,,,,,,,,,,,,,,,,,,,,,,,,,,,,,,,,,,,,,,,,,,,,,,,,,,,,,,,,,,
British Virgin Islands,VGB,Military expenditure (% of general government expenditure),MS.MIL.XPND.ZS,,,,,,,,,,,,,,,,,,,,,,,,,,,,,,,,,,,,,,,,,,,,,,,,,,,,,,,,,,,,,
Virgin Islands (U.S.),VIR,Military expenditure (% of general government expenditure),MS.MIL.XPND.ZS,,,,,,,,,,,,,,,,,,,,,,,,,,,,,,,,,,,,,,,,,,,,,,,,,,,,,,,,,,,,,
Vietnam,VNM,Military expenditure (% of general government expenditure),MS.MIL.XPND.ZS,,,,,,,,,,,,,,,,,,,,,,,,,,,,,,,,,,,,,,,,,,,,7.552971445,7.49013635,6.800521382,7.434585619,8.198777537,7.966786766,7.166927573,7.679196432,7.333974002,,,,,,,,,
Vanuatu,VUT,Military expenditure (% of general government expenditure),MS.MIL.XPND.ZS,,,,,,,,,,,,,,,,,,,,,,,,,,,,,,,,,,,,,,,,,,,,,,,,,,,,,,,,,,,,,
World,WLD,Military expenditure (% of general government expenditure),MS.MIL.XPND.ZS,,,,,,,,,,,,,,,,,,,,,,,,,,,,,,,,,,,,5.122897773,5.219912627,5.380848545,,,,6.679065149,6.824445607,6.861171594,6.954324509,7.007402089,7.034802087,6.893124364,6.673900348,6.648095721,6.722959489,6.540824332,6.531780877,6.469552054,6.388966494,6.520566876,6.323888,6.321681749,6.192835216,6.383023708,
Samoa,WSM,Military expenditure (% of general government expenditure),MS.MIL.XPND.ZS,,,,,,,,,,,,,,,,,,,,,,,,,,,,,,,,,,,,,,,,,,,,,,,,,,,,,,,,,,,,,
Kosovo,XKX,Military expenditure (% of general government expenditure),MS.MIL.XPND.ZS,,,,,,,,,,,,,,,,,,,,,,,,,,,,,,,,,,,,,,,,,,,,,,,,,0.067197452,1.791519835,2.401336933,2.69395349,2.348434701,2.463107739,2.735888618,2.874408227,2.787062315,2.885019785,2.753565931,2.741148996,
"Yemen, Rep.",YEM,Military expenditure (% of general government expenditure),MS.MIL.XPND.ZS,,,,,,,,,,,,,,,,,,,,,,,,,,,,,,,24.59528039,28.33639284,29.54541176,27.41911502,33.35221439,26.32117722,17.2043483,16.9639169,17.74597848,18.31158978,15.51153645,17.97691614,22.40081369,19.40884918,15.51826908,13.24021669,11.52960903,12.02177494,10.77855924,16.05470856,15.5132924,16.50960905,12.62875783,13.24638005,14.27962489,,,,,,
South Africa,ZAF,Military expenditure (% of general government expenditure),MS.MIL.XPND.ZS,,,,,,,,,,,,,,,,,,,,,,,,,,,,,,,,,,,,,,,,,5.504553497,5.88311127,6.159016318,5.776435655,5.335142007,4.911666439,4.67786712,4.333121676,3.996447537,3.828540204,3.548255699,3.573081137,3.61135823,3.555140984,3.485188867,3.338169633,3.277504569,3.195847691,2.98255855,2.767063135,
Zambia,ZMB,Military expenditure (% of general government expenditure),MS.MIL.XPND.ZS,,,,,,,,,,,,,,,,,,,,,,,,,,,,,,,,,,,,,,,,,,,,,6.792889146,7.45748503,8.194674622,8.294227853,7.978397426,8.095549263,7.653020555,6.747653478,6.307948192,5.704266349,6.616610506,6.193246393,5.873616552,5.16669085,5.170420234,4.979673187,
Zimbabwe,ZWE,Military expenditure (% of general government expenditure),MS.MIL.XPND.ZS,,,,,,,,,,,,,,,,,,,,,,,,,,,,,,,,,,,,,,,,,,,,,,9.266572638,23.26618705,,,,4.512993572,6.055477571,9.114318442,8.930896345,9.232505643,9.193971198,7.363047502,5.519889771,5.607096172,3.205785124,
