Country Name,2015 Total Pop,2016 Total Pop,2017 Total Pop,2018 Total Pop,2019 Total Pop,2015 Adults (%),2016 Adults (%),2017 Adults (%),2018 Adults (%),2019 Adults (%),2015 Total Unemploment,2016 Total Unemploment,2017 Total Unemploment,2018 Total Unemploment,2019 Total Unemploment,2015 Female Unemploment,2016 Female Unemploment,2017 Female Unemploment,2018 Female Unemploment,2019 Female Unemploment,2015 Male Unemployment,2016 Male Unemployment,2017 Male Unemployment,2018 Male Unemployment,2019 Male Unemployment,2015 Total GDP,2016 Total GDP,2017 Total GDP,2018 Total GDP,2019 Total GDP,2015 Total Labor Force,2016 Total Labor Force,2017 Total Labor Force,2018 Total Labor Force,2019 Total Labor Force,2015 Happiness Score,2016 Happiness Score,2017 Happiness Score,2018 Happiness Score,2019 Happiness Score
Afghanistan,34413603.0,35383128.0,36296400.0,37172386.0,38041754.0,52.64429883,53.2079642,53.76322252,54.32489755,54.91193440000001,11.38700008,11.31299973,11.18400002,11.05700016,11.11800003,14.42700005,14.31400013,14.09000015,13.90600014,14.00399971,10.68400002,10.5710001,10.41600037,10.286999699999999,10.33100033,19907111419.0,18017749074.0,18869945678.0,18353881130.0,19291104008.0,9176450.0,9566712.0,9947922.0,10334090.0,10699797.0,3.575,3.36,3.79399991,3.6319999999999997,3.2030000000000003
Albania,2880703.0,2876101.0,2873457.0,2866376.0,2854191.0,68.70472473,68.66009247,68.64261422,68.58239036,68.39780528,17.07999992,15.22000027,13.75,12.34000015,12.33100033,17.09799957,14.57299995,12.56299973,11.22900009,11.60400009,17.06800079,15.67800045,14.59000015,13.12699986,12.84599972,11386846319.0,11861200797.0,13019693451.0,15147020535.0,15279183290.0,1289562.0,1302836.0,1316869.0,1318022.0,1313923.0,4.959,4.655,4.644000053,4.586,4.718999999999999
Algeria,39728025.0,40551404.0,41389198.0,42228429.0,43053054.0,65.42884525,64.85756642,64.18320494,63.48882487,62.89684351,11.20600033,10.20199966,11.99600029,11.88199997,11.70400047,16.67499924,18.62999916,21.11400032,21.05800056,21.07999992,9.987999916,8.347999573,10.02099991,9.925999641,9.697999954,166361000000.0,159995000000.0,170163000000.0,175406000000.0,171091000000.0,11742189.0,11904866.0,12051687.0,12173459.0,12303926.0,5.605,6.355,5.872000217,5.295,5.211
Argentina,43131966.0,43590368.0,44044811.0,44494502.0,44938712.0,64.06001976,64.06056661,64.08352251,64.12127729,64.16136585,7.75,7.977000237,8.347000122,9.220000267,9.788999557,8.850999832000001,9.118000031000001,9.463999747999999,10.53800011,10.92199993,6.965000152999999,7.150000095,7.52699995,8.225999832000001,8.93500042,594749000000.0,557531000000.0,643629000000.0,517627000000.0,445445000000.0,19360544.0,19696452.0,20035267.0,20551682.0,20772672.0,6.574,6.65,6.598999977,6.388,6.086
Armenia,2925553.0,2936146.0,2944809.0,2951776.0,2957731.0,69.04257075,68.7610583,68.44896633,68.11276042,67.75038027,18.26099968,17.61700058,17.70499992,17.49600029,16.98999977,19.25200081,17.48399925,17.47100067,17.198999399999998,17.29500008,17.38599968,17.731000899999998,17.90600014,17.75099945,16.72900009,10553337673.0,10546135160.0,11527458566.0,12457941907.0,13672802158.0,1334775.0,1310061.0,1303653.0,1303093.0,1303565.0,4.35,4.36,4.375999928,4.321000000000001,4.559
Australia,23815995.0,24190907.0,24601860.0,24982688.0,25364307.0,66.25804941,65.90657302,65.5309417,65.15290773,64.80335154,6.053999901,5.7100000379999996,5.59100008,5.297999859,5.2680001260000004,6.072999954,5.778999805,5.668000221000001,5.31799984,5.328000069,6.039000034,5.651000023,5.525000095,5.2810001369999995,5.215000153,1351690000000.0,1208850000000.0,1329190000000.0,1432880000000.0,1396570000000.0,12585539.0,12742247.0,12989073.0,13254463.0,13414956.0,7.284,7.313,7.28399992,7.272,7.228
Austria,8642699.0,8736668.0,8797566.0,8840521.0,8877067.0,67.03954297,66.9201963,66.81250731,66.70048591,66.56253608,5.72300005,6.013999939,5.499000072,4.84800005,4.673999786,5.308000088,5.543000221000001,5.0310001369999995,4.650000095,4.546999931,6.0850000379999996,6.426000117999999,5.907999992000001,5.019999981000001,4.78399992,381818000000.0,395569000000.0,417238000000.0,455095000000.0,445075000000.0,4460833.0,4537043.0,4566743.0,4601213.0,4613292.0,7.2,7.119,7.006000042,7.138999999999999,7.246
Azerbaijan,9649341.0,9757812.0,9854033.0,9939771.0,10023318.0,71.38958790000001,71.02714111,70.72264792,70.43524739,70.11169103,4.960000038,5.0,5.0,4.900000095,5.508999825,5.867000103,5.907999992000001,5.927000046,5.765999794,6.3350000379999996,4.087999821,4.135000229,4.118999958,4.076000214,4.723999977,53074370486.0,37867518957.0,40865558912.0,47112941176.0,48047647059.0,4875807.0,4969726.0,5033862.0,5091052.0,5103137.0,5.212000000000001,5.291,5.234000206,5.2010000000000005,5.207999999999999
Bahrain,1371851.0,1425791.0,1494074.0,1569439.0,1641172.0,76.82605472,77.26758181,77.78620365,78.319356,78.76249412,1.129999995,0.91900003,0.700999975,0.649999976,0.713999987,3.7449998860000004,3.279999971,2.792000055,2.655999899,2.9630000589999996,0.40400001399999996,0.275999993,0.148000002,0.133000001,0.150000006,31050638298.0,32234973404.0,35473776596.0,37652500000.0,38574069149.0,777895.0,817831.0,869405.0,926959.0,978624.0,5.96,6.218,6.086999893,6.105,6.199
Bangladesh,156256276.0,157970840.0,159670593.0,161356039.0,163046161.0,65.61857714,66.11132307,66.625937,67.13558688,67.60528327,4.377999783,4.349999905,4.372000217,4.2810001369999995,4.190000057,7.467000007999999,7.379000187000001,6.7449998860000004,6.623000145,6.203999996,3.161000013,3.128000021,3.3469998839999997,3.25999999,3.3059999939999996,195079000000.0,221415000000.0,249711000000.0,274039000000.0,302571000000.0,62595846.0,63698450.0,67454903.0,68791250.0,70009461.0,4.694,4.643,4.607999802,4.5,4.456
Belarus,9489616.0,9501534.0,9498264.0,9483499.0,9466856.0,69.41362835,69.07010989,68.71698692,68.28890878,67.7628385,5.914000034,5.840000152999999,5.650000095,4.760000229,4.59499979,4.262000083999999,4.18599987,4.039000034,3.553999901,3.349999905,7.5440001489999995,7.47300005,7.228000164,5.920000076,5.7899999620000004,56454734397.0,47722657821.0,54726595249.0,60031262269.0,63080457023.0,5106430.0,5106665.0,5097017.0,5087320.0,5036882.0,5.813,5.8020000000000005,5.568999767,5.483,5.3229999999999995
Belgium,11274196.0,11331422.0,11375158.0,11427054.0,11484055.0,64.85353395,64.61143766,64.37944165,64.1558335,63.93523089,8.482000351,7.829999924,7.085999966,5.947999954,5.589000225,7.7680001260000004,7.559999942999999,7.053999901,5.5619997979999996,5.136000156000001,9.092000008,8.059000015,7.113999843999999,6.28000021,5.977000237,462150000000.0,475740000000.0,502698000000.0,543734000000.0,533097000000.0,5000910.0,5005505.0,5037405.0,5089752.0,5101824.0,6.937,6.928999999999999,6.890999794,6.9270000000000005,6.922999999999999
Benin,10575952.0,10872067.0,11175204.0,11485048.0,11801151.0,53.73519093,53.89830798,54.0874712,54.29871231,54.52959631,2.582000017,2.536999941,2.459000111,2.385999918,2.2320001130000002,2.776000023,2.747999907,2.664000034,2.566999912,2.335999966,2.394999981,2.332999945,2.260999918,2.210999966,2.131999969,11388160958.0,11821066153.0,12701656931.0,14250985959.0,14390709095.0,4264772.0,4397957.0,4535767.0,4678297.0,4833491.0,3.34,3.484,3.657000065,4.141,4.883
Bhutan,727876.0,736709.0,745568.0,754394.0,763092.0,66.87801219,67.41476949,67.85570099,68.22563455,68.56683074,2.450000048,2.415999889,2.35800004,2.302999973,2.3420000080000003,3.2449998860000004,3.226999998,3.1579999919999997,3.071000099,3.200000048,1.8960000280000002,1.8519999980000001,1.8029999730000001,1.771999955,1.751999974,2003598213.0,2158972129.0,2450364928.0,2446866405.0,2530547158.0,348432.0,356732.0,364557.0,371964.0,380085.0,5.252999999999999,5.196000000000001,5.011000156000001,5.082,5.082
Bolivia,10869730.0,11031813.0,11192854.0,11353142.0,11513100.0,60.83890768,61.11593252,61.41950378,61.73450486,62.036106700000005,3.065999985,3.525000095,3.6700000760000004,3.53399992,3.497999907,3.796999931,4.0749998089999995,4.071000099,3.628999949,3.809000015,2.563999891,3.125,3.3689999580000003,3.457999945,3.250999928,33000198248.0,33941126200.0,37508642165.0,40287647930.0,40895322844.0,4925990.0,5080592.0,5293299.0,5631725.0,5735836.0,5.89,5.822,5.822999954,5.752000000000001,5.779
Bosnia and Herzegovina,3429361.0,3386267.0,3351527.0,3323929.0,3301000.0,70.27787392,70.000378,69.45453189,68.76346488,68.10508937,27.69400024,25.40800095,20.52700043,18.39999962,18.42499924,30.65399933,29.97699928,23.09900093,20.29400063,21.00200081,25.74799919,22.47699928,18.8390007,17.17900085,16.76199913,16211541820.0,16913330694.0,18080118128.0,20183510561.0,20164193807.0,1363985.0,1347240.0,1328960.0,1319691.0,1306464.0,4.949,5.162999999999999,5.18200016,5.129,5.386
Botswana,2120716.0,2159944.0,2205128.0,2254126.0,2303697.0,61.24681476,61.32850786,61.47432293,61.66317964,61.86911734,17.74699974,17.6590004,17.50499916,17.35300064,18.19300079,20.84399986,20.90500069,20.64900017,20.52099991,21.22200012,14.81000042,14.57199955,14.51000023,14.33199978,15.31799984,14420593484.0,15646354089.0,17405588070.0,18663265549.0,18340480936.0,978489.0,999036.0,1023359.0,1049545.0,1080610.0,4.332,3.9739999999999998,3.766000032,3.59,3.488
Brazil,204471769.0,206163058.0,207833831.0,209469333.0,211049527.0,69.56613409,69.64878959,69.71067120000001,69.74309026,69.73919823,8.427000046,11.60000038,12.82199955,12.33399963,12.08300018,10.05500031,13.45800018,14.71800041,14.22999954,14.13899994,7.212999821,10.20600033,11.36999989,10.86900043,10.49499989,1802210000000.0,1795700000000.0,2062830000000.0,1885480000000.0,1839760000000.0,101600929.0,102508951.0,104260712.0,105542232.0,106500838.0,6.983,6.952000000000001,6.635000229,6.419,6.3
Bulgaria,7177991.0,7127822.0,7075947.0,7025037.0,6975761.0,65.70743309,65.2542739,64.79766683,64.38262025,64.06165381,9.142999649,7.5749998089999995,6.164000034,5.210999966,4.340000153,8.416000366,6.967999935,5.946000099,4.652999878,3.9690001010000002,9.776000023,8.097999573,6.354000092000001,5.690000057000001,4.657000065,50647442757.0,53806894796.0,58971520599.0,66230155100.0,68558815112.0,3333802.0,3264392.0,3357160.0,3327614.0,3295081.0,4.218,4.217,4.714000225,4.933,5.011
Burkina Faso,18110624.0,18646378.0,19193284.0,19751535.0,20321378.0,52.01818557,52.20262596,52.409838799999996,52.64493785,52.91489091,6.418000221000001,6.343999863,6.21600008,6.093999863,6.263999939,9.387999535,9.319999695,9.130000114,8.949999809,9.222999573,4.0180001260000004,3.9400000569999998,3.8619999889999996,3.785000086,3.8800001139999996,11832159276.0,12833363370.0,14106956830.0,16059910871.0,15990803570.0,6572285.0,6787426.0,7009083.0,7238229.0,7468213.0,3.5869999999999997,3.739,4.032000065,4.4239999999999995,4.587
Burundi,10160030.0,10487998.0,10827024.0,11175378.0,11530580.0,52.38346737,52.30296162,52.25774518,52.25137879,52.28725702,1.5520000459999999,1.5279999969999998,1.486999989,1.4479999540000001,1.4270000459999999,1.126000047,1.123000026,1.0729999540000001,1.032999992,1.0089999440000001,2.015000105,1.967000008,1.934000015,1.8960000280000002,1.8780000209999999,3104394858.0,2959640987.0,3172292379.0,3036931818.0,3012334882.0,4350268.0,4503184.0,4660778.0,4822373.0,4983237.0,2.905,2.905,2.904999971,2.905,3.775
Cambodia,15521436.0,15766293.0,16009414.0,16249798.0,16486542.0,64.2786402,64.35303875,64.31673399,64.22990522,64.18303487,0.39300000700000004,0.7160000209999999,0.6830000279999999,0.65200001,0.6769999859999999,0.45699998700000005,0.8510000109999999,0.813000023,0.779999971,0.8240000009999999,0.333999991,0.588999987,0.560000002,0.532000005,0.540000021,18049954289.0,20016747754.0,22177200512.0,24571753583.0,27089389787.0,8527881.0,8909071.0,9055041.0,9191221.0,9350230.0,3.819,3.907,4.168000221000001,4.433,4.7
Cameroon,23298368.0,23926539.0,24566045.0,25216237.0,25876380.0,54.0539964,54.204904000000006,54.40127529,54.639542799999994,54.91421907,3.5060000419999997,3.4719998839999997,3.414000034,3.3570001130000002,3.3800001139999996,4.006000042,3.960999966,3.8840000630000002,3.84100008,3.871999979,3.062999964,3.039999962,2.996000051,2.926000118,2.9440000060000004,30928653814.0,32643697596.0,35009262788.0,38694156863.0,39007354359.0,10091929.0,10392255.0,10703273.0,11023646.0,11345979.0,4.252,4.513,4.695000172,4.975,5.044
Canada,35702908.0,36109487.0,36543321.0,37057765.0,37589262.0,67.95488432,67.64695567,67.28747162,66.89774245,66.50620337,6.906000137,6.999000072,6.340000152999999,5.8309998510000005,5.56400013,6.284999847000001,6.237999916000001,5.848999977,5.492000103,5.263000011,7.459000111,7.6779999729999995,6.78000021,6.136000156000001,5.835999966,1556130000000.0,1528240000000.0,1649880000000.0,1716260000000.0,1736430000000.0,19679325.0,19887912.0,20164604.0,20344918.0,20583847.0,7.4270000000000005,7.404,7.315999985,7.327999999999999,7.278
Chad,14110975.0,14561666.0,15016773.0,15477751.0,15946876.0,49.71862681,49.90749681,50.13270845,50.39318107,50.68741364,1.832999945,1.855999947,1.84800005,1.838000059,1.8910000319999998,1.56099999,1.582000017,1.625,1.64199996,1.70599997,2.058000088,2.084000111,2.0329999919999997,2.003000021,2.046000004,10950392220.0,10097778354.0,10000395242.0,11239167048.0,11314951343.0,5221720.0,5408037.0,5597518.0,5788876.0,5995556.0,3.667,3.763,3.9360001089999996,4.301,4.35
Chile,17969353.0,18209068.0,18470439.0,18729160.0,18952038.0,68.83656301,68.82224834,68.78390925,68.71629587,68.62418701,6.507999897,6.737999916000001,6.958000182999999,7.232999802,7.090000152999999,7.137000083999999,7.261000156000001,7.454999924,7.979000092000001,7.702000141,6.06400013,6.366000175,6.599999905,6.6880002020000004,6.642000198,243919000000.0,250440000000.0,277045000000.0,298258000000.0,282318000000.0,8861615.0,9001237.0,9208644.0,9391133.0,9557893.0,6.67,6.705,6.65199995,6.476,6.444
China,1371220000.0,1378665000.0,1386395000.0,1392730000.0,1397715000.0,72.61433377,72.20275277,71.71751844,71.20211371,70.72329863,4.629000187,4.534999847,4.440999985,4.276000023,4.320000172,4.012000083999999,3.928999901,3.8469998839999997,3.703000069,3.726999998,5.114999771,5.010000229,4.90500021,4.722000122,4.78000021,11061600000000.0,11233300000000.0,12310400000000.0,13894800000000.0,14342900000000.0,784597090.0,784950069.0,784839482.0,783424134.0,781074570.0,5.14,5.245,5.2729997630000005,5.246,5.191
Colombia,47520667.0,48175048.0,48909844.0,49661056.0,50339443.0,67.77563749,68.0179463,68.24399892,68.444057,68.61338533,8.298999786,8.692000389,8.871999741,9.111000061,9.706999779,10.84000015,11.20400047,11.51299953,11.79399967,12.713000300000001,6.361999989,6.78000021,6.866000175,7.092000007999999,7.445000172,293482000000.0,282825000000.0,311884000000.0,333569000000.0,323616000000.0,25054953.0,25431103.0,25864779.0,26235604.0,26787864.0,6.477,6.481,6.3569998739999996,6.26,6.125
"Congo, Dem. Rep.",76244544.0,78789127.0,81398764.0,84068091.0,86790567.0,50.63821747,50.63351317,50.69676857,50.81651729,50.98166141,4.4060001369999995,4.3569998739999996,4.2729997630000005,4.19299984,4.236000061,3.562000036,3.487999916,3.426000118,3.3529999260000003,3.4040000439999996,5.196000099,5.171000004,5.066999912,4.980999947,5.013999939,37917704900.0,37134799975.0,38019265626.0,46831342213.0,50400746171.0,26127406.0,26995422.0,27898477.0,28829943.0,29741906.0,3.989,4.236000000000001,4.290999889,4.559,4.812
"Congo, Rep.",4856095.0,4980999.0,5110702.0,5244363.0,5380508.0,55.27628681,55.318695299999995,55.41263957,55.554778000000006,55.74133520000001,9.911999702000001,9.857999802,9.762999535,9.670000076,9.472000122,10.7670002,10.58199978,10.36100006,10.26500034,10.10499954,9.093000412,9.163999557,9.18900013,9.097000122,8.862999916,11953249530.0,10335424288.0,11198674674.0,13518403447.0,12267392147.0,1960470.0,2013099.0,2068663.0,2124852.0,2184551.0,4.5169999999999995,4.272,4.28000021,4.245,4.418
Costa Rica,4847804.0,4899345.0,4949954.0,4999441.0,5047561.0,69.16721468,69.18392152,69.17211756,69.12540822,69.04092888,8.998999596,8.597999573,8.142000198,9.631999968999999,11.85400009,11.15299988,10.83899975,10.29300022,12.19200039,14.84599972,7.603000164,7.22300005,6.818999767,8.003000259,9.93900013,54775994479.0,57157992434.0,58481858043.0,60553901420.0,61801385049.0,2338013.0,2272972.0,2336778.0,2445858.0,2473778.0,7.226,7.087000000000001,7.078999996,7.072,7.167000000000001
Croatia,4203604.0,4174349.0,4124531.0,4087843.0,4067500.0,66.21314502,65.95282709,65.53958216,65.04262698,64.57764368,16.17499924,13.10299969,11.20800018,8.43200016,6.934999942999999,16.89800072,13.7869997,11.90499973,9.340000153,8.644000053,15.54699993,12.51399994,10.61100006,7.644000052999999,5.4499998089999995,49525747504.0,51601147666.0,55481644098.0,61375222347.0,60752588976.0,1887533.0,1828434.0,1821368.0,1794730.0,1778668.0,5.7589999999999995,5.4879999999999995,5.293000221000001,5.321000000000001,5.432
Cyprus,1160985.0,1170187.0,1179680.0,1189265.0,1198575.0,70.27145054,70.00342679999999,69.74801598,69.49309027,69.24464468,14.90799999,12.94999981,11.05200005,8.369999886,7.274000168,14.76599979,13.33300018,11.26900005,8.755000114,8.121999741,15.03199959,12.62100029,10.86499977,8.041000366,6.547999859,19842404305.0,20953442550.0,22729184365.0,25309818139.0,24948935408.0,604302.0,603072.0,611083.0,625713.0,629536.0,5.689,5.546,5.620999812999999,5.7620000000000005,6.046
Czech Republic,10546059.0,10566332.0,10594438.0,10629928.0,10669709.0,66.89083524,66.27224569,65.61791833,64.99251759,64.47630503,5.046000004,3.950999975,2.890000105,2.243000031,1.9329999690000002,6.073999882000001,4.670000076,3.5789999960000003,2.802999973,2.3840000630000002,4.2319998739999996,3.378000021,2.336999893,1.791000009,1.5670000309999998,188033000000.0,196272000000.0,218629000000.0,248909000000.0,250681000000.0,5337426.0,5388569.0,5419544.0,5453301.0,5445535.0,6.505,6.596,6.609000206,6.711,6.852
Denmark,5683483.0,5728010.0,5764980.0,5793636.0,5818553.0,64.10939592,63.98027856,63.84881462,63.7287848,63.63378215,6.168000221000001,6.181000233,5.743000031,4.974999905,4.913000107,6.443999767,6.638999939,5.93599987,5.149000168,5.193999767,5.922999859,5.7680001260000004,5.568999767,4.81799984,4.65899992,302673000000.0,313116000000.0,332121000000.0,356879000000.0,350104000000.0,2931334.0,3024663.0,2986512.0,3014756.0,3026441.0,7.527,7.526,7.521999836,7.555,7.6
Dominican Republic,10281680.0,10397743.0,10513131.0,10627165.0,10738958.0,64.66184515,64.77723382,64.86939538,64.94005302,64.99291644,7.605000018999999,7.282999992000001,5.831999778999999,5.738999843999999,5.84499979,10.90499973,10.73099995,8.121999741,8.074999809,8.279000282,5.480999947000001,5.026000023,4.320000172,4.1690001489999995,4.201000214,71164825258.0,75704720190.0,79997975623.0,85555378044.0,88941299734.0,4663162.0,4763649.0,4838602.0,4917459.0,4993453.0,4.885,5.155,5.230000018999999,5.3020000000000005,5.425
Ecuador,16212020.0,16491115.0,16785361.0,17084357.0,17373662.0,64.33873755,64.5292714,64.68725933,64.81411827,64.92083246,3.6159999369999998,4.597000122,3.835999966,3.529999971,3.967999935,4.524000168,5.848999977,4.928999901,4.400000095,4.958000183,3.023000002,3.726000071,3.0690000060000004,2.928999901,3.2829999919999997,99290381000.0,99937696000.0,104296000000.0,107562000000.0,107436000000.0,7645634.0,8042861.0,8305745.0,8365114.0,8545537.0,5.975,5.976,6.007999897,5.973,6.028
El Salvador,6325124.0,6356143.0,6388122.0,6420744.0,6453553.0,63.87187034,64.22193459,64.44966802,64.58082908,64.67197217,3.997999907,4.418000221000001,4.385000229,4.006000042,4.110000134,3.473999977,3.851999998,4.006000042,3.750999928,3.578000069,4.375999928,4.831999778999999,4.657999992,4.18900013,4.493999958,23438240000.0,24191440000.0,24979200000.0,26117400000.0,27022640000.0,2665700.0,2729547.0,2743560.0,2757089.0,2789514.0,6.13,6.068,6.002999783,6.167000000000001,6.252999999999999
Estonia,1315407.0,1315790.0,1317384.0,1321977.0,1326590.0,65.04749777,64.81120538,64.46494213,64.01656941,63.54492294,6.1869997979999996,6.762000083999999,5.760000229,5.366000175,5.114999771,6.133999825,6.065999985,5.298999786,5.31799984,4.96600008,6.236000061,7.414000034,6.190999985,5.409999847000001,5.254000187,23048864243.0,24259552889.0,26951648829.0,30631142227.0,31471100656.0,686173.0,695266.0,703684.0,705816.0,704366.0,5.428999999999999,5.517,5.611000061,5.739,5.893
Ethiopia,100835458.0,103603501.0,106400024.0,109224559.0,112078730.0,54.37154756,54.806239,55.26137124,55.7158851,56.14686837,2.194999933,2.167999983,2.119999886,2.075000048,2.08100009,2.901000023,2.8570001130000002,2.8110001089999996,2.746000051,2.7560000419999997,1.5900000330000001,1.574000001,1.5230000019999999,1.491999984,1.493999958,64589334979.0,74296618481.0,81770791971.0,84269348327.0,95912590628.0,46718750.0,48240655.0,49804178.0,51412462.0,53195214.0,4.512,4.508,4.460000038,4.35,4.2860000000000005
Finland,5479531.0,5495303.0,5508214.0,5515525.0,5520314.0,63.36096879,62.87518101,62.47008231,62.13402948,61.84301383,9.376000404,8.81799984,8.640000342999999,7.361000061,6.59499979,8.842000008,8.581999779,8.388999939,7.297999859,6.296000004,9.875,9.036999702000001,8.871999741,7.4190001489999995,6.872000217,234440000000.0,240608000000.0,255232000000.0,275947000000.0,269296000000.0,2695658.0,2688556.0,2709345.0,2742737.0,2739091.0,7.406000000000001,7.412999999999999,7.468999863,7.632000000000001,7.769
France,66548272.0,66724104.0,66864379.0,66965912.0,67059887.0,62.76647242,62.470344499999996,62.22117654,62.00891081,61.80647185,10.35900021,10.05700016,9.397000313,9.059000015,8.427000046,9.880999565,9.852000237,9.336000443,9.097000122,8.36400032,10.79599953,10.24400043,9.454000472999999,9.022999763,8.484999657000001,2438210000000.0,2471290000000.0,2595150000000.0,2787860000000.0,2715520000000.0,30138027.0,30197208.0,30236456.0,30391825.0,30386432.0,6.575,6.478,6.441999912000001,6.489,6.5920000000000005
Gabon,1947686.0,2007873.0,2064823.0,2119275.0,2172579.0,60.04053015,59.80552555,59.59324359,59.41022284,59.27572714,20.26000023,20.1590004,19.98200035,19.80699921,20.00399971,28.71800041,28.55500031,28.26600075,28.10099983,28.50699997,14.52099991,14.501000400000002,14.43299961,14.27700043,14.29300022,14383107714.0,14023890620.0,14929488771.0,16862282414.0,16874450215.0,636572.0,659706.0,681829.0,702504.0,721924.0,3.8960000000000004,4.121,4.465000153,4.758,4.7989999999999995
Georgia,3725276.0,3727505.0,3728004.0,3726549.0,3720382.0,66.68471588,66.25135414,65.79735257,65.33926797,64.90751896,16.50600052,16.60400009,13.93900013,13.78499985,14.39799976,13.90100002,12.53100014,12.69099998,12.54699993,12.88000011,18.68000031,19.91300011,14.95400047,14.79399967,15.63500023,14953950557.0,15141758567.0,16242916916.0,17599700091.0,17477255546.0,2090740.0,2059913.0,2051071.0,2040890.0,2032911.0,4.297,4.252,4.285999775,4.34,4.519
Germany,81686611.0,82348669.0,82657002.0,82905782.0,83132799.0,65.56447055,65.39599085,65.17782359,64.9170079,64.6375192,4.624000072,4.122000217,3.746000051,3.3840000630000002,3.042999983,4.21999979,3.7409999369999998,3.3150000569999998,2.910000086,2.6940000060000004,4.97300005,4.451000214,4.118000031,3.792000055,3.342999935,3356240000000.0,3467500000000.0,3682600000000.0,3963770000000.0,3861120000000.0,42592924.0,43055076.0,43289005.0,43560137.0,43577709.0,6.75,6.994,6.951000214,6.965,6.985
Ghana,27849205.0,28481946.0,29121471.0,29767108.0,30417856.0,58.80449011,58.94660284,59.13016395,59.33504041,59.53780569,6.806000233,5.4499998089999995,4.22300005,4.157000065,4.3309998510000005,6.565999985,5.433000087999999,4.385000229,4.251999855,4.464000225,7.013000011,5.464000225,4.081999778999999,4.073999882,4.21600008,48564863888.0,55009730600.0,58998132330.0,65556464048.0,66983634224.0,11708016.0,12006769.0,12304378.0,12611514.0,12917053.0,4.633,4.276,4.1199998860000004,4.657,4.996
Greece,10820883.0,10775971.0,10754679.0,10732882.0,10716322.0,64.61915148,64.51476823,64.39583895,64.27348306,64.16193128,24.89699936,23.53899956,21.48800087,19.29199982,17.23800087,28.89299965,28.14299965,26.11499977,24.29000092,22.01600075,21.74699974,19.88899994,17.84900093,15.40699959,13.51599979,196591000000.0,195222000000.0,203588000000.0,218138000000.0,209853000000.0,4825534.0,4821995.0,4812433.0,4804346.0,4776602.0,4.857,5.033,5.2270002369999995,5.358,5.287000000000001
Guatemala,15567419.0,15827690.0,16087418.0,16346950.0,16604026.0,59.26100031,59.74785981,60.25278792,60.752532099999996,61.21168353,2.5060000419999997,2.582999945,2.461999893,2.40199995,2.459000111,3.5409998889999996,3.4719998839999997,3.5220000739999997,3.467999935,3.4119999410000004,1.996000051,2.125999928,1.93900001,1.8739999530000002,1.988000035,62186186576.0,66053725049.0,71612352645.0,73118147941.0,76710355347.0,6097908.0,6307795.0,6498737.0,6680520.0,6847286.0,6.122999999999999,6.324,6.453999996,6.382000000000001,6.436
Guinea,11432088.0,11738441.0,12067539.0,12414318.0,12771246.0,52.08652173,52.46573455,52.84481425,53.22380421,53.60810527,4.434000015,4.392000198,4.31799984,4.247000217,4.296000004,3.457999945,3.4930000310000002,3.325999975,3.286000013,3.315999985,5.597000122000001,5.465000152999999,5.506000042,5.400000095,5.461999893,8794202444.0,8595955581.0,10324668267.0,10907214994.0,12296665331.0,3915430.0,4029992.0,4151690.0,4285745.0,4444072.0,3.656,3.6069999999999998,3.5069999689999998,3.964,4.534
Haiti,10695542.0,10839970.0,10982366.0,11123176.0,11263077.0,60.98774611,61.26775259,61.54011804,61.80835189,62.07774305,13.96500015,13.88099957,13.73499966,13.59200001,13.78100014,17.04100037,16.95299911,16.77300072,16.61499977,16.69300079,11.19799995,11.12100029,11.00800037,10.87800026,11.16300011,14857386164.0,13723267961.0,14213814583.0,15965670198.0,14332163266.0,4664609.0,4768066.0,4871279.0,4975289.0,5080581.0,4.518,4.0280000000000005,3.6029999260000003,3.582,3.597
Honduras,9112916.0,9270795.0,9429013.0,9587522.0,9746117.0,61.94650538,62.55904699,63.09407994,63.56850081,64.01238565,6.146999836,6.727000237,5.527999877999999,5.647999763,5.386000156000001,8.960000037999999,9.031000137000001,8.015999793999999,7.241000175,7.002999783,4.512000083999999,5.383999825,4.125999928,4.665999889,4.387000083999999,20979767785.0,21717622071.0,23136232230.0,24024189736.0,25095395475.0,4020478.0,4109395.0,4273483.0,4499704.0,4614041.0,4.788,4.871,5.181000233,5.504,5.86
Hungary,9843028.0,9814023.0,9787966.0,9775564.0,9769949.0,68.08257746,67.626637,67.04987336,66.4302824,65.87232267,6.8130002020000004,5.114999771,4.1560001369999995,3.707999945,3.398999929,7.039000034,5.107999802,4.571000099,3.9860000610000004,3.4800000189999998,6.622000217,5.120999813,3.809000015,3.476999998,3.33100009,125074000000.0,128471000000.0,142962000000.0,160419000000.0,163469000000.0,4617150.0,4685790.0,4714349.0,4731877.0,4720629.0,4.8,5.145,5.323999882,5.62,5.757999999999999
Iceland,330815.0,335439.0,343400.0,352721.0,361313.0,65.97293508,65.78779432,65.5848059,65.37258734,65.16070802,3.9790000919999997,2.9779999260000003,2.742000103,2.7039999960000003,2.8420000080000003,4.051000118,3.0460000039999997,2.717999935,2.539999962,2.835000038,3.914000034,2.917999983,2.7630000110000004,2.851000071,2.84800005,17389101639.0,20618363252.0,24488176541.0,25737594324.0,24188038474.0,203034.0,208261.0,210583.0,212899.0,217840.0,7.561,7.501,7.504000187000001,7.495,7.494
India,1310152403.0,1324509589.0,1338658835.0,1352617328.0,1366417754.0,65.94416405,66.27426247,66.53818711,66.7667425,67.00381119,5.565000057000001,5.511000156000001,5.4190001489999995,5.329999924,5.355000018999999,5.571000099,5.5050001139999996,5.375,5.3000001910000005,5.232999802,5.5630002020000004,5.513000011,5.429999828,5.336999893,5.386000156000001,2103590000000.0,2294800000000.0,2652750000000.0,2713170000000.0,2868930000000.0,476339891.0,480525905.0,484231730.0,487622021.0,494261426.0,4.565,4.404,4.315000057,4.19,4.015
Indonesia,258383256.0,261554226.0,264645886.0,267663435.0,270625568.0,67.16559219,67.2429804,67.40315016,67.59163708,67.73457784,4.513999939,4.301000118,4.184999943,4.511000156000001,4.686999798,4.429999828,3.86500001,3.9210000039999997,4.250999928,4.510000229,4.565999985,4.572000027,4.3520002369999995,4.678999901,4.801000118,860854000000.0,931877000000.0,1015620000000.0,1042240000000.0,1119190000000.0,124649774.0,125957742.0,129622071.0,132737405.0,134776525.0,5.399,5.314,5.262000083999999,5.093,5.192
Iraq,35572261.0,36610632.0,37552781.0,38433600.0,39309783.0,57.58574075,57.74782855,57.99419223,58.28983494,58.58053961,10.713000300000001,10.81999969,13.02000046,12.86200047,12.82199955,22.17399979,22.3390007,31.02000046,30.85099983,30.40399933,8.527000427,8.534999847,10.27999973,10.10499954,10.08300018,177499000000.0,174896000000.0,195473000000.0,224228000000.0,234094000000.0,9491635.0,9813997.0,9800982.0,10146991.0,10475720.0,4.677,4.575,4.497000217,4.456,4.437
Ireland,4701957.0,4755335.0,4807388.0,4867316.0,4941444.0,65.33622788,65.09707974,64.89006852,64.72777871,64.62679429,9.906000137000001,8.373999596,6.711999893,5.739999771,4.927999973,8.906999588,7.59800005,6.293000221000001,5.690999985,4.673999786,10.72999954,9.022000313,7.065000057000001,5.782000065,5.1430001260000004,291500000000.0,300523000000.0,335663000000.0,382674000000.0,388699000000.0,2283198.0,2321591.0,2344064.0,2385556.0,2418323.0,6.94,6.907,6.977000237,6.977,7.021
Israel,8380100.0,8546000.0,8713300.0,8882800.0,9053300.0,60.91262883,60.60107399,60.32990904,60.09776752,59.90575367,5.250999928,4.797999859,4.215000153,3.997999907,3.8610000610000004,5.3930001260000004,4.941999912,4.320000172,3.9539999960000003,3.898000002,5.125,4.6690001489999995,4.120999813,4.038000107,3.826999903,299813000000.0,318951000000.0,353253000000.0,370588000000.0,394652000000.0,3876919.0,3955835.0,4024831.0,4102822.0,4181133.0,7.278,7.267,7.212999821,6.814,7.138999999999999
Italy,60730582.0,60627498.0,60536709.0,60421760.0,60297396.0,64.33598201,64.16047427,64.02524052,63.91920431,63.82120584,11.89599991,11.68799973,11.21100044,10.60999966,9.887000084,12.69400024,12.77499962,12.38799953,11.77499962,10.838000300000001,11.31499958,10.89000034,10.34000015,9.746999741,9.18200016,1835900000000.0,1875800000000.0,1961800000000.0,2091540000000.0,2003580000000.0,25541895.0,25812533.0,25985917.0,26034264.0,25946128.0,5.9479999999999995,5.977,5.964000225,6.0,6.223
Jamaica,2891021.0,2906238.0,2920853.0,2934855.0,2948279.0,66.89031315,67.09541138,67.29244384,67.45326077,67.54638893,13.51099968,13.19200039,11.63399982,9.104000092,8.001999855,17.875,17.43099976,15.392000199999998,11.9090004,10.80700016,9.909000397,9.61400032,8.42800045,6.724999905,5.616000175,14187696311.0,14075894320.0,14806340821.0,15713908816.0,16458071068.0,1402369.0,1445230.0,1476965.0,1473383.0,1488632.0,5.709,5.51,5.31099987,5.89,5.89
Japan,127141000.0,126994511.0,126785797.0,126529100.0,126264931.0,60.99128482,60.49382348,60.07613014,59.72678128,59.424919700000004,3.400000095,3.099999905,2.799999952,2.400000095,2.290999889,3.112999916,2.8139998910000004,2.63499999,2.177999973,2.144999981,3.61500001,3.316999912,2.9270000460000003,2.573999882,2.405999899,4389480000000.0,4922540000000.0,4866860000000.0,4954810000000.0,5081770000000.0,66363530.0,66850743.0,67288388.0,68358370.0,68139088.0,5.987,5.921,5.920000076,5.915,5.886
Jordan,9266575.0,9551467.0,9779173.0,9956011.0,10101694.0,60.26763934,60.75659657,61.30351774,61.90801939,62.54434157,13.07499981,15.27499962,15.11499977,14.95899963,14.71500015,22.66200066,24.18499947,23.95800018,23.69300079,23.34499931,11.02999973,13.357999800000002,13.19299984,13.036999699999999,12.80500031,38587017944.0,39892551149.0,41408960787.0,42932112676.0,44502895862.0,2329440.0,2423692.0,2506538.0,2579658.0,2637892.0,5.192,5.303,5.335999966,5.1610000000000005,4.906000000000001
Kazakhstan,17542806.0,17794055.0,18037776.0,18276498.5,18513930.0,66.54297947,65.77406829,64.9483167,64.14760395,63.46640612,4.929999828,4.960000038,4.900000095,4.8249998089999995,4.590000153,5.5,5.508999825,5.434999942999999,5.34800005,5.222000122,4.392000198,4.446000099,4.403999805,4.342000008,4.0050001139999996,184388000000.0,137278000000.0,166806000000.0,179340000000.0,181666000000.0,9116395.0,9070629.0,9003750.0,9030838.0,9053149.0,5.855,5.919,5.818999767,5.79,5.809
Kenya,47878336.0,49051686.0,50221473.0,51393010.0,52573973.0,56.45571517,56.92169994,57.39388204,57.87864645,58.38279903,2.79399991,2.7569999689999998,2.694999933,2.63499999,2.64199996,2.996000051,2.9400000569999998,2.858999968,2.822000027,2.799999952,2.602999926,2.585000038,2.539000034,2.45600009,2.49000001,64007750169.0,69188755364.0,78965004656.0,87778582964.0,95503088538.0,20855980.0,21750718.0,22401022.0,23057935.0,23879160.0,4.419,4.356,4.552999973,4.41,4.5089999999999995
Kuwait,3835591.0,3956875.0,4056099.0,4137312.0,4207083.0,76.67673639,76.46089401,76.19508301,75.91063957,75.66632272,2.200000048,2.160000086,1.7979999780000002,2.075999975,2.1819999219999997,4.684000015,5.618999958,4.848999977,5.446000099,5.524000168,1.27699995,0.906000018,0.717999995,0.920000017,1.065000057,114567000000.0,109420000000.0,120707000000.0,140645000000.0,134629000000.0,2193690.0,2265966.0,2334771.0,2383249.0,2424991.0,6.295,6.239,6.105000018999999,6.082999999999999,6.021
Latvia,1977527.0,1959537.0,1942248.0,1927174.0,1912789.0,65.38709519,65.09153275,64.59043297,63.96060274,63.35573279,9.873000145,9.642999649,8.715000153,7.412000179,6.519999981000001,8.637000084,8.399999618999999,7.673999786,6.416999817000001,5.631000042,11.088000300000001,10.89099979,9.751999855,8.404999733,7.407000065,27239653844.0,28052325862.0,30458763246.0,34416012859.0,34102913582.0,1008394.0,1006942.0,1003688.0,1000226.0,983102.0,5.098,5.56,5.849999905,5.933,5.94
Lebanon,6532678.0,6711121.0,6811873.0,6848925.0,6855713.0,66.3349089,66.48664243,66.66571839,66.9017647,67.15448853,6.3569998739999996,6.309000015,6.224999905,6.1430001260000004,6.229000092000001,10.39299965,10.3039999,10.13300037,9.996999741,9.880000114,5.068999767,5.027999878,4.96600008,4.895999908,5.046999931,49939374833.0,51205122504.0,53140638269.0,54961275742.0,51991634492.0,2225580.0,2299119.0,2349593.0,2381501.0,2398864.0,4.8389999999999995,5.129,5.224999905,5.358,5.197
Liberia,4472230.0,4586788.0,4702228.0,4818977.0,4937374.0,54.73222531,55.000330299999995,55.29857561,55.62158161,55.96138757,2.078999996,3.08100009,3.003999949,2.9319999219999997,2.8139998910000004,1.782999992,2.332999945,2.275000095,2.210999966,2.223999977,2.3420000080000003,3.752000093,3.661000013,3.5840001110000004,3.3469998839999997,3177000000.0,3277826000.0,3285455000.0,3264000000.0,3070518100.0,1944762.0,2048924.0,2106396.0,2165501.0,2232405.0,4.571000000000001,3.622,3.5329999919999997,3.495,3.975
Libya,6418315.0,6492164.0,6580724.0,6678567.0,6777452.0,66.89339803,66.99872862,67.13142809,67.28872201,67.47348414,18.88100052,18.78899956,18.62700081,18.46800041,18.56299973,25.32699966,25.21500015,25.00300026,24.59900093,24.56999969,15.54199982,15.46000004,15.32600021,15.29699993,15.4630003,27842131480.0,26197143268.0,37883243650.0,52607888718.0,52091152228.0,2260872.0,2296579.0,2337299.0,2380602.0,2422261.0,5.754,5.615,5.525000095,5.566,5.525
Lithuania,2904910.0,2868231.0,2828403.0,2801543.0,2786844.0,66.71974979,66.38965765,65.97155985,65.41254234,64.70613601,9.119999886,7.861999989,7.072999954,6.146999836,6.352000237,8.161000252000001,6.650000095,5.672999859,5.409999847000001,6.304999828,10.09700012,9.097999573,8.49600029,6.890999794,6.400000095,41418872976.0,43018087238.0,47758736932.0,53722883091.0,54627411860.0,1470309.0,1482451.0,1468938.0,1472661.0,1457292.0,5.832999999999999,5.813,5.90199995,5.952000000000001,6.149
Luxembourg,569604.0,582014.0,596336.0,607950.0,619896.0,69.62792528,69.71829770000001,69.82818334,69.93802183,70.01781628,6.6690001489999995,6.290999889,5.521999836,5.5850000379999996,5.362999916000001,7.348999977,6.631999969,5.499000072,5.883999825,5.889999866,6.109000206,6.012000083999999,5.540999889,5.331999778999999,4.916999817,57744457955.0,60691483443.0,64181944723.0,70919958016.0,71104919108.0,282750.0,283597.0,293653.0,302721.0,310000.0,6.946000000000001,6.871,6.862999916000001,6.91,7.09
Madagascar,24234088.0,24894380.0,25570540.0,26262368.0,26969307.0,55.52256805,55.82712075,56.09750403,56.34513228,56.58909589,1.7849999669999999,1.763000011,1.725000024,1.68900001,1.758000016,1.800999999,1.7899999619999998,1.751999974,1.720999956,1.845999956,1.769999981,1.738000035,1.7000000480000002,1.6590000390000001,1.6729999780000002,11323023787.0,11848615018.0,13176313233.0,13853433948.0,14114631281.0,12238090.0,12620212.0,13010466.0,13409202.0,13851504.0,3.681,3.695,3.644000053,3.7739999999999996,3.9330000000000003
Malawi,16745303.0,17205289.0,17670260.0,18143315.0,18628747.0,52.27595464,52.66897724,53.05410874,53.45227916,53.88928735,5.846000195,5.795000076,5.706999778999999,5.622000217,5.652999877999999,6.837999821,6.78000021,6.698999882000001,6.5749998089999995,6.617000103,4.912000179,4.863999843999999,4.764999866,4.712999821,4.736000061,6373212641.0,5433040160.0,6303292264.0,6917301909.0,7666704427.0,7106401.0,7334170.0,7563865.0,7799084.0,8079230.0,4.292,4.156000000000001,3.970000029,3.5869999999999997,3.41
Malaysia,30270962.0,30684804.0,31105028.0,31528585.0,31949777.0,68.93482936,69.08061926,69.22225702,69.33310429,69.38424954,3.099999905,3.4400000569999998,3.410000086,3.349999905,3.323999882,3.39199996,3.928999901,3.9270000460000003,3.825999975,3.74000001,2.9210000039999997,3.137000084,3.089999914,3.055000067,3.0650000569999998,301355000000.0,301255000000.0,319112000000.0,358715000000.0,364681000000.0,14612026.0,14851647.0,15114465.0,15381536.0,15673198.0,5.77,6.005,6.084000111,6.322,5.3389999999999995
Mali,17438778.0,17965429.0,18512394.0,19077690.0,19658031.0,49.52097561,49.62358011,49.76226784,49.94928385,50.20017519,7.729000092000001,7.5529999729999995,7.329999924,7.110000134,7.223999977,8.793000221,8.534999847,8.204000472999999,7.861999989,7.953999996,6.90199995,6.789000034,6.650000095,6.522999763,6.657000065,13104802016.0,14025944550.0,15365627045.0,17070758732.0,17279566719.0,6450183.0,6651300.0,6863272.0,7086706.0,7335419.0,3.995,4.073,4.190000057,4.447,4.39
Malta,445053.0,455356.0,467999.0,484630.0,502653.0,66.98096453,66.41297693,65.88290903,65.37377518,64.8540325,5.379000187000001,4.686999798,4.000999928,3.71600008,3.47300005,5.387000083999999,5.164000034,4.251999855,3.5559999939999996,3.773999929,5.374000072,4.375,3.8340001110000004,3.825999975,3.266000032,11091434435.0,11665231192.0,13146963159.0,14750790658.0,14989415684.0,208231.0,215515.0,223557.0,235579.0,243422.0,6.3020000000000005,6.4879999999999995,6.52699995,6.627000000000001,6.726
Mauritania,4046301.0,4163534.0,4282574.0,4403319.0,4525696.0,56.37637932,56.46742802,56.60673381,56.77570502,56.95484186,9.758000374,9.692000389,9.576999664,9.463999747999999,9.548000336,12.16899967,12.18599987,12.04599953,11.94999981,12.11200047,8.656999588,8.552000046,8.444000244,8.319000244,8.366000175,6166857629.0,6398744505.0,6758390729.0,7049169771.0,7600656944.0,1099054.0,1135240.0,1172264.0,1210148.0,1248249.0,4.436,4.2010000000000005,4.291999817,4.356,4.49
Mauritius,1262605.0,1263473.0,1264613.0,1265303.0,1265711.0,70.64565971,70.65526027,70.69092186,70.73213461,70.74156394,7.409999847000001,6.81400013,6.751999855,6.657000065,6.673999786,10.70199966,10.42199993,10.05300045,9.904000282,9.998999596,5.293000221000001,4.525000095,4.646999836,4.554999828,4.506999969,11692287066.0,12232463656.0,13259351418.0,14181951059.0,14048430519.0,603765.0,600981.0,608131.0,608753.0,610685.0,5.477,5.648,5.629000187000001,5.891,5.888
Mexico,121858258.0,123333376.0,124777324.0,126190788.0,127575529.0,65.63931515,65.82178939,66.02000456,66.21946683,66.39822125,4.313000202,3.858999968,3.4200000760000004,3.2829999919999997,3.424999952,4.453000069,3.90899992,3.601000071,3.4270000460000003,3.711999893,4.229000092,3.8289999960000003,3.3110001089999996,3.196000099,3.250999928,1171870000000.0,1078490000000.0,1158910000000.0,1222350000000.0,1268870000000.0,53574700.0,54396002.0,55131907.0,56253063.0,57142190.0,7.187,6.778,6.578000069,6.4879999999999995,6.595
Moldova,2834530.0,2802170.0,2755158.0,2706049.0,2657637.0,74.15911268,73.79855775,73.27474257,72.67035279999999,72.09718982,3.6940000060000004,4.184999943,4.09800005,2.9779999260000003,5.47300005,2.9200000760000004,2.8800001139999996,3.338999987,2.471999884,4.15500021,4.445000172,5.447999954,4.822999954,3.4790000919999997,6.7680001260000004,7745231660.0,8071480541.0,9669759987.0,11456717193.0,11968713370.0,1052791.0,1009773.0,982127.0,988570.0,963122.0,5.888999999999999,5.897,5.837999821,5.64,5.529
Mongolia,2998439.0,3056359.0,3113779.0,3170208.0,3225167.0,67.27377145,66.64579219,66.05640208,65.50689291,65.01238541,4.861000061,7.235000134,6.359000206,6.254000187000001,6.011000156000001,4.245999813,5.873000145,5.640999794,5.59100008,5.6300001139999996,5.374000072,8.369000435,6.960999966,6.8130002020000004,6.333000182999999,11749620620.0,11186734674.0,11425755280.0,13108769496.0,13996719329.0,1287072.0,1278706.0,1306828.0,1319351.0,1331891.0,4.874,4.907,4.954999924,5.125,5.285
Montenegro,622159.0,622303.0,622373.0,622227.0,622137.0,67.71862778,67.52483803,67.20201796,66.81554422,66.46061145,17.54400063,17.72299957,16.07099915,15.17500019,14.88300037,17.30599976,17.07999992,16.9470005,15.09700012,15.72999954,17.73900032,18.23800087,15.37899971,15.23499966,14.22500038,4053097851.0,4373958354.0,4844606146.0,5504255214.0,5542577965.0,268047.0,271005.0,271367.0,277016.0,277234.0,5.192,5.1610000000000005,5.236999989,5.347,5.523
Morocco,34663603.0,35126296.0,35581294.0,36029138.0,36471769.0,65.88659869,65.81884852,65.79405364,65.78071505,65.73002807,9.460000037999999,9.300000191,9.187000275,9.078000069,9.019000053,10.42399979,10.70100021,10.71800041,10.53800011,10.41499996,9.138999939,8.843999862999999,8.699999809,8.609999657000001,8.574000359,101180000000.0,103312000000.0,109683000000.0,118096000000.0,119700000000.0,11817891.0,11780964.0,11742989.0,11918297.0,12067484.0,5.013,5.151,5.235000134,5.254,5.207999999999999
Myanmar,52680726.0,53045226.0,53382581.0,53708395.0,54045420.0,67.01409544,67.31718483,67.59224925,67.84430978,68.07389414,0.765999973,1.141000032,1.550999999,1.493999958,1.5770000219999998,0.902999997,1.394000053,2.023000002,1.9620000119999998,2.073999882,0.667999983,0.963999987,1.228999972,1.175999999,1.238999963,67822772707.0,67184236747.0,68945867478.0,76168043982.0,76085852617.0,24925876.0,24611006.0,24283550.0,24470007.0,24690588.0,4.3069999999999995,4.395,4.545000076,4.308,4.36
Nepal,27015031.0,27261131.0,27627124.0,28087871.0,28608710.0,61.10603019,62.07694387,62.99880203,63.8580639,64.64705679,1.475000024,1.44599998,1.3960000280000002,1.350000024,1.406999946,1.2530000209999999,1.226999998,1.23300004,1.1590000390000001,1.210000038,1.75,1.72300005,1.6039999719999998,1.593000054,1.654000044,21410840909.0,21185922408.0,25180583770.0,29173513476.0,30641380604.0,14970822.0,15384208.0,15853018.0,16359487.0,16885875.0,4.513999999999999,4.793,4.961999893,4.88,4.913
Netherlands,16939923.0,17030314.0,17131296.0,17231624.0,17332850.0,65.32420021,65.0519292,64.85473799,64.69564866,64.51118404,6.872000217,6.006000042,4.839000225,3.8299999239999996,3.196000099,7.276000023,6.510000229,5.2579998969999995,3.957000017,3.3619999889999996,6.527999877999999,5.576000214,4.479000092,3.7219998839999997,3.053999901,765265000000.0,783528000000.0,833870000000.0,914043000000.0,907051000000.0,9034853.0,9051897.0,9111169.0,9227941.0,9275661.0,7.377999999999999,7.3389999999999995,7.376999855,7.441,7.4879999999999995
New Zealand,4595700.0,4693200.0,4793900.0,4841000.0,4917000.0,65.38199323,65.19028216,64.95437932,64.69414402,64.43943975,5.364999771,5.099999905,4.702000141,4.297999859,4.068999767,5.864999771,5.473999977,5.197999954,4.467999935,4.448999882,4.918000221000001,4.763000011,4.256000042,4.1430001260000004,3.72300005,177468000000.0,188224000000.0,205416000000.0,207921000000.0,206929000000.0,2513183.0,2608432.0,2696341.0,2721966.0,2764798.0,7.2860000000000005,7.334,7.31400013,7.324,7.307
Nicaragua,6223240.0,6303974.0,6384855.0,6465513.0,6545502.0,63.97330008,64.21182892,64.39931362,64.55082135,64.68715463,4.6999998089999995,3.900000095,3.299999952,5.1999998089999995,6.836999893,5.443999767,4.274000168,3.487999916,5.261000156000001,6.696000099,4.234000206,3.663000107,3.180000067,5.162000179,6.926000117999999,12756706583.0,13286083645.0,13785909906.0,13063904770.0,12520915291.0,2832718.0,2890622.0,2947535.0,2992406.0,3048887.0,5.827999999999999,5.992000000000001,6.071000099,6.141,6.105
Niger,20001663.0,20788838.0,21602472.0,22442948.0,23310715.0,47.25925539,47.25836963,47.31635613,47.42066751,47.56111943,0.514999986,0.504999995,0.48699998899999997,0.47099998600000004,0.474999994,0.419,0.405999988,0.386999995,0.36899998799999995,0.360000014,0.586000025,0.578000009,0.56099999,0.546000004,0.559000015,9685577941.0,10355006770.0,11189541083.0,12846952857.0,12911689659.0,7225239.0,7503949.0,7799638.0,8111179.0,8423258.0,3.845,3.8560000000000003,4.027999878,4.166,4.628
Nigeria,181137448.0,185960289.0,190873311.0,195874740.0,200963599.0,53.13394776,53.14795166,53.23774609,53.38598302,53.56938646,4.31099987,7.059999942999999,8.388999939,8.243000031000001,8.095999718,5.105999947,8.11400032,9.260000229,9.100999832000001,8.907999992,3.660000086,6.1999998089999995,7.676000117999999,7.539000034,7.434000015,486803000000.0,404650000000.0,375746000000.0,397190000000.0,448120000000.0,54559255.0,55288066.0,56831352.0,58403811.0,59873566.0,5.268,4.875,5.073999882,5.155,5.265
Norway,5188607.0,5234519.0,5276968.0,5311916.0,5347896.0,65.73465009,65.60396987,65.49492988,65.40173947,65.31435954,4.296000004,4.678999901,4.162000179,3.799999952,3.3459999560000004,3.999000072,3.913000107,3.690999985,3.538000107,3.2439999580000003,4.559999943,5.360000134,4.581999778999999,4.0310001369999995,3.437000036,385802000000.0,368820000000.0,398394000000.0,434167000000.0,403336000000.0,2762074.0,2769807.0,2762942.0,2799958.0,2818011.0,7.522,7.497999999999999,7.537000179,7.593999999999999,7.553999999999999
Pakistan,199426964.0,203627284.0,207896686.0,212215030.0,216565318.0,59.75335662,59.98627382,60.20754291,60.41741109,60.62321438,3.565999985,3.789000034,3.944999933,4.083000183,4.453000069,6.18200016,5.789000034,5.225999832,4.559999943,5.596000195,2.8299999239999996,3.246999979,3.609999895,3.9630000589999996,4.160999775,270556000000.0,278655000000.0,304567000000.0,314568000000.0,278222000000.0,67754731.0,69170840.0,70602092.0,72040845.0,73943766.0,5.194,5.132000000000001,5.269000053,5.472,5.653
Panama,3968487.0,4037078.0,4106771.0,4176873.0,4246439.0,64.60106837,64.67031353,64.75061052,64.83296460000001,64.90704329,3.002000093,3.3150000569999998,3.900000095,3.894000053,3.90199995,3.928999901,3.937000036,5.116000175,4.993999958,5.054999828,2.403000116,2.911000013,3.1070001130000002,3.151000023,3.122999907,54091700000.0,57907700000.0,62219000000.0,65128200000.0,66800800000.0,1858187.0,1910880.0,1937154.0,2029802.0,2070438.0,6.7860000000000005,6.7010000000000005,6.452000141,6.43,6.321000000000001
Paraguay,6688746.0,6777872.0,6867062.0,6956071.0,7044636.0,63.68411956,63.917893400000004,64.05463706,64.12927939,64.19983942,4.556000233,5.2550001139999996,4.614999771,4.53399992,4.809000015,4.948999882,6.747000217,5.44299984,5.321000099,5.78399992,4.298999786,4.285999775,4.0749998089999995,4.001999855,4.145999908,36164068797.0,36054281572.0,39008900332.0,40384691791.0,38145288940.0,3240419.0,3338124.0,3406346.0,3534912.0,3596812.0,5.877999999999999,5.537999999999999,5.493000031,5.681,5.742999999999999
Peru,30470734.0,30926032.0,31444297.0,31989256.0,32510453.0,64.59269737,65.34223337,65.82670092,66.12100436,66.35202530000001,3.0,3.535000086,3.460000038,3.390000105,3.3099999430000002,2.961999893,3.572000027,3.500999928,3.461999893,3.40899992,3.032000065,3.503000021,3.424999952,3.328000069,3.226000071,189805000000.0,191896000000.0,211007000000.0,222045000000.0,226848000000.0,16583446.0,16965614.0,17810899.0,18346713.0,18864899.0,5.824,5.742999999999999,5.715000152999999,5.662999999999999,5.697
Philippines,102113212.0,103663927.0,105173264.0,106651922.0,108116615.0,63.115901199999996,63.31540795,63.59489479,63.91439103,64.20912271,3.0680000780000003,2.707999945,2.552000046,2.338000059,2.150000095,3.2190001010000002,2.8699998860000004,2.701999903,2.676000118,2.441999912,2.9690001010000002,2.602999926,2.459000111,2.125,1.9639999869999998,306446000000.0,318627000000.0,328481000000.0,346842000000.0,376796000000.0,43017635.0,43863054.0,43007823.0,43864623.0,44815390.0,5.073,5.279,5.429999828,5.524,5.631
Poland,37986412.0,37970087.0,37974826.0,37974750.0,37970874.0,69.42422084,68.87713146,68.18942444,67.42990642,66.69771627,7.500999928,6.160999775,4.887000083999999,3.845000029,3.473999977,7.7100000379999996,6.225999832,4.907999992,3.8469998839999997,3.5090000630000002,7.3309998510000005,6.107999802,4.870999813,3.8440001010000002,3.446000099,477812000000.0,472630000000.0,526509000000.0,587412000000.0,595858000000.0,18315532.0,18376997.0,18443681.0,18391322.0,18260472.0,5.791,5.835,5.97300005,6.122999999999999,6.182
Portugal,10358076.0,10325452.0,10300300.0,10283822.0,10269417.0,65.15130516,64.96154486,64.77522001,64.58823464,64.39122422,12.44400024,11.06599998,8.866999626,6.993000031,6.334000111,12.74600029,11.16600037,9.348999977,7.4369997979999996,6.946000099,12.15600014,10.97099972,8.406000137000001,6.565000057000001,5.743000031,199314000000.0,206286000000.0,221358000000.0,242313000000.0,238785000000.0,5216392.0,5203775.0,5248650.0,5267545.0,5239181.0,5.102,5.122999999999999,5.195000172,5.41,5.693
Qatar,2565710.0,2654374.0,2724724.0,2781677.0,2832067.0,85.56762066,85.39226198,85.25713392,85.08916548,84.88093679,0.17000000199999998,0.150000006,0.14000000099999999,0.109999999,0.09099999800000001,0.8669999840000001,0.717000008,0.6389999989999999,0.47900000200000004,0.432000011,0.061000001,0.061000001,0.06199999900000001,0.052000001,0.037000000000000005,161740000000.0,151732000000.0,161099000000.0,183335000000.0,175838000000.0,1952246.0,2004463.0,2046136.0,2085366.0,2124504.0,6.611000000000001,6.375,6.375,6.374,6.374
Romania,19815616.0,19702267.0,19587290.0,19472545.0,19356544.0,67.50843092,67.15429688,66.66878838,66.12674365,65.63597608,6.8119997979999996,5.901000023,4.927000046,4.186999798,3.976000071,5.852000237,4.982999802,4.039000034,3.487999916,3.423000097,7.535999775,6.59100008,5.604000092000001,4.71600008,4.3930001260000004,177729000000.0,188129000000.0,211695000000.0,241457000000.0,250077000000.0,9114728.0,8952240.0,9108470.0,9054882.0,8932844.0,5.124,5.528,5.8249998089999995,5.945,6.07
Rwanda,11369071.0,11668818.0,11980937.0,12301939.0,12626950.0,56.71962995,56.91035611,57.01410763,57.086230900000004,57.20571476,1.143000007,1.113000035,1.062999964,1.01699996,1.0299999709999998,1.215000033,1.174999952,1.113000035,1.06099999,1.070000052,1.067999959,1.047000051,1.008000016,0.970000029,0.9869999890000001,8545441361.0,8697268916.0,9253098954.0,9635951160.0,10354417725.0,5668191.0,5837087.0,6007191.0,6178259.0,6362559.0,3.465,3.515,3.4709999560000004,3.408,3.3339999999999996
Saudi Arabia,31717667.0,32442572.0,33099147.0,33699947.0,34268528.0,71.15644098,71.36899171,71.53340369,71.64306385,71.72113141,5.590000152999999,5.650000095,5.889999866,6.0399999620000004,5.927000046,21.65699959,21.17399979,20.33200073,22.48800087,22.11400032,2.471999884,2.519000053,3.073999882,2.9309999939999996,2.88499999,654270000000.0,644936000000.0,688586000000.0,786522000000.0,792967000000.0,13185854.0,13607874.0,13839522.0,14019589.0,14387604.0,6.4110000000000005,6.379,6.343999863,6.371,6.375
Senegal,14578459.0,14993528.0,15419381.0,15854360.0,16296364.0,53.464793500000006,53.55725364,53.68914588,53.85774593,54.06165449,6.756999969,6.7059998510000005,6.614999771,6.52699995,6.604000092000001,7.303999901,7.250999928,7.184999942999999,7.0720000270000005,7.446000099,6.389999866,6.337999821,6.230000018999999,6.157999992000001,6.03399992,17774766636.0,19040312815.0,20996564752.0,23236007428.0,23578084052.0,3763014.0,3877928.0,3997403.0,4122004.0,4255475.0,3.904,4.218999999999999,4.534999847,4.631,4.681
Serbia,7095383.0,7058322.0,7020858.0,6982604.0,6944975.0,66.87910488,66.59961195,66.27936081,65.96452656,65.71855405,17.65999985,15.25699997,13.47700024,12.7329998,12.68599987,18.75799942,16.09900093,14.27299976,13.69799995,13.77999973,16.80599976,14.59000015,12.83899975,11.96000004,11.80900002,39655958843.0,40692643373.0,44179055280.0,50640650221.0,51475016532.0,3096714.0,3191611.0,3219215.0,3241884.0,3218840.0,5.122999999999999,5.1770000000000005,5.394999981000001,5.398,5.603
Sierra Leone,7171914.0,7328838.0,7488431.0,7650154.0,7813215.0,55.09827642,55.3733377,55.66159924,55.97380444,56.32795207,4.637000083999999,4.586999893,4.5,4.416999817,4.427999973,3.8069999219999997,3.796999931,3.700999975,3.624000072,3.628000021,5.445000172,5.361000061,5.288000107,5.202000141,5.2189998630000005,4218723875.0,3674794530.0,3739577973.0,4085114794.0,4121733705.0,2423877.0,2484881.0,2548635.0,2614289.0,2681359.0,4.507,4.635,4.709000111,4.571000000000001,4.374
Singapore,5535002.0,5607283.0,5612253.0,5638676.0,5703569.0,78.32063578,77.94225802,77.20764444,76.25833717,75.27536737,3.789999962,4.079999924,4.1999998089999995,4.019000053,4.109000206,3.9779999260000003,4.487999916000001,4.43599987,4.2550001139999996,4.31400013,3.6559998989999998,3.7869999410000004,4.032000065,3.848999977,3.961999893,308004000000.0,318652000000.0,341863000000.0,373217000000.0,372063000000.0,3451949.0,3496292.0,3497085.0,3493801.0,3527065.0,6.797999999999999,6.739,6.5720000270000005,6.343,6.2620000000000005
Slovenia,2063531.0,2065042.0,2066388.0,2073894.0,2087946.0,67.31675711,66.74025292,66.07450224,65.3713453,64.70807551,8.961999893,8.0,6.56400013,5.107999802,4.195000172,10.03800011,8.588000297999999,7.479000092000001,5.6970000270000005,4.659999847,8.050999641,7.489999771,5.770999907999999,4.6020002369999995,3.79399991,43090173395.0,44736333522.0,48586603448.0,54161636035.0,54174227309.0,1010900.0,998363.0,1029116.0,1037571.0,1034477.0,5.848,5.768,5.757999897,5.9479999999999995,6.117999999999999
South Africa,55386367.0,56203654.0,57000451.0,57779622.0,58558270.0,65.67943877,65.66442046,65.63056155,65.60250585,65.61641934,25.15600014,26.5510006,27.07099915,26.92000008,28.18099976,27.54299927,29.00600052,29.29700089,29.05999947,30.33499908,23.21500015,24.55699921,25.23800087,25.14900017,26.39100075,317621000000.0,296357000000.0,349554000000.0,368289000000.0,351432000000.0,21690077.0,22092829.0,22696993.0,22947458.0,23300226.0,4.6419999999999995,4.459,4.828999996,4.724,4.7219999999999995
Spain,46444832.0,46484062.0,46593236.0,46797754.0,47076781.0,66.44684001,66.32406859,66.15081329,65.95449137,65.77530508,22.05699921,19.63500023,17.22400093,15.25500011,13.95899963,23.551000600000002,21.38500023,19.03499985,17.03300095,16.20400047,20.77700043,18.12299919,15.66300011,13.72700024,12.02700043,1195120000000.0,1232080000000.0,1312540000000.0,1422150000000.0,1393490000000.0,23115401.0,23103511.0,23047059.0,23065037.0,23120097.0,6.329,6.361000000000001,6.402999877999999,6.31,6.354
Sri Lanka,20970000.0,21203000.0,21444000.0,21670000.0,21803000.0,65.8354277,65.63676686,65.46932057,65.32977922,65.20473221,4.519000053,4.2420001030000005,4.179999828,4.118999958,4.197999954,7.453000069,6.836999893,6.736999989,6.646999836,6.6869997979999996,2.989000082,2.890000105,2.836999893,2.7780001160000003,2.875,80604080689.0,82401038710.0,87428125558.0,88425889592.0,84008783756.0,8640692.0,8794294.0,8841823.0,8893806.0,8938985.0,4.271,4.415,4.440000057,4.471,4.3660000000000005
Sweden,9799186.0,9923085.0,10057698.0,10175214.0,10285453.0,63.0971792,62.77146814,62.51341761,62.32268961,62.17594015,7.43200016,6.989999771,6.717999935,6.346000195,6.475999832,7.2899999620000004,6.585999966,6.441999912000001,6.291999817000001,6.21999979,7.56099987,7.357999802,6.96999979,6.394999981000001,6.7100000379999996,505104000000.0,515655000000.0,541019000000.0,555455000000.0,530884000000.0,5186060.0,5250661.0,5336002.0,5411383.0,5470074.0,7.364,7.291,7.28399992,7.314,7.343
Switzerland,8282396.0,8373338.0,8451840.0,8514329.0,8574832.0,67.20934339,66.93853889,66.69663819,66.46582867,66.22132804,4.801000118,4.918000221000001,4.796999931,4.712999821,4.5809998510000005,4.912000179,5.006000042,5.058000088,5.109000206,4.7680001260000004,4.703999996,4.84100008,4.570000172,4.3670001030000005,4.416999817,679832000000.0,671309000000.0,679950000000.0,705141000000.0,703082000000.0,4813826.0,4889830.0,4919831.0,4953967.0,4978166.0,7.587000000000001,7.5089999999999995,7.493999958,7.487,7.48
Tajikistan,8454028.0,8663579.0,8880268.0,9100837.0,9321018.0,61.21563591,60.91155861,60.56487259,60.19382837,59.84295921,11.5010004,11.41800022,11.27400017,11.13300037,11.0170002,10.41699982,10.38099957,10.26000023,10.08300018,9.93500042,12.14500046,12.05099964,11.88500023,11.75899982,11.66300011,7854602392.0,6952678127.0,7157865188.0,7522947810.0,8116626794.0,2286008.0,2317977.0,2365515.0,2412933.0,2464790.0,4.7860000000000005,4.996,5.040999889,5.199,5.4670000000000005
Tanzania,51482633.0,53050790.0,54663906.0,56318348.0,58005463.0,52.77995591,52.928723,53.09989021,53.30046267,53.53565232,2.102999926,2.076999903,2.0329999919999997,1.99000001,1.980000019,2.670000076,2.644999981,2.595999956,2.548000097,2.461999893,1.575999975,1.549000025,1.508000016,1.468999982,1.531000018,47378599025.0,49774021003.0,53320625959.0,58001200572.0,63177068175.0,23877145.0,24659135.0,25467538.0,26304005.0,27170342.0,3.781,3.6660000000000004,3.348999977,3.303,3.2310000000000003
Thailand,68714511.0,68971331.0,69209858.0,69428524.0,69625582.0,71.42375065,71.34828152,71.20921442,71.01211804,70.77021345,0.597000003,0.688000023,0.829999983,0.765999973,0.754000008,0.606000006,0.713999987,0.845000029,0.7429999709999999,0.7419999840000001,0.588999987,0.666000009,0.8180000190000001,0.7839999790000001,0.763999999,401296000000.0,413430000000.0,456295000000.0,506514000000.0,543549000000.0,38916820.0,38662091.0,38490554.0,38907795.0,38989896.0,6.455,6.474,6.423999786,6.072,6.007999999999999
Togo,7323158.0,7509952.0,7698475.0,7889094.0,8082366.0,55.06132737,55.26701839,55.51219631,55.79600849,56.11429871,2.203999996,2.174999952,2.125999928,2.078999996,2.038000107,1.7000000480000002,1.6610000130000002,1.6219999790000001,1.585999966,1.547000051,2.698999882,2.6819999219999997,2.624000072,2.566999912,2.523999929,4180866177.0,4486979198.0,4819949975.0,5364369026.0,5490272413.0,3315730.0,3407416.0,3501093.0,3596555.0,3700152.0,2.839,3.303,3.4949998860000004,3.9989999999999997,4.085
Tunisia,11179949.0,11303946.0,11433443.0,11565204.0,11694719.0,68.54499068,68.17212044,67.83604029,67.51420057,67.18043418,15.21800041,15.51399994,15.37899971,15.45899963,16.02199936,22.41600037,23.44300079,23.12100029,23.13100052,23.40999985,12.57199955,12.625,12.58100033,12.70499992,13.38300037,43173480832.0,41801210428.0,39802430355.0,39770297329.0,38796687568.0,3993436.0,4012596.0,4036987.0,4061682.0,4087299.0,4.739,5.045,4.804999828,4.592,4.461
Turkey,78529409.0,79821724.0,81101892.0,82319724.0,83429615.0,66.53134624,66.62572399,66.74153146,66.86737692,66.9828933,10.23600006,10.83899975,10.81900024,10.89000034,13.48999977,12.56200027,13.59599972,13.85400009,13.73499966,16.42200089,9.154999733,9.526000023,9.340999603,9.487999916,12.04699993,864314000000.0,869683000000.0,858989000000.0,778382000000.0,761425000000.0,29780340.0,30831360.0,31954592.0,32826049.0,33368843.0,5.332000000000001,5.388999999999999,5.5,5.483,5.372999999999999
Uganda,38225453.0,39647506.0,41162465.0,42723139.0,44269594.0,50.12964268,50.42476808,50.75975692,51.128487899999996,51.53743447,1.8589999680000002,1.832999945,1.7899999619999998,1.7489999530000002,1.843000054,2.3810000419999997,2.328999996,2.303999901,2.244999886,2.296000004,1.356999993,1.355000019,1.291000009,1.266000032,1.4029999969999998,32248116584.0,29078719934.0,30756466548.0,32916147253.0,35165157017.0,14078249.0,14657926.0,15285775.0,15935453.0,16658774.0,3.931,3.739,4.0809998510000005,4.1610000000000005,4.189
Ukraine,45154036.0,45004674.0,44831135.0,44622518.0,44385155.0,69.06664959,68.67125428,68.21581664,67.75290039,67.35529124,9.140000342999999,9.350000381000001,9.510000229,8.798999786,8.881999968999999,8.076999664,7.69299984,7.747000217,7.423999786,7.796000004,10.09599972,10.83399963,11.08600044,10.02900028,9.852000237,91030959455.0,93355993629.0,112190000000.0,130902000000.0,153781000000.0,20945249.0,20755122.0,20610189.0,20432109.0,20203893.0,4.681,4.324,4.096000195,4.103,4.332
United Arab Emirates,9262900.0,9360980.0,9487203.0,9630959.0,9770529.0,84.90274104,84.62749627,84.46089959,84.31148965,84.13083877,1.9099999669999999,1.6360000369999999,2.463000059,2.2290000919999997,2.34800005,4.703000069,4.1999998089999995,7.136000156000001,6.1869997979999996,6.046000004,1.3739999530000002,1.118999958,1.480000019,1.3910000319999998,1.559000015,358135000000.0,357045000000.0,385606000000.0,422215000000.0,421142000000.0,6600371.0,6612725.0,6676278.0,6752973.0,6840917.0,6.901,6.5729999999999995,6.647999763,6.774,6.825
United Kingdom,65116219.0,65611593.0,66058859.0,66460344.0,66834405.0,64.46994818,64.25192612,64.07385559,63.92605226,63.79560384,5.301000118,4.813000202,4.335000038,3.996000051,3.851000071,5.124000072,4.683000088,4.21999979,3.9400000569999998,3.575000048,5.454999924,4.926000118,4.43599987,4.045000076,4.0939998630000005,2928590000000.0,2694280000000.0,2666230000000.0,2860670000000.0,2829110000000.0,33481424.0,33801224.0,34014019.0,34329233.0,34530463.0,6.867000000000001,6.725,6.714000225,7.19,7.053999999999999
United States,320635163.0,322941311.0,324985539.0,326687501.0,328239523.0,66.1333887,65.94297877,65.72210602,65.48330596,65.24107673,5.28000021,4.868999958,4.355000018999999,3.8959999080000003,3.6819999219999997,5.177000046,4.788000107,4.308000088,3.836999893,3.6159999369999998,5.3670001030000005,4.938000202,4.395999908,3.946000099,3.737999916,18224700000000.0,18715000000000.0,19519400000000.0,20580200000000.0,21433200000000.0,160596354.0,162547573.0,164268059.0,165483017.0,165890069.0,7.119,7.104,6.993000031,6.886,6.892
Uruguay,3412009.0,3424132.0,3436646.0,3449299.0,3461734.0,64.4317175,64.46690531,64.52274183,64.57749939,64.60068856,7.487999916000001,7.84100008,7.889999866,8.336000443,8.730999947,8.855999947,9.451000214,9.482000351,10.08899975,10.65799999,6.364999771,6.5,6.5630002020000004,6.873000145,7.122000217,53274304222.0,52687612262.0,59530088537.0,59596885024.0,56045912953.0,1749234.0,1750871.0,1748271.0,1749881.0,1762838.0,6.485,6.545,6.453999996,6.379,6.292999999999999
Uzbekistan,31298900.0,31847900.0,32388600.0,32956100.0,33580650.0,67.58650956,67.4698238,67.21691651,66.89480471,66.60697097,5.150000095,5.159999847,5.829999924,5.736000061,5.916999817000001,4.886000156000001,4.90199995,5.611000061,5.517000198,5.6880002020000004,5.333000183,5.339000225,5.9819998739999996,5.887000083999999,6.076000214,81847410182.0,81779012351.0,59159945321.0,50392607758.0,57921286440.0,14502140.0,14786980.0,15042030.0,15289417.0,15555948.0,6.002999999999999,5.987,5.971000195,6.096,6.1739999999999995
Vietnam,92677076.0,93638724.0,94596642.0,95540395.0,96462106.0,70.3118126,70.13834047,69.87142097,69.55234487,69.23249944,2.125,2.082999945,2.052999973,1.993000031,2.013000011,1.993999958,1.9270000459999999,1.881999969,1.83099997,1.904000044,2.2439999580000003,2.226000071,2.210000038,2.14199996,2.112999916,193241000000.0,205276000000.0,223780000000.0,245214000000.0,261921000000.0,55760129.0,55991171.0,56565992.0,56915235.0,57364650.0,5.36,5.061,5.073999882,5.103,5.175
Zambia,15879361.0,16363507.0,16853688.0,17351822.0,17861030.0,51.7587641,52.09097001,52.50382426,52.96418082,53.42217666,10.10499954,10.88199997,11.6260004,11.5,11.42500019,10.68700027,11.62899971,12.56999969,12.44799995,12.23700047,9.569999695,10.19099998,10.74800014,10.61400032,10.66499996,21243339048.0,20954754378.0,25868165345.0,26312140829.0,23309773923.0,6423437.0,6650519.0,6888188.0,7134980.0,7401485.0,5.129,4.795,4.513999939,4.377,4.107
Zimbabwe,13814629.0,14030390.0,14236745.0,14439018.0,14645468.0,54.60345696,54.47313396,54.5059405,54.65941011,54.86126493,5.302000046,5.252999783,5.168000221000001,5.086999893,4.953999996,5.894999981000001,5.84100008,5.738999843999999,5.59800005,5.458000182999999,4.684999943,4.642000198,4.576000214,4.554999828,4.433000088,19963120600.0,20548678100.0,22040902300.0,24311560500.0,21440758800.0,6587744.0,6686030.0,6792647.0,6907202.0,7039493.0,4.61,4.1930000000000005,3.875,3.6919999999999997,3.6630000000000003
