Country Name,2015 Total Pop,2016 Total Pop,2017 Total Pop,2018 Total Pop,2019 Total Pop,2015 Adults (%),2016 Adults (%),2017 Adults (%),2018 Adults (%),2019 Adults (%),2015 Total Unemploment,2016 Total Unemploment,2017 Total Unemploment,2018 Total Unemploment,2019 Total Unemploment,2015 Female Unemploment,2016 Female Unemploment,2017 Female Unemploment,2018 Female Unemploment,2019 Female Unemploment,2015 Male Unemployment,2016 Male Unemployment,2017 Male Unemployment,2018 Male Unemployment,2019 Male Unemployment,2015 Total GDP,2016 Total GDP,2017 Total GDP,2018 Total GDP,2019 Total GDP,2015 Total Labor Force,2016 Total Labor Force,2017 Total Labor Force,2018 Total Labor Force,2019 Total Labor Force,2015 % Total GDP,2016 % Total GDP,2017 % Total GDP,2018 % Total GDP,2019 % Total GDP,"2015 % Spending/Student, Primary","2016 % Spending/Student, Primary","2017 % Spending/Student, Primary","2018 % Spending/Student, Primary","2019 % Spending/Student, Primary","2015 % Spending/Student, Secondary","2016 % Spending/Student, Secondary","2017 % Spending/Student, Secondary","2018 % Spending/Student, Secondary","2019 % Spending/Student, Secondary","2015 % Spending/Student, Tertiary","2016 % Spending/Student, Tertiary","2017 % Spending/Student, Tertiary","2018 % Spending/Student, Tertiary","2019 % Spending/Student, Tertiary",2015 Total Literacy,2016 Total Literacy,2017 Total Literacy,2018 Total Literacy,2019 Total Literacy,2015 Male Literacy,2016 Male Literacy,2017 Male Literacy,2018 Male Literacy,2019 Male Literacy,2015 Female Literacy,2016 Female Literacy,2017 Female Literacy,2018 Female Literacy,2019 Female Literacy,2015 Happiness Score,2016 Happiness Score,2017 Happiness Score,2018 Happiness Score,2019 Happiness Score
Afghanistan,34413603,35383128,36296400,37172386,38041754,52.64429883,53.2079642,53.76322252,54.32489755,54.9119344,11.38700008,11.31299973,11.18400002,11.05700016,11.11800003,14.42700005,14.31400013,14.09000015,13.90600014,14.00399971,10.68400002,10.5710001,10.41600037,10.2869997,10.33100033,19907111419,18017749074,18869945678,18353881130,19291104008,9176450,9566712,9947922,10334090,10699797,3.255800009,4.228360176,4.058869839,,,10.24688,10.34081,10.25174,,,10.29234,11.98575,11.3072,,,,,,,,,,,43.01971817,,,,,55.47544861,,,,,29.80521011,,3.575,3.36,3.79399991,3.632,3.203
Angola,27884381,28842484,29816748,30809762,31825295,50.61516696,50.68562911,50.80778714,50.97470164,51.17863322,7.282000065,7.22300005,7.118999958,7.019000053,6.886000156,7.681000233,7.563000202,7.467000008,7.327000141,6.941999912,6.882999897,6.881999969,6.769000053,6.708000183,6.829999924,1.16194E+11,1.01124E+11,1.22124E+11,1.01353E+11,88815697793,11437925,11848410,12268842,12705486,13164276,,,,,,,,,,,,,,,,,,,,,,,,,,,,,,,,,,,,4.033,3.866,3.795000076,3.795,
Albania,2880703,2876101,2873457,2866376,2854191,68.70472473,68.66009247,68.64261422,68.58239036,68.39780528,17.07999992,15.22000027,13.75,12.34000015,12.33100033,17.09799957,14.57299995,12.56299973,11.22900009,11.60400009,17.06800079,15.67800045,14.59000015,13.12699986,12.84599972,11386846319,11861200797,13019693451,15147020535,15279183290,1289562,1302836,1316869,1318022,1313923,3.437969923,3.962090015,3.611720085,,,29.84568,,34.18148,,,6.78368,9.82258,7.97805,,,12.88117,14.64597,13.78559,,,,,,98.14115143,,,,,98.51361847,,,,,97.76112366,,4.959,4.655,4.644000053,4.586,4.719
United Arab Emirates,9262900,9360980,9487203,9630959,9770529,84.90274104,84.62749627,84.46089959,84.31148965,84.13083877,1.909999967,1.636000037,2.463000059,2.229000092,2.34800005,4.703000069,4.199999809,7.136000156,6.186999798,6.046000004,1.373999953,1.118999958,1.480000019,1.391000032,1.559000015,3.58135E+11,3.57045E+11,3.85606E+11,4.22215E+11,4.21142E+11,6600371,6612725,6676278,6752973,6840917,,,,,,,,,,,,,,,,,,,,,93.22714233,,,,,92.55615997,,,,,95.09761047,,,,,6.901,6.573,6.647999763,6.774,6.825
Argentina,43131966,43590368,44044811,44494502,44938712,64.06001976,64.06056661,64.08352251,64.12127729,64.16136585,7.75,7.977000237,8.347000122,9.220000267,9.788999557,8.850999832,9.118000031,9.463999748,10.53800011,10.92199993,6.965000153,7.150000095,7.52699995,8.225999832,8.93500042,5.94749E+11,5.57531E+11,6.43629E+11,5.17627E+11,4.45445E+11,19360544,19696452,20035267,20551682,20772672,5.776110172,5.545489788,5.462230206,,,15.64309,15.2222,14.97726,,,22.87436,21.59171,20.6226,,,17.24864,16.08373,16.91251,,,99.17996216,99.12500763,,99.0038681,,99.14824677,99.1049881,,98.93773651,,99.20877075,99.14309692,,99.06204224,,6.574,6.65,6.598999977,6.388,6.086
Armenia,2925553,2936146,2944809,2951776,2957731,69.04257075,68.7610583,68.44896633,68.11276042,67.75038027,18.26099968,17.61700058,17.70499992,17.49600029,16.98999977,19.25200081,17.48399925,17.47100067,17.1989994,17.29500008,17.38599968,17.7310009,17.90600014,17.75099945,16.72900009,10553337673,10546135160,11527458566,12457941907,13672802158,1334775,1310061,1303653,1303093,1303565,2.80591011,2.75812006,2.707590103,,,10.994,11.27122,10.15365,,,,,,,,9.83908,9.7656,9.88124,,,,,99.73606873,,,,,99.80549622,,,,,99.67716217,,,4.35,4.36,4.375999928,4.321,4.559
Australia,23815995,24190907,24601860,24982688,25364307,66.25804941,65.90657302,65.5309417,65.15290773,64.80335154,6.053999901,5.710000038,5.59100008,5.297999859,5.268000126,6.072999954,5.778999805,5.668000221,5.31799984,5.328000069,6.039000034,5.651000023,5.525000095,5.281000137,5.215000153,1.35169E+12,1.20885E+12,1.32919E+12,1.43288E+12,1.39657E+12,12585539,12742247,12989073,13254463,13414956,5.311270237,5.276780128,5.124249935,,,18.78482,19.30184,,,,17.13625,14.98139,,,,21.46599,17.82954,,,,,,,,,,,,,,,,,,,7.284,7.313,7.28399992,7.272,7.228
Austria,8642699,8736668,8797566,8840521,8877067,67.03954297,66.9201963,66.81250731,66.70048591,66.56253608,5.72300005,6.013999939,5.499000072,4.84800005,4.673999786,5.308000088,5.543000221,5.031000137,4.650000095,4.546999931,6.085000038,6.426000118,5.907999992,5.019999981,4.78399992,3.81818E+11,3.95569E+11,4.17238E+11,4.55095E+11,4.45075E+11,4460833,4537043,4566743,4601213,4613292,5.456580162,5.484350204,5.358039856,,,23.20446,23.48041,,,,27.293,27.72044,,,,35.98491,36.23652,,,,,,,,,,,,,,,,,,,7.2,7.119,7.006000042,7.139,7.246
Azerbaijan,9649341,9757812,9854033,9939771,10023318,71.3895879,71.02714111,70.72264792,70.43524739,70.11169103,4.960000038,5,5,4.900000095,5.508999825,5.867000103,5.907999992,5.927000046,5.765999794,6.335000038,4.087999821,4.135000229,4.118999958,4.076000214,4.723999977,53074370486,37867518957,40865558912,47112941176,48047647059,4875807,4969726,5033862,5091052,5103137,2.951679945,2.903409958,2.473819971,2.455430031,,,,,,,,,,,,17.88004,23.31199,19.39114,,,99.78806305,99.79006195,99.79122925,,,99.86263275,99.86405182,99.86374664,,,99.7171402,99.71955109,99.72199249,,,5.212,5.291,5.234000206,5.201,5.208
Burundi,10160030,10487998,10827024,11175378,11530580,52.38346737,52.30296162,52.25774518,52.25137879,52.28725702,1.552000046,1.527999997,1.486999989,1.447999954,1.427000046,1.126000047,1.123000026,1.072999954,1.032999992,1.008999944,2.015000105,1.967000008,1.934000015,1.896000028,1.878000021,3104394858,2959640987,3172292379,3036931818,3012334882,4350268,4503184,4660778,4822373,4983237,6.370540142,4.691999912,4.762020111,5.078649998,,,,,,,,,,,,,,,,,,,68.37532806,,,,,76.29605103,,,,,61.22369003,,,2.905,2.905,2.904999971,2.905,3.775
Belgium,11274196,11331422,11375158,11427054,11484055,64.85353395,64.61143766,64.37944165,64.1558335,63.93523089,8.482000351,7.829999924,7.085999966,5.947999954,5.589000225,7.768000126,7.559999943,7.053999901,5.561999798,5.136000156,9.092000008,8.059000015,7.113999844,6.28000021,5.977000237,4.6215E+11,4.7574E+11,5.02698E+11,5.43734E+11,5.33097E+11,5000910,5005505,5037405,5089752,5101824,6.451570034,6.45953989,6.412280083,,,22.03343,21.87767,,,,,,,,,32.32961,32.207,,,,,,,,,,,,,,,,,,,6.937,6.929,6.890999794,6.927,6.923
Benin,10575952,10872067,11175204,11485048,11801151,53.73519093,53.89830798,54.0874712,54.29871231,54.52959631,2.582000017,2.536999941,2.459000111,2.385999918,2.232000113,2.776000023,2.747999907,2.664000034,2.566999912,2.335999966,2.394999981,2.332999945,2.260999918,2.210999966,2.131999969,11388160958,11821066153,12701656931,14250985959,14390709095,4264772,4397957,4535767,4678297,4833491,3.17298007,2.899100065,3.535589933,2.933969975,,10.25321,,,,,11.34655,,,,,77.72193,,,,,,,,42.36240005,,,,,53.97703171,,,,,31.07164955,,3.34,3.484,3.657000065,4.141,4.883
Burkina Faso,18110624,18646378,19193284,19751535,20321378,52.01818557,52.20262596,52.4098388,52.64493785,52.91489091,6.418000221,6.343999863,6.21600008,6.093999863,6.263999939,9.387999535,9.319999695,9.130000114,8.949999809,9.222999573,4.018000126,3.940000057,3.861999989,3.785000086,3.880000114,11832159276,12833363370,14106956830,16059910871,15990803570,6572285,6787426,7009083,7238229,7468213,3.67008996,,5.603469849,5.383790016,,16.13029,,,,,17.26223,19.92959,,,,123.2152,351.47005,,,,,,,41.22444916,,,,,50.07458878,,,,,32.68761826,,3.587,3.739,4.032000065,4.424,4.587
Bangladesh,156256276,157970840,159670593,161356039,163046161,65.61857714,66.11132307,66.625937,67.13558688,67.60528327,4.377999783,4.349999905,4.372000217,4.281000137,4.190000057,7.467000008,7.379000187,6.744999886,6.623000145,6.203999996,3.161000013,3.128000021,3.346999884,3.25999999,3.305999994,1.95079E+11,2.21415E+11,2.49711E+11,2.74039E+11,3.02571E+11,62595846,63698450,67454903,68791250,70009461,,1.535539985,,,1.326320052,,,,,,,9.88363,,,,,29.90388,,,,65.1373291,72.7587204,72.89296722,73.91220093,74.6844635,68.05535889,75.61885071,75.70236206,76.66925812,77.44149017,62.25299072,69.89720917,70.08570099,71.18193817,71.94838715,4.694,4.643,4.607999802,4.5,4.456
Bulgaria,7177991,7127822,7075947,7025037,6975761,65.70743309,65.2542739,64.79766683,64.38262025,64.06165381,9.142999649,7.574999809,6.164000034,5.210999966,4.340000153,8.416000366,6.967999935,5.946000099,4.652999878,3.969000101,9.776000023,8.097999573,6.354000092,5.690000057,4.657000065,50647442757,53806894796,58971520599,66230155100,68558815112,3333802,3264392,3357160,3327614,3295081,,,4.09250021,,,,,,,,,,,,,,,,,,,,,,,,,,,,,,,,,4.218,4.217,4.714000225,4.933,5.011
Bahrain,1371851,1425791,1494074,1569439,1641172,76.82605472,77.26758181,77.78620365,78.319356,78.76249412,1.129999995,0.91900003,0.700999975,0.649999976,0.713999987,3.744999886,3.279999971,2.792000055,2.655999899,2.963000059,0.404000014,0.275999993,0.148000002,0.133000001,0.150000006,31050638298,32234973404,35473776596,37652500000,38574069149,777895,817831,869405,926959,978624,2.668080091,,2.327810049,,,11.16362,,,,,17.50832,,,,,,,,,,,97.06668091,97.40389252,97.46418762,,,98.55191803,98.76732635,98.76316833,,,94.28151703,94.70736694,94.94888306,,5.96,6.218,6.086999893,6.105,6.199
Bosnia and Herzegovina,3429361,3386267,3351527,3323929,3301000,70.27787392,70.000378,69.45453189,68.76346488,68.10508937,27.69400024,25.40800095,20.52700043,18.39999962,18.42499924,30.65399933,29.97699928,23.09900093,20.29400063,21.00200081,25.74799919,22.47699928,18.8390007,17.17900085,16.76199913,16211541820,16913330694,18080118128,20183510561,20164193807,1363985,1347240,1328960,1319691,1306464,,,,,,,,,,,,43.51293,,,,,23.73047,,,,,,,,,,,,,,,,,,,4.949,5.163,5.18200016,5.129,5.386
Belarus,9489616,9501534,9498264,9483499,9466856,69.41362835,69.07010989,68.71698692,68.28890878,67.7628385,5.914000034,5.840000153,5.650000095,4.760000229,4.59499979,4.262000084,4.18599987,4.039000034,3.553999901,3.349999905,7.544000149,7.47300005,7.228000164,5.920000076,5.789999962,56454734397,47722657821,54726595249,60031262269,63080457023,5106430,5106665,5097017,5087320,5036882,4.787519932,4.946549892,4.794990063,,,,,,,,,,35.66614,,,15.95206,17.04407,17.92244,,,,,,99.75656128,,,,,99.79398346,,,,,99.72518158,,5.813,5.802,5.568999767,5.483,5.323
Bolivia,10869730,11031813,11192854,11353142,11513100,60.83890768,61.11593252,61.41950378,61.73450486,62.0361067,3.065999985,3.525000095,3.670000076,3.53399992,3.497999907,3.796999931,4.074999809,4.071000099,3.628999949,3.809000015,2.563999891,3.125,3.368999958,3.457999945,3.250999928,33000198248,33941126200,37508642165,40287647930,40895322844,4925990,5080592,5293299,5631725,5735836,,,,,,,,,,,,,,,,,,,,,92.45507813,,,,,96.52275085,,,,,88.58286285,,,,,5.89,5.822,5.822999954,5.752,5.779
Brazil,204471769,206163058,207833831,209469333,211049527,69.56613409,69.64878959,69.7106712,69.74309026,69.73919823,8.427000046,11.60000038,12.82199955,12.33399963,12.08300018,10.05500031,13.45800018,14.71800041,14.22999954,14.13899994,7.212999821,10.20600033,11.36999989,10.86900043,10.49499989,1.80221E+12,1.7957E+12,2.06283E+12,1.88548E+12,1.83976E+12,101600929,102508951,104260712,105542232,106500838,6.24105978,6.314040184,6.32254982,,,20.05496,,,,,21.52655,,,,,33.04323,,,,,92.04789734,92.80844116,93.07582092,93.22750092,,91.72515869,92.57515717,92.8915329,93.00904083,,92.34378815,93.02120209,93.24371338,93.42507172,,6.983,6.952,6.635000229,6.419,6.3
Bhutan,727876,736709,745568,754394,763092,66.87801219,67.41476949,67.85570099,68.22563455,68.56683074,2.450000048,2.415999889,2.35800004,2.302999973,2.342000008,3.244999886,3.226999998,3.157999992,3.071000099,3.200000048,1.896000028,1.851999998,1.802999973,1.771999955,1.751999974,2003598213,2158972129,2450364928,2446866405,2530547158,348432,356732,364557,371964,380085,7.590099812,6.993330002,7.225739956,6.850840092,,,,,,,29.42942,,,,,,,,,,,,66.5611496,,,,,75.01985168,,,,,57.08361816,,,5.253,5.196,5.011000156,5.082,5.082
Botswana,2120716,2159944,2205128,2254126,2303697,61.24681476,61.32850786,61.47432293,61.66317964,61.86911734,17.74699974,17.6590004,17.50499916,17.35300064,18.19300079,20.84399986,20.90500069,20.64900017,20.52099991,21.22200012,14.81000042,14.57199955,14.51000023,14.33199978,15.31799984,14420593484,15646354089,17405588070,18663265549,18340480936,978489,999036,1023359,1049545,1080610,,,,,,,,,,,,,,,,,,,,,,,,,,,,,,,,,,,,4.332,3.974,3.766000032,3.59,3.488
Central African Republic,4493170,4537687,4596028,4666377,4745185,51.96418119,52.21238314,52.52216971,52.87990574,53.26519409,3.864000082,3.819000006,3.74000001,3.664000034,3.680000067,3.769000053,3.707999945,3.624000072,3.552000046,3.565000057,3.944000006,3.911000013,3.836999893,3.757999897,3.776000023,1695825708,1825018191,2072350151,2220978978,2220307369,1791677,1811923,1838756,1871101,1914794,,,,,,,,,,,,,,,,,,,,,,,,37.39582062,,,,,49.51459122,,,,,25.75638008,,3.678,,2.693000078,3.083,3.083
Canada,35702908,36109487,36543321,37057765,37589262,67.95488432,67.64695567,67.28747162,66.89774245,66.50620337,6.906000137,6.999000072,6.340000153,5.830999851,5.56400013,6.284999847,6.237999916,5.848999977,5.492000103,5.263000011,7.459000111,7.677999973,6.78000021,6.136000156,5.835999966,1.55613E+12,1.52824E+12,1.64988E+12,1.71626E+12,1.73643E+12,19679325,19887912,20164604,20344918,20583847,,,,,,17.56737,,,,,,,,,,36.93396,31.44008,,,,,,,,,,,,,,,,,,,7.427,7.404,7.315999985,7.328,7.278
Switzerland,8282396,8373338,8451840,8514329,8574832,67.20934339,66.93853889,66.69663819,66.46582867,66.22132804,4.801000118,4.918000221,4.796999931,4.712999821,4.580999851,4.912000179,5.006000042,5.058000088,5.109000206,4.768000126,4.703999996,4.84100008,4.570000172,4.367000103,4.416999817,6.79832E+11,6.71309E+11,6.7995E+11,7.05141E+11,7.03082E+11,4813826,4889830,4919831,4953967,4978166,5.100570202,5.104730129,5.130189896,,,24.56797,24.78876,,,,24.45516,,,,,37.67913,37.4052,,,,,,,,,,,,,,,,,,,7.587,7.509,7.493999958,7.487,7.48
Chile,17969353,18209068,18470439,18729160,18952038,68.83656301,68.82224834,68.78390925,68.71629587,68.62418701,6.507999897,6.737999916,6.958000183,7.232999802,7.090000153,7.137000084,7.261000156,7.454999924,7.979000092,7.702000141,6.06400013,6.366000175,6.599999905,6.688000202,6.642000198,2.43919E+11,2.5044E+11,2.77045E+11,2.98258E+11,2.82318E+11,8861615,9001237,9208644,9391133,9557893,4.875309944,5.342010021,5.41945982,,,15.18748,18.29521,18.38536,,,16.63683,18.48666,18.68243,,,18.41495,19.98293,20.25927,,,96.87413025,,96.40228271,,,97.02468872,,96.48062897,,,96.74395752,,96.33402252,,,6.67,6.705,6.65199995,6.476,6.444
China,1371220000,1378665000,1386395000,1392730000,1397715000,72.61433377,72.20275277,71.71751844,71.20211371,70.72329863,4.629000187,4.534999847,4.440999985,4.276000023,4.320000172,4.012000084,3.928999901,3.846999884,3.703000069,3.726999998,5.114999771,5.010000229,4.90500021,4.722000122,4.78000021,1.10616E+13,1.12333E+13,1.23104E+13,1.38948E+13,1.43429E+13,784597090,784950069,784839482,783424134,781074570,,,,,,,,,,,,,,,,,,,,,,,,96.84088898,,,,,98.46653748,,,,,95.15933228,,5.14,5.245,5.272999763,5.246,5.191
Cameroon,23298368,23926539,24566045,25216237,25876380,54.0539964,54.204904,54.40127529,54.6395428,54.91421907,3.506000042,3.471999884,3.414000034,3.357000113,3.380000114,4.006000042,3.960999966,3.884000063,3.84100008,3.871999979,3.062999964,3.039999962,2.996000051,2.926000118,2.944000006,30928653814,32643697596,35009262788,38694156863,39007354359,10091929,10392255,10703273,11023646,11345979,2.768049955,2.654230118,3.154819965,3.131200075,,,,,,,,,,,,,,,,,,,,77.07103729,,,,,82.6280365,,,,,71.58627319,,4.252,4.513,4.695000172,4.975,5.044
Colombia,47520667,48175048,48909844,49661056,50339443,67.77563749,68.0179463,68.24399892,68.444057,68.61338533,8.298999786,8.692000389,8.871999741,9.111000061,9.706999779,10.84000015,11.20400047,11.51299953,11.79399967,12.7130003,6.361999989,6.78000021,6.866000175,7.092000008,7.445000172,2.93482E+11,2.82825E+11,3.11884E+11,3.33569E+11,3.23616E+11,25054953,25431103,25864779,26235604,26787864,4.470389843,4.477210045,4.535510063,4.457489967,,17.41694,17.44523,17.84725,16.98989,,15.68956,15.63588,17.26919,17.64699,,19.8043,20.69567,20.39852,21.64385,,94.24504852,94.65384674,,95.09250641,,94.06317139,94.40228271,,94.85182953,,94.41581726,94.89022064,,95.31891632,,6.477,6.481,6.356999874,6.26,6.125
Comoros,777424,795592,813892,832322,850886,56.96479656,57.09911613,57.26460022,57.45456686,57.65872279,4.493000031,4.449999809,4.375,4.302000046,4.335999966,4.860000134,4.837999821,4.748000145,4.665999889,4.702000141,4.230999947,4.171999931,4.105999947,4.038000107,4.070000172,966029542,1012835518,1077439663,1178530758,1165839927,199105,204984,211006,217181,223593,2.545059919,,,,,,,,,,,,,,,,,,,,,,,58.81702042,,,,,64.64420319,,,,,52.95639038,,3.956,3.956,,,3.973
Costa Rica,4847804,4899345,4949954,4999441,5047561,69.16721468,69.18392152,69.17211756,69.12540822,69.04092888,8.998999596,8.597999573,8.142000198,9.631999969,11.85400009,11.15299988,10.83899975,10.29300022,12.19200039,14.84599972,7.603000164,7.22300005,6.818999767,8.003000259,9.93900013,54775994479,57157992434,58481858043,60553901420,61801385049,2338013,2272972,2336778,2445858,2473778,7.082540035,7.097680092,7.315720081,6.978569984,7.048759937,26.71543,24.86943,22.2852,20.82721,,25.12593,24.03879,24.67935,21.14089,,35.07591,36.69091,38.63966,37.51487,,,,,97.86379242,,,,,97.80235291,,,,,97.92443085,,7.226,7.087,7.078999996,7.072,7.167
Cyprus,1160985,1170187,1179680,1189265,1198575,70.27145054,70.0034268,69.74801598,69.49309027,69.24464468,14.90799999,12.94999981,11.05200005,8.369999886,7.274000168,14.76599979,13.33300018,11.26900005,8.755000114,8.121999741,15.03199959,12.62100029,10.86499977,8.041000366,6.547999859,19842404305,20953442550,22729184365,25309818139,24948935408,604302,603072,611083,625713,629536,6.346360207,6.163799763,5.777190208,,,32.18788,31.88086,,,,39.39051,39.29112,,,,29.2699,26.51745,,,,,,,,,,,,,,,,,,,5.689,5.546,5.620999813,5.762,6.046
Czech Republic,10546059,10566332,10594438,10629928,10669709,66.89083524,66.27224569,65.61791833,64.99251759,64.47630503,5.046000004,3.950999975,2.890000105,2.243000031,1.932999969,6.073999882,4.670000076,3.578999996,2.802999973,2.384000063,4.231999874,3.378000021,2.336999893,1.791000009,1.567000031,1.88033E+11,1.96272E+11,2.18629E+11,2.48909E+11,2.50681E+11,5337426,5388569,5419544,5453301,5445535,5.788849831,5.587379932,3.854020119,,,14.94718,13.8679,,,,23.6677,22.30415,,,,20.98863,20.34101,,,,,99.8330307,,,,,99.7958374,,,,,99.86843109,,,,6.505,6.596,6.609000206,6.711,6.852
Germany,81686611,82348669,82657002,82905782,83132799,65.56447055,65.39599085,65.17782359,64.9170079,64.6375192,4.624000072,4.122000217,3.746000051,3.384000063,3.042999983,4.21999979,3.740999937,3.315000057,2.910000086,2.694000006,4.97300005,4.451000214,4.118000031,3.792000055,3.342999935,3.35624E+12,3.4675E+12,3.6826E+12,3.96377E+12,3.86112E+12,42592924,43055076,43289005,43560137,43577709,4.834980011,4.840219975,4.905119896,,,17.50845,17.44257,,,,23.00137,22.95939,,,,33.95677,33.58129,,,,,,,,,,,,,,,,,,,6.75,6.994,6.951000214,6.965,6.985
Djibouti,913993,929112,944097,958920,973560,65.12697581,65.27921284,65.56145065,65.89830466,66.1859567,10.58399963,10.51000023,10.38199997,10.25699997,10.29500008,10.83699989,10.72999954,10.50699997,10.35700035,10.40200043,10.41800022,10.36600018,10.30000019,10.18999958,10.22399998,2430287967,2603554907,2751461056,3012820410,3324634256,383775,391027,398751,406696,415214,3.590240002,3.924390078,3.748559952,3.627739906,,,37.32327,,,,1.03886,0.72783,,,,,,,,,,,,,,,,,,,,,,,,4.369,,,,
Denmark,5683483,5728010,5764980,5793636,5818553,64.10939592,63.98027856,63.84881462,63.7287848,63.63378215,6.168000221,6.181000233,5.743000031,4.974999905,4.913000107,6.443999767,6.638999939,5.93599987,5.149000168,5.193999767,5.922999859,5.768000126,5.568999767,4.81799984,4.65899992,3.02673E+11,3.13116E+11,3.32121E+11,3.56879E+11,3.50104E+11,2931334,3024663,2986512,3014756,3026441,,,7.816080093,,,,,,,,,,,,,,,,,,,,,,,,,,,,,,,,,7.527,7.526,7.521999836,7.555,7.6
Dominican Republic,10281680,10397743,10513131,10627165,10738958,64.66184515,64.77723382,64.86939538,64.94005302,64.99291644,7.605000019,7.282999992,5.831999779,5.738999844,5.84499979,10.90499973,10.73099995,8.121999741,8.074999809,8.279000282,5.480999947,5.026000023,4.320000172,4.169000149,4.201000214,71164825258,75704720190,79997975623,85555378044,88941299734,4663162,4763649,4838602,4917459,4993453,,,,,,14.92318,15.80752,14.61223,16.18636,,14.26615,14.91552,18.7182,15.09618,,,,,,,91.99121094,93.77845764,,,,91.65071106,93.79360199,,,,92.32106018,93.76412964,,,,4.885,5.155,5.230000019,5.302,5.425
Algeria,39728025,40551404,41389198,42228429,43053054,65.42884525,64.85756642,64.18320494,63.48882487,62.89684351,11.20600033,10.20199966,11.99600029,11.88199997,11.70400047,16.67499924,18.62999916,21.11400032,21.05800056,21.07999992,9.987999916,8.347999573,10.02099991,9.925999641,9.697999954,1.66361E+11,1.59995E+11,1.70163E+11,1.75406E+11,1.71091E+11,11742189,11904866,12051687,12173459,12303926,,,,,,,,,,,,,,,,,,,,,,,,81.40783691,,,,,87.42295837,,,,,75.32296753,,5.605,6.355,5.872000217,5.295,5.211
Ecuador,16212020,16491115,16785361,17084357,17373662,64.33873755,64.5292714,64.68725933,64.81411827,64.92083246,3.615999937,4.597000122,3.835999966,3.529999971,3.967999935,4.524000168,5.848999977,4.928999901,4.400000095,4.958000183,3.023000002,3.726000071,3.069000006,2.928999901,3.282999992,99290381000,99937696000,1.04296E+11,1.07562E+11,1.07436E+11,7645634,8042861,8305745,8365114,8545537,4.998700142,,,,,9.43166,9.51098,,,,5.07928,5.2853,,,,52.67572,,,,,94.45565796,94.35022736,92.82978821,,,95.72621918,95.44502258,93.77906036,,,93.25662231,93.31452942,92.08669281,,,5.975,5.976,6.007999897,5.973,6.028
Spain,46444832,46484062,46593236,46797754,47076781,66.44684001,66.32406859,66.15081329,65.95449137,65.77530508,22.05699921,19.63500023,17.22400093,15.25500011,13.95899963,23.5510006,21.38500023,19.03499985,17.03300095,16.20400047,20.77700043,18.12299919,15.66300011,13.72700024,12.02700043,1.19512E+12,1.23208E+12,1.31254E+12,1.42215E+12,1.39349E+12,23115401,23103511,23047059,23065037,23120097,4.286570072,4.227640152,4.20773983,,,17.27588,17.11832,,,,18.49989,18.88163,,,,22.91741,21.81691,,,,98.14325714,98.25051117,,98.43650055,,98.77088928,98.83596802,,98.92539215,,97.54712677,97.69535828,,97.97377777,,6.329,6.361,6.402999878,6.31,6.354
Estonia,1315407,1315790,1317384,1321977,1326590,65.04749777,64.81120538,64.46494213,64.01656941,63.54492294,6.186999798,6.762000084,5.760000229,5.366000175,5.114999771,6.133999825,6.065999985,5.298999786,5.31799984,4.96600008,6.236000061,7.414000034,6.190999985,5.409999847,5.254000187,23048864243,24259552889,26951648829,30631142227,31471100656,686173,695266,703684,705816,704366,5.106850147,5.170539856,4.973380089,,,19.99539,20.29085,,,,22.25324,21.17125,,,,33.95498,36.92339,,,,,,,,,,,,,,,,,,,5.429,5.517,5.611000061,5.739,5.893
Ethiopia,100835458,103603501,106400024,109224559,112078730,54.37154756,54.806239,55.26137124,55.7158851,56.14686837,2.194999933,2.167999983,2.119999886,2.075000048,2.08100009,2.901000023,2.857000113,2.811000109,2.746000051,2.756000042,1.590000033,1.574000001,1.523000002,1.491999984,1.493999958,64589334979,74296618481,81770791971,84269348327,95912590628,46718750,48240655,49804178,51412462,53195214,4.737919807,,,,,7.87686,,,,,16.76439,,,,,,,,,,,,51.7711792,,,,,59.24145889,,,,,44.42338181,,,4.512,4.508,4.460000038,4.35,4.286
Finland,5479531,5495303,5508214,5515525,5520314,63.36096879,62.87518101,62.47008231,62.13402948,61.84301383,9.376000404,8.81799984,8.640000343,7.361000061,6.59499979,8.842000008,8.581999779,8.388999939,7.297999859,6.296000004,9.875,9.036999702,8.871999741,7.419000149,6.872000217,2.3444E+11,2.40608E+11,2.55232E+11,2.75947E+11,2.69296E+11,2695658,2688556,2709345,2742737,2739091,7.032080173,6.851530075,6.376210213,,,21.99535,21.50883,,,,25.80386,24.75238,,,,34.49292,33.93205,,,,,,,,,,,,,,,,,,,7.406,7.413,7.468999863,7.632,7.769
France,66548272,66724104,66864379,66965912,67059887,62.76647242,62.4703445,62.22117654,62.00891081,61.80647185,10.35900021,10.05700016,9.397000313,9.059000015,8.427000046,9.880999565,9.852000237,9.336000443,9.097000122,8.36400032,10.79599953,10.24400043,9.454000473,9.022999763,8.484999657,2.43821E+12,2.47129E+12,2.59515E+12,2.78786E+12,2.71552E+12,30138027,30197208,30236456,30391825,30386432,,,5.451600075,,,17.53958,17.3647,,,,26.46082,26.28009,,,,32.96949,31.62493,,,,,,,,,,,,,,,,,,,6.575,6.478,6.441999912,6.489,6.592
Gabon,1947686,2007873,2064823,2119275,2172579,60.04053015,59.80552555,59.59324359,59.41022284,59.27572714,20.26000023,20.1590004,19.98200035,19.80699921,20.00399971,28.71800041,28.55500031,28.26600075,28.10099983,28.50699997,14.52099991,14.5010004,14.43299961,14.27700043,14.29300022,14383107714,14023890620,14929488771,16862282414,16874450215,636572,659706,681829,702504,721924,,,,,,,,,,,,,,,,,,,,,,,,84.66716003,,,,,85.85234833,,,,,83.42397308,,3.896,4.121,4.465000153,4.758,4.799
United Kingdom,65116219,65611593,66058859,66460344,66834405,64.46994818,64.25192612,64.07385559,63.92605226,63.79560384,5.301000118,4.813000202,4.335000038,3.996000051,3.851000071,5.124000072,4.683000088,4.21999979,3.940000057,3.575000048,5.454999924,4.926000118,4.43599987,4.045000076,4.093999863,2.92859E+12,2.69428E+12,2.66623E+12,2.86067E+12,2.82911E+12,33481424,33801224,34014019,34329233,34530463,5.556159973,5.426700115,5.442090034,,,24.97949,24.17334,,,,23.05669,21.18688,,,,35.35066,37.99046,,,,,,,,,,,,,,,,,,,6.867,6.725,6.714000225,7.19,7.054
Georgia,3725276,3727505,3728004,3726549,3720382,66.68471588,66.25135414,65.79735257,65.33926797,64.90751896,16.50600052,16.60400009,13.93900013,13.78499985,14.39799976,13.90100002,12.53100014,12.69099998,12.54699993,12.88000011,18.68000031,19.91300011,14.95400047,14.79399967,15.63500023,14953950557,15141758567,16242916916,17599700091,17477255546,2090740,2059913,2051071,2040890,2032911,,3.593869925,3.574429989,3.52105999,,,,,,,,,,,,,11.44,10.02091,,,,,99.36425781,,,,,99.43752289,,,,,99.2947464,,,4.297,4.252,4.285999775,4.34,4.519
Ghana,27849205,28481946,29121471,29767108,30417856,58.80449011,58.94660284,59.13016395,59.33504041,59.53780569,6.806000233,5.449999809,4.22300005,4.157000065,4.330999851,6.565999985,5.433000088,4.385000229,4.251999855,4.464000225,7.013000011,5.464000225,4.081999779,4.073999882,4.21600008,48564863888,55009730600,58998132330,65556464048,66983634224,11708016,12006769,12304378,12611514,12917053,4.510890007,4.486830235,3.617980003,3.989439964,,,,,,,,,,,,,,,,,,,,79.03964233,,,,,83.52458191,,,,,74.47438812,,4.633,4.276,4.119999886,4.657,4.996
Guinea,11432088,11738441,12067539,12414318,12771246,52.08652173,52.46573455,52.84481425,53.22380421,53.60810527,4.434000015,4.392000198,4.31799984,4.247000217,4.296000004,3.457999945,3.493000031,3.325999975,3.286000013,3.315999985,5.597000122,5.465000153,5.506000042,5.400000095,5.461999893,8794202444,8595955581,10324668267,10907214994,12296665331,3915430,4029992,4151690,4285745,4444072,2.517139912,2.544559956,2.31765008,2.315939903,,,6.81269,,,,,,,,,,,,,,,,,,,,,,,,,,,,,3.656,3.607,3.506999969,3.964,4.534
Greece,10820883,10775971,10754679,10732882,10716322,64.61915148,64.51476823,64.39583895,64.27348306,64.16193128,24.89699936,23.53899956,21.48800087,19.29199982,17.23800087,28.89299965,28.14299965,26.11499977,24.29000092,22.01600075,21.74699974,19.88899994,17.84900093,15.40699959,13.51599979,1.96591E+11,1.95222E+11,2.03588E+11,2.18138E+11,2.09853E+11,4825534,4821995,4812433,4804346,4776602,,,,,,20.20131,20.26908,,,,23.52266,23.02147,,,,11.19976,,,,,,,,97.93595123,,,,,98.50704956,,,,,97.39409637,,4.857,5.033,5.227000237,5.358,5.287
Guatemala,15567419,15827690,16087418,16346950,16604026,59.26100031,59.74785981,60.25278792,60.7525321,61.21168353,2.506000042,2.582999945,2.461999893,2.40199995,2.459000111,3.540999889,3.471999884,3.522000074,3.467999935,3.411999941,1.996000051,2.125999928,1.93900001,1.873999953,1.988000035,62186186576,66053725049,71612352645,73118147941,76710355347,6097908,6307795,6498737,6680520,6847286,3.030329943,2.944740057,2.951819897,3.140929937,3.212199926,10.06501,11.08353,11.36856,11.88315,,5.06996,5.12475,5.09271,5.42101,,18.05949,,,,,,,,,,,,,,,,,,,,6.123,6.324,6.453999996,6.382,6.436
Honduras,9112916,9270795,9429013,9587522,9746117,61.94650538,62.55904699,63.09407994,63.56850081,64.01238565,6.146999836,6.727000237,5.527999878,5.647999763,5.386000156,8.960000038,9.031000137,8.015999794,7.241000175,7.002999783,4.512000084,5.383999825,4.125999928,4.665999889,4.387000084,20979767785,21717622071,23136232230,24024189736,25095395475,4020478,4109395,4273483,4499704,4614041,6.412970066,,,6.06746006,,,,,,,,,,,,40.93656,,,,,87.90682983,88.98748016,,87.20523834,,87.92208099,89.04894257,,87.13764191,,87.89369965,88.93486023,,87.26555634,,4.788,4.871,5.181000233,5.504,5.86
Croatia,4203604,4174349,4124531,4087843,4067500,66.21314502,65.95282709,65.53958216,65.04262698,64.57764368,16.17499924,13.10299969,11.20800018,8.43200016,6.934999943,16.89800072,13.7869997,11.90499973,9.340000153,8.644000053,15.54699993,12.51399994,10.61100006,7.644000053,5.449999809,49525747504,51601147666,55481644098,61375222347,60752588976,1887533,1828434,1821368,1794730,1778668,,,3.917129993,,,,,,,,,,,,,,,,,,,,,,,,,,,,,,,,,5.759,5.488,5.293000221,5.321,5.432
Haiti,10695542,10839970,10982366,11123176,11263077,60.98774611,61.26775259,61.54011804,61.80835189,62.07774305,13.96500015,13.88099957,13.73499966,13.59200001,13.78100014,17.04100037,16.95299911,16.77300072,16.61499977,16.69300079,11.19799995,11.12100029,11.00800037,10.87800026,11.16300011,14857386164,13723267961,14213814583,15965670198,14332163266,4664609,4768066,4871279,4975289,5080581,3.1572299,2.449589968,2.689450026,2.780469894,,,,,,,,,,,,,,,,,,61.69134903,,,,,65.27764893,,,,,58.30052185,,,,4.518,4.028,3.602999926,3.582,3.597
Hungary,9843028,9814023,9787966,9775564,9769949,68.08257746,67.626637,67.04987336,66.4302824,65.87232267,6.813000202,5.114999771,4.156000137,3.707999945,3.398999929,7.039000034,5.107999802,4.571000099,3.986000061,3.480000019,6.622000217,5.120999813,3.809000015,3.476999998,3.33100009,1.25074E+11,1.28471E+11,1.42962E+11,1.60419E+11,1.63469E+11,4617150,4685790,4714349,4731877,4720629,4.518660069,4.655389786,4.667099953,,,18.67208,19.06479,,,,21.17405,23.05651,,,,21.24612,25.40887,,,,,,,,,,,,,,,,,,,4.8,5.145,5.323999882,5.62,5.758
Indonesia,258383256,261554226,264645886,267663435,270625568,67.16559219,67.2429804,67.40315016,67.59163708,67.73457784,4.513999939,4.301000118,4.184999943,4.511000156,4.686999798,4.429999828,3.86500001,3.921000004,4.250999928,4.510000229,4.565999985,4.572000027,4.352000237,4.678999901,4.801000118,8.60854E+11,9.31877E+11,1.01562E+12,1.04224E+12,1.11919E+12,124649774,125957742,129622071,132737405,134776525,3.583600044,,,,,13.28127,,,,,10.52216,,,,,20.76979,,,,,95.21793365,95.37696838,,95.65856171,,97.10652161,97.17443848,,97.33133698,,93.33570862,93.58692169,,93.99217987,,5.399,5.314,5.262000084,5.093,5.192
India,1310152403,1324509589,1338658835,1352617328,1366417754,65.94416405,66.27426247,66.53818711,66.7667425,67.00381119,5.565000057,5.511000156,5.419000149,5.329999924,5.355000019,5.571000099,5.505000114,5.375,5.300000191,5.232999802,5.563000202,5.513000011,5.429999828,5.336999893,5.386000156,2.10359E+12,2.2948E+12,2.65275E+12,2.71317E+12,2.86893E+12,476339891,480525905,484231730,487622021,494261426,,,,,,,,,,,,,,,,,,,,,,,,74.37299347,,,,,82.36670685,,,,,65.79080963,,4.565,4.404,4.315000057,4.19,4.015
Ireland,4701957,4755335,4807388,4867316,4941444,65.33622788,65.09707974,64.89006852,64.72777871,64.62679429,9.906000137,8.373999596,6.711999893,5.739999771,4.927999973,8.906999588,7.59800005,6.293000221,5.690999985,4.673999786,10.72999954,9.022000313,7.065000057,5.782000065,5.143000126,2.915E+11,3.00523E+11,3.35663E+11,3.82674E+11,3.88699E+11,2283198,2321591,2344064,2385556,2418323,3.758290052,3.7197299,3.506860018,,,11.83086,11.84396,,,,16.4223,15.94208,,,,18.99692,15.54304,,,,,,,,,,,,,,,,,,,6.94,6.907,6.977000237,6.977,7.021
Iraq,35572261,36610632,37552781,38433600,39309783,57.58574075,57.74782855,57.99419223,58.28983494,58.58053961,10.7130003,10.81999969,13.02000046,12.86200047,12.82199955,22.17399979,22.3390007,31.02000046,30.85099983,30.40399933,8.527000427,8.534999847,10.27999973,10.10499954,10.08300018,1.77499E+11,1.74896E+11,1.95473E+11,2.24228E+11,2.34094E+11,9491635,9813997,9800982,10146991,10475720,,,,,,,,,,,,,,,,,,,,,,83.30000305,85.59999847,,,,90,91.19999695,,,,76.80000305,79.90000153,,,4.677,4.575,4.497000217,4.456,4.437
Iceland,330815,335439,343400,352721,361313,65.97293508,65.78779432,65.5848059,65.37258734,65.16070802,3.979000092,2.977999926,2.742000103,2.703999996,2.842000008,4.051000118,3.046000004,2.717999935,2.539999962,2.835000038,3.914000034,2.917999983,2.763000011,2.851000071,2.84800005,17389101639,20618363252,24488176541,25737594324,24188038474,203034,208261,210583,212899,217840,7.512909889,7.495210171,7.658219814,,,22.79978,22.10298,,,,20.35202,19.39879,,,,24.7867,27.31457,,,,,,,,,,,,,,,,,,,7.561,7.501,7.504000187,7.495,7.494
Israel,8380100,8546000,8713300,8882800,9053300,60.91262883,60.60107399,60.32990904,60.09776752,59.90575367,5.250999928,4.797999859,4.215000153,3.997999907,3.861000061,5.393000126,4.941999912,4.320000172,3.953999996,3.898000002,5.125,4.669000149,4.120999813,4.038000107,3.826999903,2.99813E+11,3.18951E+11,3.53253E+11,3.70588E+11,3.94652E+11,3876919,3955835,4024831,4102822,4181133,5.867300034,5.857130051,6.092619896,,,21.34266,21.53058,,,,18.64104,18.65667,,,,19.25088,18.18129,,,,,,,,,,,,,,,,,,,7.278,7.267,7.212999821,6.814,7.139
Italy,60730582,60627498,60536709,60421760,60297396,64.33598201,64.16047427,64.02524052,63.91920431,63.82120584,11.89599991,11.68799973,11.21100044,10.60999966,9.887000084,12.69400024,12.77499962,12.38799953,11.77499962,10.8380003,11.31499958,10.89000034,10.34000015,9.746999741,9.18200016,1.8359E+12,1.8758E+12,1.9618E+12,2.09154E+12,2.00358E+12,25541895,25812533,25985917,26034264,25946128,4.073629856,3.815789938,4.044939995,,,21.73441,19.52238,,,,22.90489,,,,,25.26641,24.32675,,,,,,,99.15576172,,,,,99.35344696,,,,,98.9719162,,5.948,5.977,5.964000225,6,6.223
Jamaica,2891021,2906238,2920853,2934855,2948279,66.89031315,67.09541138,67.29244384,67.45326077,67.54638893,13.51099968,13.19200039,11.63399982,9.104000092,8.001999855,17.875,17.43099976,15.3920002,11.9090004,10.80700016,9.909000397,9.61400032,8.42800045,6.724999905,5.616000175,14187696311,14075894320,14806340821,15713908816,16458071068,1402369,1445230,1476965,1473383,1488632,5.455770016,5.315080166,5.260620117,5.41478014,5.16918993,22.17824,21.77293,23.44592,21.68464,,28.75004,27.60237,27.15691,29.72732,,36.59035,,,,,,,,,,,,,,,,,,,,5.709,5.51,5.31099987,5.89,5.89
Jordan,9266575,9551467,9779173,9956011,10101694,60.26763934,60.75659657,61.30351774,61.90801939,62.54434157,13.07499981,15.27499962,15.11499977,14.95899963,14.71500015,22.66200066,24.18499947,23.95800018,23.69300079,23.34499931,11.02999973,13.3579998,13.19299984,13.0369997,12.80500031,38587017944,39892551149,41408960787,42932112676,44502895862,2329440,2423692,2506538,2579658,2637892,,3.514120102,3.284049988,3.034349918,3.072530031,,14.87272,13.53875,13.30793,,,,17.09086,15.58689,,,23.18203,22.61967,25.32656,,,,,98.22711182,,,,,98.61421204,,,,,97.83207703,,5.192,5.303,5.335999966,5.161,4.906
Japan,127141000,126994511,126785797,126529100,126264931,60.99128482,60.49382348,60.07613014,59.72678128,59.4249197,3.400000095,3.099999905,2.799999952,2.400000095,2.290999889,3.112999916,2.813999891,2.63499999,2.177999973,2.144999981,3.61500001,3.316999912,2.927000046,2.573999882,2.405999899,4.38948E+12,4.92254E+12,4.86686E+12,4.95481E+12,5.08177E+12,66363530,66850743,67288388,68358370,68139088,,3.186180115,3.182179928,,,,21.78104,,,,,24.05154,,,,,20.60904,,,,,,,,,,,,,,,,,,,5.987,5.921,5.920000076,5.915,5.886
Kazakhstan,17542806,17794055,18037776,18276498.5,18513930,66.54297947,65.77406829,64.9483167,64.14760395,63.46640612,4.929999828,4.960000038,4.900000095,4.824999809,4.590000153,5.5,5.508999825,5.434999943,5.34800005,5.222000122,4.392000198,4.446000099,4.403999805,4.342000008,4.005000114,1.84388E+11,1.37278E+11,1.66806E+11,1.7934E+11,1.81666E+11,9116395,9070629,9003750,9030838,9053149,2.788579941,2.978100061,2.750819921,2.615950108,,,,0.26455,0.23507,,19.15682,21.20877,,,,11.33543,9.89648,8.5651,7.46282,,,,,99.78163147,,,,,99.8296814,,,,,99.73899078,,5.855,5.919,5.818999767,5.79,5.809
Kenya,47878336,49051686,50221473,51393010,52573973,56.45571517,56.92169994,57.39388204,57.87864645,58.38279903,2.79399991,2.756999969,2.694999933,2.63499999,2.64199996,2.996000051,2.940000057,2.858999968,2.822000027,2.799999952,2.602999926,2.585000038,2.539000034,2.45600009,2.49000001,64007750169,69188755364,78965004656,87778582964,95503088538,20855980,21750718,22401022,23057935,23879160,5.271339893,5.362669945,5.366680145,5.306250095,,10.95105,,,,,,,,,,76.42309,,,,,,,,81.53497314,,,,,84.98883057,,,,,78.1889267,,4.419,4.356,4.552999973,4.41,4.509
Cambodia,15521436,15766293,16009414,16249798,16486542,64.2786402,64.35303875,64.31673399,64.22990522,64.18303487,0.393000007,0.716000021,0.683000028,0.65200001,0.676999986,0.456999987,0.851000011,0.813000023,0.779999971,0.824000001,0.333999991,0.588999987,0.560000002,0.532000005,0.540000021,18049954289,20016747754,22177200512,24571753583,27089389787,8527881,8909071,9055041,9191221,9350230,,,,2.162859917,,,,,,,,,,,,,,,,,80.52648926,,,,,86.53244019,,,,,75.03386688,,,,,3.819,3.907,4.168000221,4.433,4.7
Kuwait,3835591,3956875,4056099,4137312,4207083,76.67673639,76.46089401,76.19508301,75.91063957,75.66632272,2.200000048,2.160000086,1.797999978,2.075999975,2.181999922,4.684000015,5.618999958,4.848999977,5.446000099,5.524000168,1.27699995,0.906000018,0.717999995,0.920000017,1.065000057,1.14567E+11,1.0942E+11,1.20707E+11,1.40645E+11,1.34629E+11,2193690,2265966,2334771,2383249,2424991,,,,,,,,,,,,,,,,,,,,,95.68544769,,96.03594971,96.05647278,,96.39225006,,96.69714355,96.66645813,,94.470047,,94.82576752,94.905159,,6.295,6.239,6.105000019,6.083,6.021
Lebanon,6532678,6711121,6811873,6848925,6855713,66.3349089,66.48664243,66.66571839,66.9017647,67.15448853,6.356999874,6.309000015,6.224999905,6.143000126,6.229000092,10.39299965,10.3039999,10.13300037,9.996999741,9.880000114,5.068999767,5.027999878,4.96600008,4.895999908,5.046999931,49939374833,51205122504,53140638269,54961275742,51991634492,2225580,2299119,2349593,2381501,2398864,,,,,,,,,,,,,,,,,,,,,,,,95.06944275,,,,,96.85466003,,,,,93.30500793,,4.839,5.129,5.224999905,5.358,5.197
Liberia,4472230,4586788,4702228,4818977,4937374,54.73222531,55.0003303,55.29857561,55.62158161,55.96138757,2.078999996,3.08100009,3.003999949,2.931999922,2.813999891,1.782999992,2.332999945,2.275000095,2.210999966,2.223999977,2.342000008,3.752000093,3.661000013,3.584000111,3.346999884,3177000000,3277826000,3285455000,3264000000,3070518100,1944762,2048924,2106396,2165501,2232405,,,2.76128006,2.584120035,,3.94327,14.49935,,,,17.73005,,,,,,,,,,,,48.30136108,,,,,62.69655991,,,,,34.09225845,,,4.571,3.622,3.532999992,3.495,3.975
Libya,6418315,6492164,6580724,6678567,6777452,66.89339803,66.99872862,67.13142809,67.28872201,67.47348414,18.88100052,18.78899956,18.62700081,18.46800041,18.56299973,25.32699966,25.21500015,25.00300026,24.59900093,24.56999969,15.54199982,15.46000004,15.32600021,15.29699993,15.4630003,27842131480,26197143268,37883243650,52607888718,52091152228,2260872,2296579,2337299,2380602,2422261,,,,,,,,,,,,,,,,,,,,,,,,,,,,,,,,,,,,5.754,5.615,5.525000095,5.566,5.525
Sri Lanka,20970000,21203000,21444000,21670000,21803000,65.8354277,65.63676686,65.46932057,65.32977922,65.20473221,4.519000053,4.242000103,4.179999828,4.118999958,4.197999954,7.453000069,6.836999893,6.736999989,6.646999836,6.686999798,2.989000082,2.890000105,2.836999893,2.778000116,2.875,80604080689,82401038710,87428125558,88425889592,84008783756,8640692,8794294,8841823,8893806,8938985,2.22874999,3.449199915,2.799249887,2.124209881,,7.43956,14.4145,11.39277,7.91881,,,14.07718,11.52081,7.6737,,29.412,30.52166,26.60908,31.55806,,,92.38690186,91.89575195,91.70982361,,,93.45588684,92.98055267,92.77292633,,,91.48610687,90.97074127,90.79560089,,4.271,4.415,4.440000057,4.471,4.366
Lesotho,2059021,2075001,2091412,2108132,2125268,61.79592146,61.93577924,62.14596559,62.38256097,62.60725706,24.3939991,24.29999924,24.13400078,23.97100067,23.40500069,28.68499947,28.47800064,27.77700043,27.76399994,27.11800003,20.84300041,20.84199905,21.11800003,20.8239994,20.33799934,2372280103,2165408359,2405289384,2575892262,2376328637,927804,938647,951051,962772,974311,,,7.963319778,6.985189915,,,,,20.7122,,,,,29.99591,,,,,44.69406,,,,,,,,,,,,,,,,,4.898,,3.808000088,3.808,3.802
Lithuania,2904910,2868231,2828403,2801543,2786844,66.71974979,66.38965765,65.97155985,65.41254234,64.70613601,9.119999886,7.861999989,7.072999954,6.146999836,6.352000237,8.161000252,6.650000095,5.672999859,5.409999847,6.304999828,10.09700012,9.097999573,8.49600029,6.890999794,6.400000095,41418872976,43018087238,47758736932,53722883091,54627411860,1470309,1482451,1468938,1472661,1457292,4.22988987,4.003940105,3.812829971,,,18.59952,19.49595,,,,17.42974,17.89823,,,,24.80784,17.99265,,,,,,,,,,,,,,,,,,,5.833,5.813,5.90199995,5.952,6.149
Luxembourg,569604,582014,596336,607950,619896,69.62792528,69.7182977,69.82818334,69.93802183,70.01781628,6.669000149,6.290999889,5.521999836,5.585000038,5.362999916,7.348999977,6.631999969,5.499000072,5.883999825,5.889999866,6.109000206,6.012000084,5.540999889,5.331999779,4.916999817,57744457955,60691483443,64181944723,70919958016,71104919108,282750,283597,293653,302721,310000,3.918200016,,3.569590092,,,19.6895,,,,,19.40807,,,,,42.75533,,,,,,,,,,,,,,,,,,,,6.946,6.871,6.862999916,6.91,7.09
Latvia,1977527,1959537,1942248,1927174,1912789,65.38709519,65.09153275,64.59043297,63.96060274,63.35573279,9.873000145,9.642999649,8.715000153,7.412000179,6.519999981,8.637000084,8.399999619,7.673999786,6.416999817,5.631000042,11.0880003,10.89099979,9.751999855,8.404999733,7.407000065,27239653844,28052325862,30458763246,34416012859,34102913582,1008394,1006942,1003688,1000226,983102,5.314129829,4.712989807,4.397119999,,,26.76693,24.50426,,,,28.27553,26.43476,,,,27.37707,17.72948,,,,,,,99.88931274,,,,,99.86837006,,,,,99.90640259,,5.098,5.56,5.849999905,5.933,5.94
Morocco,34663603,35126296,35581294,36029138,36471769,65.88659869,65.81884852,65.79405364,65.78071505,65.73002807,9.460000038,9.300000191,9.187000275,9.078000069,9.019000053,10.42399979,10.70100021,10.71800041,10.53800011,10.41499996,9.138999939,8.843999863,8.699999809,8.609999657,8.574000359,1.0118E+11,1.03312E+11,1.09683E+11,1.18096E+11,1.197E+11,11817891,11780964,11742989,11918297,12067484,,,,,,,,,,,,,,,,,,,,,,,,73.75000763,,,,,83.30135345,,,,,64.59137726,,5.013,5.151,5.235000134,5.254,5.208
Moldova,2834530,2802170,2755158,2706049,2657637,74.15911268,73.79855775,73.27474257,72.6703528,72.09718982,3.694000006,4.184999943,4.09800005,2.977999926,5.47300005,2.920000076,2.880000114,3.338999987,2.471999884,4.15500021,4.445000172,5.447999954,4.822999954,3.479000092,6.768000126,7745231660,8071480541,9669759987,11456717193,11968713370,1052791,1009773,982127,988570,963122,,5.608449936,5.618440151,5.439730167,,34.82502,32.54519,32.53601,32.53494,,32.85989,30.51211,30.9975,31.08682,,,31.4807,30.62616,26.64596,,,,,,,,,,,,,,,,,5.889,5.897,5.837999821,5.64,5.529
Madagascar,24234088,24894380,25570540,26262368,26969307,55.52256805,55.82712075,56.09750403,56.34513228,56.58909589,1.784999967,1.763000011,1.725000024,1.68900001,1.758000016,1.800999999,1.789999962,1.751999974,1.720999956,1.845999956,1.769999981,1.738000035,1.700000048,1.659000039,1.672999978,11323023787,11848615018,13176313233,13853433948,14114631281,12238090,12620212,13010466,13409202,13851504,2.210119963,2.687190056,,2.825489998,,,,,,,,,,,,0.03371,0.03809,,,,,,,74.80432129,,,,,77.27513885,,,,,72.38408661,,3.681,3.695,3.644000053,3.774,3.933
Mexico,121858258,123333376,124777324,126190788,127575529,65.63931515,65.82178939,66.02000456,66.21946683,66.39822125,4.313000202,3.858999968,3.420000076,3.282999992,3.424999952,4.453000069,3.90899992,3.601000071,3.427000046,3.711999893,4.229000092,3.828999996,3.311000109,3.196000099,3.250999928,1.17187E+12,1.07849E+12,1.15891E+12,1.22235E+12,1.26887E+12,53574700,54396002,55131907,56253063,57142190,5.235239983,4.909490108,4.522819996,,,14.4207,13.78185,,,,15.20393,14.42638,,,,36.45238,29.65754,,,,94.47228241,94.85961914,94.97277832,95.37991333,,95.54933167,95.84481812,95.87236786,96.23290253,,93.48549652,93.96852112,94.16575623,94.60804749,,7.187,6.778,6.578000069,6.488,6.595
Mali,17438778,17965429,18512394,19077690,19658031,49.52097561,49.62358011,49.76226784,49.94928385,50.20017519,7.729000092,7.552999973,7.329999924,7.110000134,7.223999977,8.793000221,8.534999847,8.204000473,7.861999989,7.953999996,6.90199995,6.789000034,6.650000095,6.522999763,6.657000065,13104802016,14025944550,15365627045,17070758732,17279566719,6450183,6651300,6863272,7086706,7335419,3.801500082,3.096090078,3.787309885,,,13.43451,9.34227,12.3362,,,23.14329,20.51885,25.49535,,,165.6316,188.86353,166.91975,,,33.06888962,,,35.47377014,,45.06592178,,,46.18413925,,22.19581032,,,25.73516083,,3.995,4.073,4.190000057,4.447,4.39
Malta,445053,455356,467999,484630,502653,66.98096453,66.41297693,65.88290903,65.37377518,64.8540325,5.379000187,4.686999798,4.000999928,3.71600008,3.47300005,5.387000084,5.164000034,4.251999855,3.555999994,3.773999929,5.374000072,4.375,3.834000111,3.825999975,3.266000032,11091434435,11665231192,13146963159,14750790658,14989415684,208231,215515,223557,235579,243422,5.216350079,5.207540035,4.824379921,,,22.83451,,,,,29.54522,,,,,44.39611,,,,,,,,94.50318909,,,,,93.00997162,,,,,95.98872375,,6.302,6.488,6.52699995,6.627,6.726
Myanmar,52680726,53045226,53382581,53708395,54045420,67.01409544,67.31718483,67.59224925,67.84430978,68.07389414,0.765999973,1.141000032,1.550999999,1.493999958,1.577000022,0.902999997,1.394000053,2.023000002,1.962000012,2.073999882,0.667999983,0.963999987,1.228999972,1.175999999,1.238999963,67822772707,67184236747,68945867478,76168043982,76085852617,24925876,24611006,24283550,24470007,24690588,,,2.087680101,1.922889948,1.93208003,,,7.66681,7.81464,,,,11.39294,10.30288,,,,,16.6916,,,75.55120087,,,,,80.01158905,,,,,71.84699249,,,,4.307,4.395,4.545000076,4.308,4.36
Montenegro,622159,622303,622373,622227,622137,67.71862778,67.52483803,67.20201796,66.81554422,66.46061145,17.54400063,17.72299957,16.07099915,15.17500019,14.88300037,17.30599976,17.07999992,16.9470005,15.09700012,15.72999954,17.73900032,18.23800087,15.37899971,15.23499966,14.22500038,4053097851,4373958354,4844606146,5504255214,5542577965,268047,271005,271367,277016,277234,,,,,,,,,,,,,,,,,,,,,,,,98.84718323,,,,,99.45046997,,,,,98.27134705,,5.192,5.161,5.236999989,5.347,5.523
Mongolia,2998439,3056359,3113779,3170208,3225167,67.27377145,66.64579219,66.05640208,65.50689291,65.01238541,4.861000061,7.235000134,6.359000206,6.254000187,6.011000156,4.245999813,5.873000145,5.640999794,5.59100008,5.630000114,5.374000072,8.369000435,6.960999966,6.813000202,6.333000183,11749620620,11186734674,11425755280,13108769496,13996719329,1287072,1278706,1306828,1319351,1331891,4.176990032,5.18061018,4.088590145,,,13.1827,16.58952,14.10634,,,,,,,,7.9848,10.67267,5.18859,,,,,,98.42311859,,,,,98.18601227,,,,,98.64888763,,4.874,4.907,4.954999924,5.125,5.285
Mozambique,27042002,27829942,28649007,29495962,30366036,51.67990521,51.88467542,52.14220606,52.43843539,52.75355334,3.426000118,3.382999897,3.308000088,3.236999989,3.240999937,3.673000097,3.596999884,3.522000074,3.473999977,3.453000069,3.157000065,3.148999929,3.075000048,2.977999926,3.009000063,15950969019,11936999283,13219084261,14845870051,15291448212,11628554,11989898,12371703,12772428,13193108,,5.865039825,5.505559921,5.499849796,,,,,,,,,,,,,,,,,56.03900146,,60.65542984,,,70.75839233,,72.59944916,,,43.06246185,,50.29513931,,,4.971,,4.550000191,4.417,4.466
Mauritania,4046301,4163534,4282574,4403319,4525696,56.37637932,56.46742802,56.60673381,56.77570502,56.95484186,9.758000374,9.692000389,9.576999664,9.463999748,9.548000336,12.16899967,12.18599987,12.04599953,11.94999981,12.11200047,8.656999588,8.552000046,8.444000244,8.319000244,8.366000175,6166857629,6398744505,6758390729,7049169771,7600656944,1099054,1135240,1172264,1210148,1248249,,1.944059968,,,1.89546001,9.59914,10.18348,,,,17.85968,14.17252,,,,92.77992,95.78092,,,,,,53.49758911,,,,,63.74855042,,,,,43.35438919,,,4.436,4.201,4.291999817,4.356,4.49
Mauritius,1262605,1263473,1264613,1265303,1265711,70.64565971,70.65526027,70.69092186,70.73213461,70.74156394,7.409999847,6.81400013,6.751999855,6.657000065,6.673999786,10.70199966,10.42199993,10.05300045,9.904000282,9.998999596,5.293000221,4.525000095,4.646999836,4.554999828,4.506999969,11692287066,12232463656,13259351418,14181951059,14048430519,603765,600981,608131,608753,610685,4.886670113,5.013599873,5.02312994,4.834589958,4.719349861,12.51795,14.08182,15.73389,15.56837,,30.67578,31.32815,31.95951,31.32456,,11.11475,10.53482,9.57631,,,92.70760345,93.15783691,,91.32539368,,94.86116791,95.43585968,,93.35735321,,90.65402222,90.98055267,,89.36637878,,5.477,5.648,5.629000187,5.891,5.888
Malawi,16745303,17205289,17670260,18143315,18628747,52.27595464,52.66897724,53.05410874,53.45227916,53.88928735,5.846000195,5.795000076,5.706999779,5.622000217,5.652999878,6.837999821,6.78000021,6.698999882,6.574999809,6.617000103,4.912000179,4.863999844,4.764999866,4.712999821,4.736000061,6373212641,5433040160,6303292264,6917301909,7666704427,7106401,7334170,7563865,7799084,8079230,5.608660221,4.748569965,4.031330109,4.714839935,,9.55053,8.15872,,,,26.41518,24.02977,,,,,,,,,62.14353943,,,,,69.75396729,,,,,55.20410919,,,,,4.292,4.156,3.970000029,3.587,3.41
Malaysia,30270962,30684804,31105028,31528585,31949777,68.93482936,69.08061926,69.22225702,69.33310429,69.38424954,3.099999905,3.440000057,3.410000086,3.349999905,3.323999882,3.39199996,3.928999901,3.927000046,3.825999975,3.74000001,2.921000004,3.137000084,3.089999914,3.055000067,3.065000057,3.01355E+11,3.01255E+11,3.19112E+11,3.58715E+11,3.64681E+11,14612026,14851647,15114465,15381536,15673198,4.894869804,4.75191021,4.677569866,4.481259823,4.163189888,16.07894,16.12796,16.13708,,,,21.14754,22.59321,22.81098,,,25.90471,24.78556,23.75401,,,94.88057709,95.08264923,94.85440826,,,96.29699707,96.49912262,96.12304688,,,93.36942291,93.55406952,93.50482941,,5.77,6.005,6.084000111,6.322,5.339
Niger,20001663,20788838,21602472,22442948,23310715,47.25925539,47.25836963,47.31635613,47.42066751,47.56111943,0.514999986,0.504999995,0.486999989,0.470999986,0.474999994,0.419,0.405999988,0.386999995,0.368999988,0.360000014,0.586000025,0.578000009,0.56099999,0.546000004,0.559000015,9685577941,10355006770,11189541083,12846952857,12911689659,7225239,7503949,7799638,8111179,8423258,4.494679928,2.990449905,2.581650019,3.547209978,,22.53418,16.47221,13.30223,,,65.02605,20.61046,17.13543,,,312.53591,314.50436,275.24802,,,,,,35.04999924,,,,,43.59405899,,,,,26.64999962,,3.845,3.856,4.027999878,4.166,4.628
Nigeria,181137448,185960289,190873311,195874740,200963599,53.13394776,53.14795166,53.23774609,53.38598302,53.56938646,4.31099987,7.059999943,8.388999939,8.243000031,8.095999718,5.105999947,8.11400032,9.260000229,9.100999832,8.907999992,3.660000086,6.199999809,7.676000118,7.539000034,7.434000015,4.86803E+11,4.0465E+11,3.75746E+11,3.9719E+11,4.4812E+11,54559255,55288066,56831352,58403811,59873566,,,,,,,,,,,,,,,,,,,,,,,,62.01601028,,,,,71.25570679,,,,,52.65647888,,5.268,4.875,5.073999882,5.155,5.265
Nicaragua,6223240,6303974,6384855,6465513,6545502,63.97330008,64.21182892,64.39931362,64.55082135,64.68715463,4.699999809,3.900000095,3.299999952,5.199999809,6.836999893,5.443999767,4.274000168,3.487999916,5.261000156,6.696000099,4.234000206,3.663000107,3.180000067,5.162000179,6.926000118,12756706583,13286083645,13785909906,13063904770,12520915291,2832718,2890622,2947535,2992406,3048887,4.078430176,4.081150055,4.357679844,,,,,,,,,,,,,,,,,,82.61454773,,,,,82.43855286,,,,,82.77935028,,,,,5.828,5.992,6.071000099,6.141,6.105
Netherlands,16939923,17030314,17131296,17231624,17332850,65.32420021,65.0519292,64.85473799,64.69564866,64.51118404,6.872000217,6.006000042,4.839000225,3.829999924,3.196000099,7.276000023,6.510000229,5.257999897,3.957000017,3.361999989,6.527999878,5.576000214,4.479000092,3.721999884,3.053999901,7.65265E+11,7.83528E+11,8.3387E+11,9.14043E+11,9.07051E+11,9034853,9051897,9111169,9227941,9275661,5.34815979,5.479599953,5.17509985,,,16.84558,16.66924,,,,22.73967,23.12418,,,,33.0426,35.77867,,,,,,,,,,,,,,,,,,,7.378,7.339,7.376999855,7.441,7.488
Norway,5188607,5234519,5276968,5311916,5347896,65.73465009,65.60396987,65.49492988,65.40173947,65.31435954,4.296000004,4.678999901,4.162000179,3.799999952,3.345999956,3.999000072,3.913000107,3.690999985,3.538000107,3.243999958,4.559999943,5.360000134,4.581999779,4.031000137,3.437000036,3.85802E+11,3.6882E+11,3.98394E+11,4.34167E+11,4.03336E+11,2762074,2769807,2762942,2799958,2818011,7.569330215,8.030550003,7.911980152,,,21.50107,21.70425,,,,26.35316,26.78578,,,,37.31122,39.82164,,,,,,,,,,,,,,,,,,,7.522,7.498,7.537000179,7.594,7.554
Nepal,27015031,27261131,27627124,28087871,28608710,61.10603019,62.07694387,62.99880203,63.8580639,64.64705679,1.475000024,1.44599998,1.396000028,1.350000024,1.406999946,1.253000021,1.226999998,1.23300004,1.159000039,1.210000038,1.75,1.72300005,1.603999972,1.593000054,1.654000044,21410840909,21185922408,25180583770,29173513476,30641380604,14970822,15384208,15853018,16359487,16885875,3.703589916,4.440989971,5.518370152,5.102069855,,12.35956,,,,,10.45324,,,,,24.16269,,,,,,,,67.90843201,,,,,78.59133911,,,,,59.72443008,,4.514,4.793,4.961999893,4.88,4.913
New Zealand,4595700,4693200,4793900,4841000,4917000,65.38199323,65.19028216,64.95437932,64.69414402,64.43943975,5.364999771,5.099999905,4.702000141,4.297999859,4.068999767,5.864999771,5.473999977,5.197999954,4.467999935,4.448999882,4.918000221,4.763000011,4.256000042,4.143000126,3.72300005,1.77468E+11,1.88224E+11,2.05416E+11,2.07921E+11,2.06929E+11,2513183,2608432,2696341,2721966,2764798,6.337389946,6.433350086,6.283669949,,,18.34146,20.32099,,,,20.84411,21.11448,,,,26.93331,25.25573,,,,,,,,,,,,,,,,,,,7.286,7.334,7.31400013,7.324,7.307
Oman,4267348,4479219,4665935,4829483,4974986,75.88678027,75.8033934,75.61477588,75.36070706,75.13301545,3.631999969,3.269999981,3.023000002,2.864000082,2.671000004,13.21000004,13.29899979,12.42399979,11.82299995,11.90999985,2.170000076,1.75,1.618000031,1.544999957,1.322999954,68399663322,65480507171,70598026283,79788768969,76331518669,2349315,2482965,2601786,2701563,2793208,,,,,,,31.77481,,,,,34.97368,36.02522,,,,43.55851,,,,93.03861237,94.89998627,95.5759964,95.6515274,,96.63287354,96.63082886,97.02387238,96.98941803,,86.03720856,90.94416046,92.2256012,92.69399261,,6.853,,,,
Pakistan,199426964,203627284,207896686,212215030,216565318,59.75335662,59.98627382,60.20754291,60.41741109,60.62321438,3.565999985,3.789000034,3.944999933,4.083000183,4.453000069,6.18200016,5.789000034,5.225999832,4.559999943,5.596000195,2.829999924,3.246999979,3.609999895,3.963000059,4.160999775,2.70556E+11,2.78655E+11,3.04567E+11,3.14568E+11,2.78222E+11,67754731,69170840,70602092,72040845,73943766,2.650019884,3.002919912,2.89951992,,,8.09756,,,,,16.02248,,,,,63.01978,69.92226,67.23956,,,,,59.13204956,,,,,71.11599731,,,,,46.46767044,,,5.194,5.132,5.269000053,5.472,5.653
Panama,3968487,4037078,4106771,4176873,4246439,64.60106837,64.67031353,64.75061052,64.8329646,64.90704329,3.002000093,3.315000057,3.900000095,3.894000053,3.90199995,3.928999901,3.937000036,5.116000175,4.993999958,5.054999828,2.403000116,2.911000013,3.107000113,3.151000023,3.122999907,54091700000,57907700000,62219000000,65128200000,66800800000,1858187,1910880,1937154,2029802,2070438,,,,,,,,,,,,,,,,,,,,,,,,95.41181183,,,,,95.96893311,,,,,94.8817215,,6.786,6.701,6.452000141,6.43,6.321
Peru,30470734,30926032,31444297,31989256,32510453,64.59269737,65.34223337,65.82670092,66.12100436,66.3520253,3,3.535000086,3.460000038,3.390000105,3.309999943,2.961999893,3.572000027,3.500999928,3.461999893,3.40899992,3.032000065,3.503000021,3.424999952,3.328000069,3.226000071,1.89805E+11,1.91896E+11,2.11007E+11,2.22045E+11,2.26848E+11,16583446,16965614,17810899,18346713,18864899,3.969330072,3.813169956,3.931309938,3.723160028,3.847290039,12.56451,11.48576,11.69517,11.22288,,13.8863,13.93289,15.06599,14.64931,,,10.37422,10.88362,,,94.16233826,94.17366791,94.14961243,94.40827179,,97.10637665,97.1884613,97.03974152,97.12136841,,91.24652863,91.18852997,91.27012634,91.70310974,,5.824,5.743,5.715000153,5.663,5.697
Philippines,102113212,103663927,105173264,106651922,108116615,63.1159012,63.31540795,63.59489479,63.91439103,64.20912271,3.068000078,2.707999945,2.552000046,2.338000059,2.150000095,3.219000101,2.869999886,2.701999903,2.676000118,2.441999912,2.969000101,2.602999926,2.459000111,2.125,1.963999987,3.06446E+11,3.18627E+11,3.28481E+11,3.46842E+11,3.76796E+11,43017635,43863054,43007823,43864623,44815390,,,,,,,,,,,,,,,,,,,,,98.18254852,,,,,98.12325287,,,,,98.24175262,,,,,5.073,5.279,5.429999828,5.524,5.631
Poland,37986412,37970087,37974826,37974750,37970874,69.42422084,68.87713146,68.18942444,67.42990642,66.69771627,7.500999928,6.160999775,4.887000084,3.845000029,3.473999977,7.710000038,6.225999832,4.907999992,3.846999884,3.509000063,7.330999851,6.107999802,4.870999813,3.844000101,3.446000099,4.77812E+11,4.7263E+11,5.26509E+11,5.87412E+11,5.95858E+11,18315532,18376997,18443681,18391322,18260472,4.812260151,4.639220238,4.559569836,,,23.84992,23.08263,,,,22.34623,22.56102,,,,28.11992,25.41068,,,,,,,,,,,,,,,,,,,5.791,5.835,5.97300005,6.123,6.182
Portugal,10358076,10325452,10300300,10283822,10269417,65.15130516,64.96154486,64.77522001,64.58823464,64.39122422,12.44400024,11.06599998,8.866999626,6.993000031,6.334000111,12.74600029,11.16600037,9.348999977,7.436999798,6.946000099,12.15600014,10.97099972,8.406000137,6.565000057,5.743000031,1.99314E+11,2.06286E+11,2.21358E+11,2.42313E+11,2.38785E+11,5216392,5203775,5248650,5267545,5239181,4.885540009,,5.015610218,,,22.50957,,,,,27.69333,,,,,26.90651,,,,,,,,96.1375885,,,,,97.35362244,,,,,95.0725174,,5.102,5.123,5.195000172,5.41,5.693
Paraguay,6688746,6777872,6867062,6956071,7044636,63.68411956,63.9178934,64.05463706,64.12927939,64.19983942,4.556000233,5.255000114,4.614999771,4.53399992,4.809000015,4.948999882,6.747000217,5.44299984,5.321000099,5.78399992,4.298999786,4.285999775,4.074999809,4.001999855,4.145999908,36164068797,36054281572,39008900332,40384691791,38145288940,3240419,3338124,3406346,3534912,3596812,,3.438339949,,,,,11.67423,,,,,11.92418,,,,,,,,,95.55484009,94.65023804,,94.02079773,,96.25430298,95.47605896,,94.51148224,,94.87442017,93.83505249,,93.53170776,,5.878,5.538,5.493000031,5.681,5.743
Qatar,2565710,2654374,2724724,2781677,2832067,85.56762066,85.39226198,85.25713392,85.08916548,84.88093679,0.170000002,0.150000006,0.140000001,0.109999999,0.090999998,0.866999984,0.717000008,0.638999999,0.479000002,0.432000011,0.061000001,0.061000001,0.061999999,0.052000001,0.037,1.6174E+11,1.51732E+11,1.61099E+11,1.83335E+11,1.75838E+11,1952246,2004463,2046136,2085366,2124504,,,2.86383009,,2.695349932,,,,,,,,,,,,,,,,,93.14530182,93.46396637,,,,92.88156128,93.14446259,,,,94.20703888,94.7115097,,,6.611,6.375,6.375,6.374,6.374
Romania,19815616,19702267,19587290,19472545,19356544,67.50843092,67.15429688,66.66878838,66.12674365,65.63597608,6.811999798,5.901000023,4.927000046,4.186999798,3.976000071,5.852000237,4.982999802,4.039000034,3.487999916,3.423000097,7.535999775,6.59100008,5.604000092,4.71600008,4.393000126,1.77729E+11,1.88129E+11,2.11695E+11,2.41457E+11,2.50077E+11,9114728,8952240,9108470,9054882,8932844,3.106760025,2.974109888,3.095390081,,,8.65312,7.82649,,,,16.19413,15.1606,,,,24.0546,26.09842,,,,,,,98.84449768,,,,,99.10800934,,,,,98.59976959,,5.124,5.528,5.824999809,5.945,6.07
Rwanda,11369071,11668818,11980937,12301939,12626950,56.71962995,56.91035611,57.01410763,57.0862309,57.20571476,1.143000007,1.113000035,1.062999964,1.01699996,1.029999971,1.215000033,1.174999952,1.113000035,1.06099999,1.070000052,1.067999959,1.047000051,1.008000016,0.970000029,0.986999989,8545441361,8697268916,9253098954,9635951160,10354417725,5668191,5837087,6007191,6178259,6362559,3.632339954,3.419300079,3.110830069,3.073750019,,5.54209,5.47035,,4.25557,,31.21191,37.14513,,21.67381,,107.95651,,,97.65851,,,,,73.21559143,,,,,77.55879974,,,,,69.39453888,,3.465,3.515,3.470999956,3.408,3.334
Saudi Arabia,31717667,32442572,33099147,33699947,34268528,71.15644098,71.36899171,71.53340369,71.64306385,71.72113141,5.590000153,5.650000095,5.889999866,6.039999962,5.927000046,21.65699959,21.17399979,20.33200073,22.48800087,22.11400032,2.471999884,2.519000053,3.073999882,2.930999994,2.88499999,6.5427E+11,6.44936E+11,6.88586E+11,7.86522E+11,7.92967E+11,13185854,13607874,13839522,14019589,14387604,,,,,,,,,,,,,,,,,,,,,,,95.32862854,,,,,97.10370636,,,,,92.7071991,,,6.411,6.379,6.343999863,6.371,6.375
Sudan,38902950,39847440,40813396,41801533,42813238,55.05227239,55.32236589,55.61016889,55.91004761,56.21697663,17.31599998,17.22299957,17.05999947,16.89999962,16.53499985,30.02499962,29.875,29.51300049,29.12599945,27.7689991,11.94299984,11.82299995,11.68999958,11.57199955,11.63599968,74294508240,51772232495,45021077955,33128480499,30513456085,11069998,11378646,11701253,12055376,12410692,,,,,,,,,,,,,,,,,,,,,,,,60.6971817,,,,,65.43515015,,,,,56.06322861,,4.55,4.139,4.138999939,4.139,
Senegal,14578459,14993528,15419381,15854360,16296364,53.4647935,53.55725364,53.68914588,53.85774593,54.06165449,6.756999969,6.705999851,6.614999771,6.52699995,6.604000092,7.303999901,7.250999928,7.184999943,7.072000027,7.446000099,6.389999866,6.337999821,6.230000019,6.157999992,6.03399992,17774766636,19040312815,20996564752,23236007428,23578084052,3763014,3877928,3997403,4122004,4255475,5.45637989,5.113090038,4.624969959,4.833280087,,13.74234,11.80185,,10.90433,,20.54068,11.42773,,11.4156,,176.3571,143.13554,,131.01343,,,,51.90042114,,,,,64.81227875,,,,,39.7985611,,,3.904,4.219,4.534999847,4.631,4.681
Singapore,5535002,5607283,5612253,5638676,5703569,78.32063578,77.94225802,77.20764444,76.25833717,75.27536737,3.789999962,4.079999924,4.199999809,4.019000053,4.109000206,3.977999926,4.487999916,4.43599987,4.255000114,4.31400013,3.655999899,3.786999941,4.032000065,3.848999977,3.961999893,3.08004E+11,3.18652E+11,3.41863E+11,3.73217E+11,3.72063E+11,3451949,3496292,3497085,3493801,3527065,,,,,,,,17.51811,,,,,21.63771,,,,,23.54145,,,96.82549286,97.04956055,97.2022171,97.34485626,,98.55957031,98.73446655,98.79692078,98.85089874,,95.19065094,95.44789124,95.68946838,95.91941071,,6.798,6.739,6.572000027,6.343,6.262
Sierra Leone,7171914,7328838,7488431,7650154,7813215,55.09827642,55.3733377,55.66159924,55.97380444,56.32795207,4.637000084,4.586999893,4.5,4.416999817,4.427999973,3.806999922,3.796999931,3.700999975,3.624000072,3.628000021,5.445000172,5.361000061,5.288000107,5.202000141,5.218999863,4218723875,3674794530,3739577973,4085114794,4121733705,2423877,2484881,2548635,2614289,2681359,,3.060230017,4.635769844,6.989630222,7.702280045,,5.66124,4.75965,12.36935,,,5.51217,14.26684,,,,,,,,,,,43.20632935,,,,,51.6468811,,,,,34.85203171,,4.507,4.635,4.709000111,4.571,4.374
El Salvador,6325124,6356143,6388122,6420744,6453553,63.87187034,64.22193459,64.44966802,64.58082908,64.67197217,3.997999907,4.418000221,4.385000229,4.006000042,4.110000134,3.473999977,3.851999998,4.006000042,3.750999928,3.578000069,4.375999928,4.831999779,4.657999992,4.18900013,4.493999958,23438240000,24191440000,24979200000,26117400000,27022640000,2665700,2729547,2743560,2757089,2789514,3.909879923,3.825239897,3.725229979,3.592420101,,13.55766,16.15496,16.03698,16.10453,,13.09878,15.0163,15.53204,15.0804,,10.84972,10.8018,12.01038,11.12942,,87.96984863,88.14176941,88.48271179,89.00859833,,90.0099411,90.29927063,90.63137817,91.1023407,,86.21710205,86.32642365,86.67363739,87.23413849,,6.13,6.068,6.002999783,6.167,6.253
Serbia,7095383,7058322,7020858,6982604,6944975,66.87910488,66.59961195,66.27936081,65.96452656,65.71855405,17.65999985,15.25699997,13.47700024,12.7329998,12.68599987,18.75799942,16.09900093,14.27299976,13.69799995,13.77999973,16.80599976,14.59000015,12.83899975,11.96000004,11.80900002,39655958843,40692643373,44179055280,50640650221,51475016532,3096714,3191611,3219215,3241884,3218840,3.789020061,3.640269995,3.715090036,3.585390091,,43.65488,,,,,11.11718,,,,,33.58741,29.57195,29.78442,,,,98.84150696,,,,,99.49970245,,,,,98.22827911,,,,5.123,5.177,5.394999981,5.398,5.603
Suriname,559136,564883,570501,575987,581363,65.48557346,65.61123621,65.76189842,65.92336673,66.07301349,7.21999979,7.169000149,7.080999851,6.993999958,7.334000111,11.66499996,11.62800026,11.60700035,11.44099998,11.92300034,4.461999893,4.464000225,4.323999882,4.272999763,4.506999969,4787367928,3128953537,3216207914,3464656616,3697371950,207995,209868,212400,214905,217280,,,,,,,,,,,,,,,,,,,,,,,,94.38327026,,,,,96.07404327,,,,,92.71205902,,6.269,6.269,,,
Slovenia,2063531,2065042,2066388,2073894,2087946,67.31675711,66.74025292,66.07450224,65.3713453,64.70807551,8.961999893,8,6.56400013,5.107999802,4.195000172,10.03800011,8.588000298,7.479000092,5.697000027,4.659999847,8.050999641,7.489999771,5.770999908,4.602000237,3.79399991,43090173395,44736333522,48586603448,54161636035,54174227309,1010900,998363,1029116,1037571,1034477,4.909530163,4.801780224,4.783239841,,,24.55179,23.5703,,,,23.9989,23.0407,,,,23.84036,24.3256,,,,,,,,,,,,,,,,,,,5.848,5.768,5.757999897,5.948,6.118
Sweden,9799186,9923085,10057698,10175214,10285453,63.0971792,62.77146814,62.51341761,62.32268961,62.17594015,7.43200016,6.989999771,6.717999935,6.346000195,6.475999832,7.289999962,6.585999966,6.441999912,6.291999817,6.21999979,7.56099987,7.357999802,6.96999979,6.394999981,6.710000038,5.05104E+11,5.15655E+11,5.41019E+11,5.55455E+11,5.30884E+11,5186060,5250661,5336002,5411383,5470074,7.443900108,7.618619919,7.568830013,,,21.33574,21.74093,,,,23.58743,23.75742,,,,43.11866,43.24651,,,,,,,,,,,,,,,,,,,7.364,7.291,7.28399992,7.314,7.343
Chad,14110975,14561666,15016773,15477751,15946876,49.71862681,49.90749681,50.13270845,50.39318107,50.68741364,1.832999945,1.855999947,1.84800005,1.838000059,1.891000032,1.56099999,1.582000017,1.625,1.64199996,1.70599997,2.058000088,2.084000111,2.032999992,2.003000021,2.046000004,10950392220,10097778354,10000395242,11239167048,11314951343,5221720,5408037,5597518,5788876,5995556,,,2.454819918,,,,,,,,,,,,,,,,,,26.00299072,22.31155014,,,,38.91820145,31.32879066,,,,13.93340969,13.95522976,,,,3.667,3.763,3.936000109,4.301,4.35
Togo,7323158,7509952,7698475,7889094,8082366,55.06132737,55.26701839,55.51219631,55.79600849,56.11429871,2.203999996,2.174999952,2.125999928,2.078999996,2.038000107,1.700000048,1.661000013,1.621999979,1.585999966,1.547000051,2.698999882,2.681999922,2.624000072,2.566999912,2.523999929,4180866177,4486979198,4819949975,5364369026,5490272413,3315730,3407416,3501093,3596555,3700152,5.10860014,4.955580235,4.989759922,5.369569778,,16.09805,16.16121,,,,,,,,,91.09807,81.64483,77.17135,,,63.74562073,,,,,77.25942993,,,,,51.24177933,,,,,2.839,3.303,3.494999886,3.999,4.085
Thailand,68714511,68971331,69209858,69428524,69625582,71.42375065,71.34828152,71.20921442,71.01211804,70.77021345,0.597000003,0.688000023,0.829999983,0.765999973,0.754000008,0.606000006,0.713999987,0.845000029,0.742999971,0.741999984,0.588999987,0.666000009,0.818000019,0.783999979,0.763999999,4.01296E+11,4.1343E+11,4.56295E+11,5.06514E+11,5.43549E+11,38916820,38662091,38490554,38907795,38989896,,,,,,,,,,,,,,,,,,,,,92.86830902,,,93.76776123,,94.65911865,,,95.20239258,,91.19193268,,,92.42855835,,6.455,6.474,6.423999786,6.072,6.008
Tajikistan,8454028,8663579,8880268,9100837,9321018,61.21563591,60.91155861,60.56487259,60.19382837,59.84295921,11.5010004,11.41800022,11.27400017,11.13300037,11.0170002,10.41699982,10.38099957,10.26000023,10.08300018,9.93500042,12.14500046,12.05099964,11.88500023,11.75899982,11.66300011,7854602392,6952678127,7157865188,7522947810,8116626794,2286008,2317977,2365515,2412933,2464790,5.231389999,,,,,,,,,,,,,,,19.56957,,,,,,,,,,,,,,,,,,,,4.786,4.996,5.040999889,5.199,5.467
Turkmenistan,5565287,5662372,5757669,5850908,5942089,65.48120519,65.01405419,64.81218869,64.7510016,64.64928412,3.953999996,3.920000076,3.858999968,3.799999952,3.913000107,2.221999884,2.194999933,2.148999929,2.104000092,2.178999901,5.164999962,5.122000217,5.050000191,4.980000019,5.116000175,35799714286,36180000000,37926285714,40761142857,,2500114,2532460,2571947,2614576,2653050,,,,,,,,,,,,,,,,,,,,,,,,,,,,,,,,,,,,5.548,5.658,5.822000027,5.636,5.247
Trinidad and Tobago,1370328,1377564,1384072,1389858,1394973,69.65376173,69.36939226,69.09690989,68.84547391,68.62061129,2.210999966,2.971999884,2.70600009,2.5,2.686000109,2.608999968,2.953000069,2.65199995,2.54399991,2.825000048,1.924999952,2.986000061,2.746000051,2.467000008,2.582999945,25062893969,22284780327,22474828527,23808146748,24269714810,671319,668436,667691,667593,666923,,,,,,,,,,,,,,,,,,,,,,,,,,,,,,,,,,,,6.168,6.168,6.168000221,,
Tunisia,11179949,11303946,11433443,11565204,11694719,68.54499068,68.17212044,67.83604029,67.51420057,67.18043418,15.21800041,15.51399994,15.37899971,15.45899963,16.02199936,22.41600037,23.44300079,23.12100029,23.13100052,23.40999985,12.57199955,12.625,12.58100033,12.70499992,13.38300037,43173480832,41801210428,39802430355,39770297329,38796687568,3993436,4012596,4036987,4061682,4087299,6.596010208,,,,,,,,,,52.39924,,,,,54.74251,,,,,,,,,,,,,,,,,,,,4.739,5.045,4.804999828,4.592,4.461
Turkey,78529409,79821724,81101892,82319724,83429615,66.53134624,66.62572399,66.74153146,66.86737692,66.9828933,10.23600006,10.83899975,10.81900024,10.89000034,13.48999977,12.56200027,13.59599972,13.85400009,13.73499966,16.42200089,9.154999733,9.526000023,9.340999603,9.487999916,12.04699993,8.64314E+11,8.69683E+11,8.58989E+11,7.78382E+11,7.61425E+11,29780340,30831360,31954592,32826049,33368843,,,,,,14.38743,12.99947,,,,11.56828,13.5129,,,,32.269,35.28416,,,,95.60141754,96.16732788,96.15052795,,,98.57562256,98.77583313,98.81996155,,,92.64581299,93.56301117,93.49826813,,,5.332,5.389,5.5,5.483,5.373
Tanzania,51482633,53050790,54663906,56318348,58005463,52.77995591,52.928723,53.09989021,53.30046267,53.53565232,2.102999926,2.076999903,2.032999992,1.99000001,1.980000019,2.670000076,2.644999981,2.595999956,2.548000097,2.461999893,1.575999975,1.549000025,1.508000016,1.468999982,1.531000018,47378599025,49774021003,53320625959,58001200572,63177068175,23877145,24659135,25467538,26304005,27170342,,,4.430510044,3.696439981,,,,,,,,,,,,,,,,,77.88722992,,,,,83.20484924,,,,,73.09382629,,,,,3.781,3.666,3.348999977,3.303,3.231
Uganda,38225453,39647506,41162465,42723139,44269594,50.12964268,50.42476808,50.75975692,51.1284879,51.53743447,1.858999968,1.832999945,1.789999962,1.748999953,1.843000054,2.381000042,2.328999996,2.303999901,2.244999886,2.296000004,1.356999993,1.355000019,1.291000009,1.266000032,1.402999997,32248116584,29078719934,30756466548,32916147253,35165157017,14078249,14657926,15285775,15935453,16658774,2.340490103,2.155359983,2.272049904,2.130520105,,,,,,,,,,,,,,,,,,,,76.52749634,,,,,82.65601349,,,,,70.83805847,,3.931,3.739,4.080999851,4.161,4.189
Ukraine,45154036,45004674,44831135,44622518,44385155,69.06664959,68.67125428,68.21581664,67.75290039,67.35529124,9.140000343,9.350000381,9.510000229,8.798999786,8.881999969,8.076999664,7.69299984,7.747000217,7.423999786,7.796000004,10.09599972,10.83399963,11.08600044,10.02900028,9.852000237,91030959455,93355993629,1.1219E+11,1.30902E+11,1.53781E+11,20945249,20755122,20610189,20432109,20203893,,5.00977993,5.412260056,,,,26.25312,30.31566,,,,25.63448,30.26498,,,,38.53561,34.46536,,,,,,,,,,,,,,,,,,4.681,4.324,4.096000195,4.103,4.332
Uruguay,3412009,3424132,3436646,3449299,3461734,64.4317175,64.46690531,64.52274183,64.57749939,64.60068856,7.487999916,7.84100008,7.889999866,8.336000443,8.730999947,8.855999947,9.451000214,9.482000351,10.08899975,10.65799999,6.364999771,6.5,6.563000202,6.873000145,7.122000217,53274304222,52687612262,59530088537,59596885024,56045912953,1749234,1750871,1748271,1749881,1762838,,4.75909996,4.840300083,5.047589779,,,12.39083,12.64033,,,,15.93141,16.15909,,,,25.19618,25.38864,,,98.52387238,98.56147003,98.61572266,98.70385742,,98.1459198,98.24452972,98.23419189,98.37136078,,98.86746216,98.85031891,98.96391296,99.00773621,,6.485,6.545,6.453999996,6.379,6.293
United States,320635163,322941311,324985539,326687501,328239523,66.1333887,65.94297877,65.72210602,65.48330596,65.24107673,5.28000021,4.868999958,4.355000019,3.895999908,3.681999922,5.177000046,4.788000107,4.308000088,3.836999893,3.615999937,5.367000103,4.938000202,4.395999908,3.946000099,3.737999916,1.82247E+13,1.8715E+13,1.95194E+13,2.05802E+13,2.14332E+13,160596354,162547573,164268059,165483017,165890069,,,,,,19.76064,19.85908,,,,21.68055,22.1348,,,,21.52057,19.42953,,,,,,,,,,,,,,,,,,,7.119,7.104,6.993000031,6.886,6.892
Uzbekistan,31298900,31847900,32388600,32956100,33580650,67.58650956,67.4698238,67.21691651,66.89480471,66.60697097,5.150000095,5.159999847,5.829999924,5.736000061,5.916999817,4.886000156,4.90199995,5.611000061,5.517000198,5.688000202,5.333000183,5.339000225,5.981999874,5.887000084,6.076000214,81847410182,81779012351,59159945321,50392607758,57921286440,14502140,14786980,15042030,15289417,15555948,5.786379814,5.667729855,5.281340122,,,,,,,,,,,,,,,,,,99.98383331,99.98657227,,99.9928894,,99.99204254,99.99487305,,99.99997711,,99.97576904,99.97840881,,99.98587036,,6.003,5.987,5.971000195,6.096,6.174
Vietnam,92677076,93638724,94596642,95540395,96462106,70.3118126,70.13834047,69.87142097,69.55234487,69.23249944,2.125,2.082999945,2.052999973,1.993000031,2.013000011,1.993999958,1.927000046,1.881999969,1.83099997,1.904000044,2.243999958,2.226000071,2.210000038,2.14199996,2.112999916,1.93241E+11,2.05276E+11,2.2378E+11,2.45214E+11,2.61921E+11,55760129,55991171,56565992,56915235,57364650,,4.344810009,,4.167449951,,,,,,,,,,,,,,,,,,,,95.00038147,,,,,96.45677948,,,,,93.59671021,,5.36,5.061,5.073999882,5.103,5.175
Kosovo,1788196,1777557,1791003,1797085,1794248,,,,,,,,,,,,,,,,,,,,,6442915788,6719172017,7245707185,7942961738,7926133714,,,,,,,,,,,,,,,,,,,,,,,,,,,,,,,,,,,,,,,,,5.589,5.401,5.278999805,5.662,6.1
South Africa,55386367,56203654,57000451,57779622,58558270,65.67943877,65.66442046,65.63056155,65.60250585,65.61641934,25.15600014,26.5510006,27.07099915,26.92000008,28.18099976,27.54299927,29.00600052,29.29700089,29.05999947,30.33499908,23.21500015,24.55699921,25.23800087,25.14900017,26.39100075,3.17621E+11,2.96357E+11,3.49554E+11,3.68289E+11,3.51432E+11,21690077,22092829,22696993,22947458,23300226,5.956190109,5.942850113,6.113059998,6.158989906,6.505050182,,,17.6493,17.94111,,19.08402,,19.5657,21.375,,40.02283,,46.83211,47.9767,,94.36791992,,87.04666901,,,95.39653015,,87.67774963,,,93.40802765,,86.45863342,,,4.642,4.459,4.828999996,4.724,4.722
Zambia,15879361,16363507,16853688,17351822,17861030,51.7587641,52.09097001,52.50382426,52.96418082,53.42217666,10.10499954,10.88199997,11.6260004,11.5,11.42500019,10.68700027,11.62899971,12.56999969,12.44799995,12.23700047,9.569999695,10.19099998,10.74800014,10.61400032,10.66499996,21243339048,20954754378,25868165345,26312140829,23309773923,6423437,6650519,6888188,7134980,7401485,4.62432003,3.747920036,3.729650021,4.618090153,,14.32072,12.91385,12.88822,,,,,,,,,,,,,,,,86.74796295,,,,,90.60118103,,,,,83.08344269,,5.129,4.795,4.513999939,4.377,4.107
Zimbabwe,13814629,14030390,14236745,14439018,14645468,54.60345696,54.47313396,54.5059405,54.65941011,54.86126493,5.302000046,5.252999783,5.168000221,5.086999893,4.953999996,5.894999981,5.84100008,5.738999844,5.59800005,5.458000183,4.684999943,4.642000198,4.576000214,4.554999828,4.433000088,19963120600,20548678100,22040902300,24311560500,21440758800,6587744,6686030,6792647,6907202,7039493,,,5.818779945,5.871349812,,,,,,,,,,,,,,,,,,,,,,,,,,,,,,,,4.61,4.193,3.875,3.692,3.663
