,Country Name,2015 Total Pop,2016 Total Pop,2017 Total Pop,2018 Total Pop,2019 Total Pop,2015 Adults (%),2016 Adults (%),2017 Adults (%),2018 Adults (%),2019 Adults (%),2015 Total Unemploment,2016 Total Unemploment,2017 Total Unemploment,2018 Total Unemploment,2019 Total Unemploment,2015 Female Unemploment,2016 Female Unemploment,2017 Female Unemploment,2018 Female Unemploment,2019 Female Unemploment,2015 Male Unemployment,2016 Male Unemployment,2017 Male Unemployment,2018 Male Unemployment,2019 Male Unemployment
1,Afghanistan,34413603,35383128,36296400,37172386,38041754,52.64429883,53.2079642,53.76322252,54.32489755,54.9119344,11.38700008,11.31299973,11.18400002,11.05700016,11.11800003,14.42700005,14.31400013,14.09000015,13.90600014,14.00399971,10.68400002,10.5710001,10.41600037,10.2869997,10.33100033
3,Albania,2880703,2876101,2873457,2866376,2854191,68.70472473,68.66009247,68.64261422,68.58239036,68.39780528,17.07999992,15.22000027,13.75,12.34000015,12.33100033,17.09799957,14.57299995,12.56299973,11.22900009,11.60400009,17.06800079,15.67800045,14.59000015,13.12699986,12.84599972
58,Algeria,39728025,40551404,41389198,42228429,43053054,65.42884525,64.85756642,64.18320494,63.48882487,62.89684351,11.20600033,10.20199966,11.99600029,11.88199997,11.70400047,16.67499924,18.62999916,21.11400032,21.05800056,21.07999992,9.987999916,8.347999573,10.02099991,9.925999641,9.697999954
9,American Samoa,55812,55741,55620,55465,55312,,,,,,,,,,,,,,,,,,,,
4,Andorra,78011,77297,77001,77006,77142,,,,,,,,,,,,,,,,,,,,
2,Angola,27884381,28842484,29816748,30809762,31825295,50.61516696,50.68562911,50.80778714,50.97470164,51.17863322,7.282000065,7.22300005,7.118999958,7.019000053,6.886000156,7.681000233,7.563000202,7.467000008,7.327000141,6.941999912,6.882999897,6.881999969,6.769000053,6.708000183,6.829999924
10,Antigua and Barbuda,93566,94527,95426,96286,97118,69.26875147,69.23207126,69.19288244,69.11908273,68.99030046,,,,,,,,,,,,,,,
5,Arab World,396028278,404024435,411898967,419790591,427870270,62.71405096,62.65945594,62.64962781,62.66168749,62.67270614,10.67531969,10.45094491,10.64131316,10.56334426,10.33694622,20.01618025,19.96872433,20.36139575,20.38219389,19.95419985,8.193908958,7.898398739,8.097088218,7.998258533,7.824011882
7,Argentina,43131966,43590368,44044811,44494502,44938712,64.06001976,64.06056661,64.08352251,64.12127729,64.16136585,7.75,7.977000237,8.347000122,9.220000267,9.788999557,8.850999832,9.118000031,9.463999748,10.53800011,10.92199993,6.965000153,7.150000095,7.52699995,8.225999832,8.93500042
8,Armenia,2925553,2936146,2944809,2951776,2957731,69.04257075,68.7610583,68.44896633,68.11276042,67.75038027,18.26099968,17.61700058,17.70499992,17.49600029,16.98999977,19.25200081,17.48399925,17.47100067,17.1989994,17.29500008,17.38599968,17.7310009,17.90600014,17.75099945,16.72900009
0,Aruba,104341,104872,105366,105845,106314,69.1597742,69.13761538,68.94633943,68.64660589,68.32119947,,,,,,,,,,,,,,,
11,Australia,23815995,24190907,24601860,24982688,25364307,66.25804941,65.90657302,65.5309417,65.15290773,64.80335154,6.053999901,5.710000038,5.59100008,5.297999859,5.268000126,6.072999954,5.778999805,5.668000221,5.31799984,5.328000069,6.039000034,5.651000023,5.525000095,5.281000137,5.215000153
12,Austria,8642699,8736668,8797566,8840521,8877067,67.03954297,66.9201963,66.81250731,66.70048591,66.56253608,5.72300005,6.013999939,5.499000072,4.84800005,4.673999786,5.308000088,5.543000221,5.031000137,4.650000095,4.546999931,6.085000038,6.426000118,5.907999992,5.019999981,4.78399992
13,Azerbaijan,9649341,9757812,9854033,9939771,10023318,71.3895879,71.02714111,70.72264792,70.43524739,70.11169103,4.960000038,5,5,4.900000095,5.508999825,5.867000103,5.907999992,5.927000046,5.765999794,6.335000038,4.087999821,4.135000229,4.118999958,4.076000214,4.723999977
21,"Bahamas, The",374206,377931,381761,385640,389482,69.31770201,69.77191543,70.06535605,70.25752197,70.44099599,12,12.69999981,9.800000191,10,10.35999966,13.00399971,14.4829998,11.39099979,9.947999954,10.80099964,11.0880003,11.08699989,8.359999657,10.04699993,9.961000443
20,Bahrain,1371851,1425791,1494074,1569439,1641172,76.82605472,77.26758181,77.78620365,78.319356,78.76249412,1.129999995,0.91900003,0.700999975,0.649999976,0.713999987,3.744999886,3.279999971,2.792000055,2.655999899,2.963000059,0.404000014,0.275999993,0.148000002,0.133000001,0.150000006
18,Bangladesh,156256276,157970840,159670593,161356039,163046161,65.61857714,66.11132307,66.625937,67.13558688,67.60528327,4.377999783,4.349999905,4.372000217,4.281000137,4.190000057,7.467000008,7.379000187,6.744999886,6.623000145,6.203999996,3.161000013,3.128000021,3.346999884,3.25999999,3.305999994
28,Barbados,285324,285796,286233,286641,287025,67.03186553,67.00618623,66.9488387,66.85435789,66.71857852,11.35000038,9.720000267,9.76099968,9.385000229,10.33100033,10.32199955,10.10299969,10.04199982,9.600000381,10.69200039,12.35299969,9.345999718,9.487000465,9.175000191,9.979999542
23,Belarus,9489616,9501534,9498264,9483499,9466856,69.41362835,69.07010989,68.71698692,68.28890878,67.7628385,5.914000034,5.840000153,5.650000095,4.760000229,4.59499979,4.262000084,4.18599987,4.039000034,3.553999901,3.349999905,7.544000149,7.47300005,7.228000164,5.920000076,5.789999962
15,Belgium,11274196,11331422,11375158,11427054,11484055,64.85353395,64.61143766,64.37944165,64.1558335,63.93523089,8.482000351,7.829999924,7.085999966,5.947999954,5.589000225,7.768000126,7.559999943,7.053999901,5.561999798,5.136000156,9.092000008,8.059000015,7.113999844,6.28000021,5.977000237
24,Belize,360933,368400,375769,383071,390353,63.48047976,63.96579805,64.48057184,64.98377585,65.42821497,7.578000069,7,6.59499979,6.512000084,6.413000107,11.06499958,11.11499977,9.800999641,9.720999718,9.652999878,5.431000233,4.394000053,4.589000225,4.488999844,4.354000092
16,Benin,10575952,10872067,11175204,11485048,11801151,53.73519093,53.89830798,54.0874712,54.29871231,54.52959631,2.582000017,2.536999941,2.459000111,2.385999918,2.232000113,2.776000023,2.747999907,2.664000034,2.566999912,2.335999966,2.394999981,2.332999945,2.260999918,2.210999966,2.131999969
25,Bermuda,65237,64554,63873,63920,63918,,,,,,,,,,,,,,,,,,,,
30,Bhutan,727876,736709,745568,754394,763092,66.87801219,67.41476949,67.85570099,68.22563455,68.56683074,2.450000048,2.415999889,2.35800004,2.302999973,2.342000008,3.244999886,3.226999998,3.157999992,3.071000099,3.200000048,1.896000028,1.851999998,1.802999973,1.771999955,1.751999974
26,Bolivia,10869730,11031813,11192854,11353142,11513100,60.83890768,61.11593252,61.41950378,61.73450486,62.0361067,3.065999985,3.525000095,3.670000076,3.53399992,3.497999907,3.796999931,4.074999809,4.071000099,3.628999949,3.809000015,2.563999891,3.125,3.368999958,3.457999945,3.250999928
22,Bosnia and Herzegovina,3429361,3386267,3351527,3323929,3301000,70.27787392,70.000378,69.45453189,68.76346488,68.10508937,27.69400024,25.40800095,20.52700043,18.39999962,18.42499924,30.65399933,29.97699928,23.09900093,20.29400063,21.00200081,25.74799919,22.47699928,18.8390007,17.17900085,16.76199913
31,Botswana,2120716,2159944,2205128,2254126,2303697,61.24681476,61.32850786,61.47432293,61.66317964,61.86911734,17.74699974,17.6590004,17.50499916,17.35300064,18.19300079,20.84399986,20.90500069,20.64900017,20.52099991,21.22200012,14.81000042,14.57199955,14.51000023,14.33199978,15.31799984
27,Brazil,204471769,206163058,207833831,209469333,211049527,69.56613409,69.64878959,69.7106712,69.74309026,69.73919823,8.427000046,11.60000038,12.82199955,12.33399963,12.08300018,10.05500031,13.45800018,14.71800041,14.22999954,14.13899994,7.212999821,10.20600033,11.36999989,10.86900043,10.49499989
253,British Virgin Islands,29152,29355,29577,29802,30030,,,,,,,,,,,,,,,,,,,,
29,Brunei Darussalam,414907,419800,424473,428962,433285,71.8373033,71.8158647,71.93625979,72.10039094,72.17466564,7.914000034,8.711000443,9.315999985,8.862000465,9.116999626,8.798000336,9.489999771,9.984999657,9.642000198,9.906999588,7.269999981,8.137999535,8.819000244,8.279999733,8.524000168
19,Bulgaria,7177991,7127822,7075947,7025037,6975761,65.70743309,65.2542739,64.79766683,64.38262025,64.06165381,9.142999649,7.574999809,6.164000034,5.210999966,4.340000153,8.416000366,6.967999935,5.946000099,4.652999878,3.969000101,9.776000023,8.097999573,6.354000092,5.690000057,4.657000065
17,Burkina Faso,18110624,18646378,19193284,19751535,20321378,52.01818557,52.20262596,52.4098388,52.64493785,52.91489091,6.418000221,6.343999863,6.21600008,6.093999863,6.263999939,9.387999535,9.319999695,9.130000114,8.949999809,9.222999573,4.018000126,3.940000057,3.861999989,3.785000086,3.880000114
14,Burundi,10160030,10487998,10827024,11175378,11530580,52.38346737,52.30296162,52.25774518,52.25137879,52.28725702,1.552000046,1.527999997,1.486999989,1.447999954,1.427000046,1.126000047,1.123000026,1.072999954,1.032999992,1.008999944,2.015000105,1.967000008,1.934000015,1.896000028,1.878000021
45,Cabo Verde,524743,531146,537497,543767,549935,65.54884963,65.92895362,66.28433966,66.6129059,66.89517852,11.9090004,12.10599995,12.23999977,12.17000008,12.2489996,12.36299992,12.66899967,12.76900005,11.54800034,11.49100018,11.5710001,11.67700005,11.82800007,12.65799999,12.84700012
121,Cambodia,15521436,15766293,16009414,16249798,16486542,64.2786402,64.35303875,64.31673399,64.22990522,64.18303487,0.393000007,0.716000021,0.683000028,0.65200001,0.676999986,0.456999987,0.851000011,0.813000023,0.779999971,0.824000001,0.333999991,0.588999987,0.560000002,0.532000005,0.540000021
40,Cameroon,23298368,23926539,24566045,25216237,25876380,54.0539964,54.204904,54.40127529,54.6395428,54.91421907,3.506000042,3.471999884,3.414000034,3.357000113,3.380000114,4.006000042,3.960999966,3.884000063,3.84100008,3.871999979,3.062999964,3.039999962,2.996000051,2.926000118,2.944000006
33,Canada,35702908,36109487,36543321,37057765,37589262,67.95488432,67.64695567,67.28747162,66.89774245,66.50620337,6.906000137,6.999000072,6.340000153,5.830999851,5.56400013,6.284999847,6.237999916,5.848999977,5.492000103,5.263000011,7.459000111,7.677999973,6.78000021,6.136000156,5.835999966
47,Caribbean small states,7222206,7269385,7314986,7358958,7401383,67.20263455,67.31139105,67.41276458,67.49041787,67.52627383,10.56397744,10.48343737,9.553454677,8.372812195,8.011520389,13.51767996,13.41797021,12.19751391,10.41744968,10.12770787,8.308218417,8.200329926,7.484576021,6.775345344,6.352641306
50,Cayman Islands,61724,62569,63382,64174,64948,,,,,,,,,,,,,,,,,,,,
32,Central African Republic,4493170,4537687,4596028,4666377,4745185,51.96418119,52.21238314,52.52216971,52.87990574,53.26519409,3.864000082,3.819000006,3.74000001,3.664000034,3.680000067,3.769000053,3.707999945,3.624000072,3.552000046,3.565000057,3.944000006,3.911000013,3.836999893,3.757999897,3.776000023
34,Central Europe and the Baltics,103257886,102994278,102738653,102537026,102378579,68.09632796,67.62510887,67.04008638,66.40392481,65.81012339,7.814781162,6.487662204,5.293337874,4.312452102,3.870378192,7.905672237,6.440905078,5.258638474,4.292581396,3.926423791,7.740204731,6.525926282,5.322124119,4.329074885,3.824400703
227,Chad,14110975,14561666,15016773,15477751,15946876,49.71862681,49.90749681,50.13270845,50.39318107,50.68741364,1.832999945,1.855999947,1.84800005,1.838000059,1.891000032,1.56099999,1.582000017,1.625,1.64199996,1.70599997,2.058000088,2.084000111,2.032999992,2.003000021,2.046000004
36,Channel Islands,165385,166923,168665,170499,172259,68.03337667,67.83666721,67.67497703,67.51417897,67.33116992,8.083999634,7.857999802,7.622000217,7.409999847,7.486999989,8.326000214,8.109999657,7.883999825,7.681000233,7.695000172,7.894999981,7.657999992,7.414000034,7.193999767,7.321000099
37,Chile,17969353,18209068,18470439,18729160,18952038,68.83656301,68.82224834,68.78390925,68.71629587,68.62418701,6.507999897,6.737999916,6.958000183,7.232999802,7.090000153,7.137000084,7.261000156,7.454999924,7.979000092,7.702000141,6.06400013,6.366000175,6.599999905,6.688000202,6.642000198
38,China,1371220000,1378665000,1386395000,1392730000,1397715000,72.61433377,72.20275277,71.71751844,71.20211371,70.72329863,4.629000187,4.534999847,4.440999985,4.276000023,4.320000172,4.012000084,3.928999901,3.846999884,3.703000069,3.726999998,5.114999771,5.010000229,4.90500021,4.722000122,4.78000021
43,Colombia,47520667,48175048,48909844,49661056,50339443,67.77563749,68.0179463,68.24399892,68.444057,68.61338533,8.298999786,8.692000389,8.871999741,9.111000061,9.706999779,10.84000015,11.20400047,11.51299953,11.79399967,12.7130003,6.361999989,6.78000021,6.866000175,7.092000008,7.445000172
44,Comoros,777424,795592,813892,832322,850886,56.96479656,57.09911613,57.26460022,57.45456686,57.65872279,4.493000031,4.449999809,4.375,4.302000046,4.335999966,4.860000134,4.837999821,4.748000145,4.665999889,4.702000141,4.230999947,4.171999931,4.105999947,4.038000107,4.070000172
41,"Congo, Dem. Rep.",76244544,78789127,81398764,84068091,86790567,50.63821747,50.63351317,50.69676857,50.81651729,50.98166141,4.406000137,4.356999874,4.272999763,4.19299984,4.236000061,3.562000036,3.487999916,3.426000118,3.352999926,3.404000044,5.196000099,5.171000004,5.066999912,4.980999947,5.013999939
42,"Congo, Rep.",4856095,4980999,5110702,5244363,5380508,55.27628681,55.3186953,55.41263957,55.554778,55.7413352,9.911999702,9.857999802,9.762999535,9.670000076,9.472000122,10.7670002,10.58199978,10.36100006,10.26500034,10.10499954,9.093000412,9.163999557,9.18900013,9.097000122,8.862999916
46,Costa Rica,4847804,4899345,4949954,4999441,5047561,69.16721468,69.18392152,69.17211756,69.12540822,69.04092888,8.998999596,8.597999573,8.142000198,9.631999969,11.85400009,11.15299988,10.83899975,10.29300022,12.19200039,14.84599972,7.603000164,7.22300005,6.818999767,8.003000259,9.93900013
39,Cote d'Ivoire,23226143,23822714,24437469,25069229,25716544,54.63863285,54.79850449,54.99270587,55.20408485,55.41217747,3.101999998,2.598999977,3.273000002,3.210000038,3.316999912,3.947999954,3.352999926,3.85800004,3.795000076,3.772000074,2.522000074,2.072000027,2.858999968,2.792999983,2.992000103
97,Croatia,4203604,4174349,4124531,4087843,4067500,66.21314502,65.95282709,65.53958216,65.04262698,64.57764368,16.17499924,13.10299969,11.20800018,8.43200016,6.934999943,16.89800072,13.7869997,11.90499973,9.340000153,8.644000053,15.54699993,12.51399994,10.61100006,7.644000053,5.449999809
48,Cuba,11324781,11335109,11339259,11338138,11333483,69.27860239,69.03808734,68.8156205,68.60254959,68.39269093,2.400000095,2,1.700000048,1.700000048,1.638000011,2.582000017,2.181999922,1.636999965,1.825000048,1.776000023,2.28399992,1.883999944,1.74000001,1.621999979,1.550999999
49,Curacao,157980,159664,160175,159800,157538,64.90831858,64.65427315,64.50613283,64.43115906,64.33693949,,,,,,,,,,,,,,,
51,Cyprus,1160985,1170187,1179680,1189265,1198575,70.27145054,70.0034268,69.74801598,69.49309027,69.24464468,14.90799999,12.94999981,11.05200005,8.369999886,7.274000168,14.76599979,13.33300018,11.26900005,8.755000114,8.121999741,15.03199959,12.62100029,10.86499977,8.041000366,6.547999859
52,Czech Republic,10546059,10566332,10594438,10629928,10669709,66.89083524,66.27224569,65.61791833,64.99251759,64.47630503,5.046000004,3.950999975,2.890000105,2.243000031,1.932999969,6.073999882,4.670000076,3.578999996,2.802999973,2.384000063,4.231999874,3.378000021,2.336999893,1.791000009,1.567000031
56,Denmark,5683483,5728010,5764980,5793636,5818553,64.10939592,63.98027856,63.84881462,63.7287848,63.63378215,6.168000221,6.181000233,5.743000031,4.974999905,4.913000107,6.443999767,6.638999939,5.93599987,5.149000168,5.193999767,5.922999859,5.768000126,5.568999767,4.81799984,4.65899992
54,Djibouti,913993,929112,944097,958920,973560,65.12697581,65.27921284,65.56145065,65.89830466,66.1859567,10.58399963,10.51000023,10.38199997,10.25699997,10.29500008,10.83699989,10.72999954,10.50699997,10.35700035,10.40200043,10.41800022,10.36600018,10.30000019,10.18999958,10.22399998
55,Dominica,71183,71307,71458,71625,71808,,,,,,,,,,,,,,,,,,,,
57,Dominican Republic,10281680,10397743,10513131,10627165,10738958,64.66184515,64.77723382,64.86939538,64.94005302,64.99291644,7.605000019,7.282999992,5.831999779,5.738999844,5.84499979,10.90499973,10.73099995,8.121999741,8.074999809,8.279000282,5.480999947,5.026000023,4.320000172,4.169000149,4.201000214
60,Early-demographic dividend,3122156905,3164386912,3206361028,3248239444,3290290613,64.68653169,64.90402265,65.1020515,65.28588243,65.46432069,5.777375694,5.780985573,5.709708911,5.689869894,5.816613529,6.690414171,6.663968297,6.554418364,6.505033868,6.671477345,5.393239775,5.408644668,5.352228419,5.343264393,5.453449474
61,East Asia & Pacific,2282855831,2298486142,2314097713,2328138066,2340628292,70.38862875,70.11692625,69.81087352,69.48816626,69.17713742,4.079162659,3.98654298,3.899911217,3.788435499,3.830287611,3.645233772,3.534946858,3.482658406,3.382615575,3.424569764,4.412313386,4.332143701,4.218722868,4.098926318,4.139990675
59,East Asia & Pacific (excluding high income),2038190036,2053103802,2068142784,2081639097,2093675040,70.88507213,70.62443648,70.32428622,70.00494974,69.699929,4.110509571,4.024462527,3.950131599,3.852769049,3.895681351,3.644545607,3.540091215,3.496936204,3.417308795,3.457939044,4.468607631,4.395083901,4.295885859,4.184973458,4.228728408
228,East Asia & Pacific (IDA & IBRD countries),2012980531,2027771091,2042687863,2056064424,2067984156,70.90413779,70.63685075,70.32788221,69.99925292,69.68691275,4.1282632,4.041624858,3.967300691,3.869544351,3.91277164,3.663222291,3.557619754,3.515437801,3.435104117,3.476154096,4.484841542,4.411100096,4.31121186,4.200166098,4.244157806
64,Ecuador,16212020,16491115,16785361,17084357,17373662,64.33873755,64.5292714,64.68725933,64.81411827,64.92083246,3.615999937,4.597000122,3.835999966,3.529999971,3.967999935,4.524000168,5.848999977,4.928999901,4.400000095,4.958000183,3.023000002,3.726000071,3.069000006,2.928999901,3.282999992
65,Egypt,92442547,94447072,96442593,98423595,100388073,61.58430923,61.20794447,61.03653001,60.97149994,60.88883686,13.05200005,12.40699959,11.73700047,11.59200001,10.76000023,24.9109993,23.68300056,23.08699989,22.99500084,22.14999962,9.428999901,8.876000404,8.251999855,8.088000298,7.239999771
209,El Salvador,6325124,6356143,6388122,6420744,6453553,63.87187034,64.22193459,64.44966802,64.58082908,64.67197217,3.997999907,4.418000221,4.385000229,4.006000042,4.110000134,3.473999977,3.851999998,4.006000042,3.750999928,3.578000069,4.375999928,4.831999779,4.657999992,4.18900013,4.493999958
86,Equatorial Guinea,1168568,1215179,1262001,1308974,1355986,59.93669175,60.04345035,60.23120407,60.42552379,60.6186937,6.644000053,6.585000038,6.482999802,6.382999897,6.433000088,6.412000179,6.315999985,6.208000183,6.084000111,6.184000015,6.778999805,6.742000103,6.643000126,6.55700016,6.577000141
67,Eritrea,,,,,,,,,,,5.337999821,5.284999847,5.19299984,5.104000092,5.144000053,5.171999931,5.119999886,5.031000137,4.922999859,4.953000069,5.479000092,5.426000118,5.330999851,5.257999897,5.308000088
69,Estonia,1315407,1315790,1317384,1321977,1326590,65.04749777,64.81120538,64.46494213,64.01656941,63.54492294,6.186999798,6.762000084,5.760000229,5.366000175,5.114999771,6.133999825,6.065999985,5.298999786,5.31799984,4.96600008,6.236000061,7.414000034,6.190999985,5.409999847,5.254000187
222,Eswatini,1104044,1113984,1124753,1136191,1148130,56.94999475,57.36586364,57.64768115,57.87292052,58.1537805,23.45499992,22.71800041,22.53800011,22.36100006,22.08300018,25.13100052,24.46299934,24.16200066,23.91500092,23.6609993,21.87400055,21.0720005,21.01499939,20.91699982,20.63400078
70,Ethiopia,100835458,103603501,106400024,109224559,112078730,54.37154756,54.806239,55.26137124,55.7158851,56.14686837,2.194999933,2.167999983,2.119999886,2.075000048,2.08100009,2.901000023,2.857000113,2.811000109,2.746000051,2.756000042,1.590000033,1.574000001,1.523000002,1.491999984,1.493999958
66,Euro area,339488380,340481753,341163597,341843156,342597698,64.96167601,64.75279795,64.54246861,64.33211107,64.1226251,10.83974609,10.02740405,9.060117366,8.187862166,7.496169933,11.03115658,10.37835555,9.44583613,8.579467615,7.947112906,10.67765813,9.727561377,8.730446824,7.852854675,7.11010501
63,Europe & Central Asia,906707416,910904758,914585461,917922618.5,921140092,66.62320832,66.29712717,65.96200291,65.62975639,65.31555293,8.558220868,8.096101879,7.491877388,6.903874432,6.763186376,8.538323485,8.109534361,7.561296649,6.997866457,6.821658252,8.574885565,8.084787923,7.434572609,6.825995136,6.714733308
62,Europe & Central Asia (excluding high income),390295673,392870484,395289709,397435105.5,399404587,68.20262316,67.7808832,67.35529488,66.94037868,66.55270746,7.610807125,7.624235736,7.419552779,7.092560212,7.491865217,7.367169519,7.352304293,7.246555169,6.954308772,7.274425463,7.805113132,7.840526021,7.557299558,7.202374672,7.663860111
229,Europe & Central Asia (IDA & IBRD countries),452301305,454717187,456976356,458970243.5,460799505,68.256529,67.82867881,67.37889001,66.92941662,66.50854192,7.643414778,7.471683932,7.125450737,6.700274423,6.994651235,7.42319613,7.214920992,6.949659903,6.56179379,6.802560573,7.818994777,7.675788874,7.265408801,6.810319413,7.146679409
71,European Union,444543759,445487728,446131273,446777673,447512041,65.54327225,65.27508631,64.98536391,64.68896084,64.40529547,10.02373905,9.124785198,8.135618042,7.26938483,6.666848568,10.19017329,9.393515462,8.442319703,7.583233532,7.033350264,9.883847752,8.897388471,7.876071648,7.003505622,6.356053184
76,Faroe Islands,48051,48173,48331,48497,48678,,,,,,,,,,,,,,,,,,,,
74,Fiji,868627,872399,877459,883483,889953,65.17953045,65.11699349,65.05660094,65.03769739,65.0820886,4.362999916,4.318999767,4.236999989,4.157999992,4.100999832,5.452000141,5.561999798,5.552999973,5.451000214,5.320000172,3.809000015,3.711999893,3.592999935,3.523999929,3.499000072
73,Finland,5479531,5495303,5508214,5515525,5520314,63.36096879,62.87518101,62.47008231,62.13402948,61.84301383,9.376000404,8.81799984,8.640000343,7.361000061,6.59499979,8.842000008,8.581999779,8.388999939,7.297999859,6.296000004,9.875,9.036999702,8.871999741,7.419000149,6.872000217
72,Fragile and conflict affected situations,730424930,747004599,763578047,780467640,798138587,55.22153524,55.3084017,55.43196617,55.5895268,55.77428067,6.019861442,6.646939523,7.010501493,6.914434856,6.964999244,6.545257286,7.301263481,7.654604715,7.548023903,7.536005253,5.658901275,6.198187427,6.570142018,6.480492829,6.574731871
75,France,66548272,66724104,66864379,66965912,67059887,62.76647242,62.4703445,62.22117654,62.00891081,61.80647185,10.35900021,10.05700016,9.397000313,9.059000015,8.427000046,9.880999565,9.852000237,9.336000443,9.097000122,8.36400032,10.79599953,10.24400043,9.454000473,9.022999763,8.484999657
197,French Polynesia,273124,274575,276103,277679,279287,69.13160323,69.31876536,69.20341033,68.94759777,68.75543795,13.74499989,13.25599957,12.77400017,12.31400013,12.09599972,14.68099976,14.24800014,13.81799984,13.43200016,13.22700024,13.02900028,12.49300003,11.97099972,11.45499992,11.22399998
78,Gabon,1947686,2007873,2064823,2119275,2172579,60.04053015,59.80552555,59.59324359,59.41022284,59.27572714,20.26000023,20.1590004,19.98200035,19.80699921,20.00399971,28.71800041,28.55500031,28.26600075,28.10099983,28.50699997,14.52099991,14.5010004,14.43299961,14.27700043,14.29300022
84,"Gambia, The",2085860,2149139,2213894,2280102,2347706,52.84261647,52.90754052,53.00730976,53.141274,53.31195644,9.312999725,9.248999596,9.13599968,9.027000427,9.055999756,12.58399963,12.40699959,12.40600014,12.23999977,12.23700047,6.762000084,6.784999847,6.579999924,6.505000114,6.556000233
80,Georgia,3725276,3727505,3728004,3726549,3720382,66.68471588,66.25135414,65.79735257,65.33926797,64.90751896,16.50600052,16.60400009,13.93900013,13.78499985,14.39799976,13.90100002,12.53100014,12.69099998,12.54699993,12.88000011,18.68000031,19.91300011,14.95400047,14.79399967,15.63500023
53,Germany,81686611,82348669,82657002,82905782,83132799,65.56447055,65.39599085,65.17782359,64.9170079,64.6375192,4.624000072,4.122000217,3.746000051,3.384000063,3.042999983,4.21999979,3.740999937,3.315000057,2.910000086,2.694000006,4.97300005,4.451000214,4.118000031,3.792000055,3.342999935
81,Ghana,27849205,28481946,29121471,29767108,30417856,58.80449011,58.94660284,59.13016395,59.33504041,59.53780569,6.806000233,5.449999809,4.22300005,4.157000065,4.330999851,6.565999985,5.433000088,4.385000229,4.251999855,4.464000225,7.013000011,5.464000225,4.081999779,4.073999882,4.21600008
82,Gibraltar,33736,33737,33728,33718,33701,,,,,,,,,,,,,,,,,,,,
87,Greece,10820883,10775971,10754679,10732882,10716322,64.61915148,64.51476823,64.39583895,64.27348306,64.16193128,24.89699936,23.53899956,21.48800087,19.29199982,17.23800087,28.89299965,28.14299965,26.11499977,24.29000092,22.01600075,21.74699974,19.88899994,17.84900093,15.40699959,13.51599979
89,Greenland,56114,56186,56172,56023,56225,,,,,,,,,,,,,,,,,,,,
88,Grenada,109599,110261,110874,111454,112003,67.17397057,67.16336692,67.03194617,66.81680334,66.60535879,,,,,,,,,,,,,,,
91,Guam,161853,162951,164281,165768,167294,65.60026691,65.61420304,65.65397094,65.68638097,65.67599555,6.900000095,5.400000095,5.153999805,4.928999901,5.31099987,6.763000011,5.335999966,5.099999905,4.881000042,5.304999828,6.993999958,5.443999767,5.190999985,4.961999893,5.315000057
90,Guatemala,15567419,15827690,16087418,16346950,16604026,59.26100031,59.74785981,60.25278792,60.7525321,61.21168353,2.506000042,2.582999945,2.461999893,2.40199995,2.459000111,3.540999889,3.471999884,3.522000074,3.467999935,3.411999941,1.996000051,2.125999928,1.93900001,1.873999953,1.988000035
83,Guinea,11432088,11738441,12067539,12414318,12771246,52.08652173,52.46573455,52.84481425,53.22380421,53.60810527,4.434000015,4.392000198,4.31799984,4.247000217,4.296000004,3.457999945,3.493000031,3.325999975,3.286000013,3.315999985,5.597000122,5.465000153,5.506000042,5.400000095,5.461999893
85,Guinea-Bissau,1737202,1782437,1828146,1874309,1920922,54.65109987,54.68375338,54.74237547,54.83713146,54.98307584,2.604000092,2.565999985,2.5,2.437999964,2.46600008,2.357000113,2.303999901,2.239000082,2.181999922,2.210000038,2.83100009,2.805000067,2.74000001,2.671999931,2.700000048
92,Guyana,767432,771366,775221,779004,782766,64.92484025,65.06570146,65.21757638,65.33518355,65.35848517,12.00399971,12.05500031,12.04399967,11.90600014,11.85200024,15.3210001,15.38500023,15.36900043,15.22500038,15.18900013,9.973999977,9.972999573,9.918999672,9.774000168,9.699999809
98,Haiti,10695542,10839970,10982366,11123176,11263077,60.98774611,61.26775259,61.54011804,61.80835189,62.07774305,13.96500015,13.88099957,13.73499966,13.59200001,13.78100014,17.04100037,16.95299911,16.77300072,16.61499977,16.69300079,11.19799995,11.12100029,11.00800037,10.87800026,11.16300011
96,Heavily indebted poor countries (HIPC),718128416,738387254,759106221,780234406,801708035,53.38532252,53.60558587,53.85008149,54.11553089,54.39985792,4.654900016,4.577639303,4.474979094,4.42163363,4.447173146,5.002106395,4.918391296,4.825553995,4.745387182,4.743584296,4.37087184,4.297411615,4.185482833,4.152779567,4.201264899
93,High income,1212252370,1219052243,1225031038,1230515710,1235852838,66.31156222,66.0724504,65.81918229,65.55909046,65.29923396,6.623420198,6.145407355,5.583461292,5.074339469,4.793254837,6.887551039,6.430527707,5.877960042,5.363301008,5.080540623,6.416665865,5.92130683,5.351188444,4.845428709,4.565794165
95,Honduras,9112916,9270795,9429013,9587522,9746117,61.94650538,62.55904699,63.09407994,63.56850081,64.01238565,6.146999836,6.727000237,5.527999878,5.647999763,5.386000156,8.960000038,9.031000137,8.015999794,7.241000175,7.002999783,4.512000084,5.383999825,4.125999928,4.665999889,4.387000084
94,Hong Kong,7291300,7336600,7391700,7451000,7507400,73.64606103,73.0503668,72.21830628,71.2240546,70.17503941,3.319999933,3.390000105,3.089999914,2.903000116,3.628999949,3.190999985,3.078000069,2.773999929,2.615999937,3.197999954,3.441999912,3.687000036,3.394999981,3.180999994,4.048999786
99,Hungary,9843028,9814023,9787966,9775564,9769949,68.08257746,67.626637,67.04987336,66.4302824,65.87232267,6.813000202,5.114999771,4.156000137,3.707999945,3.398999929,7.039000034,5.107999802,4.571000099,3.986000061,3.480000019,6.622000217,5.120999813,3.809000015,3.476999998,3.33100009
100,IBRD only,4648915921,4692793113,4736170185,4777257265,4816235953,68.24314129,68.16962065,68.06196459,67.93742316,67.82349901,5.758550075,5.863496715,5.825844938,5.699092448,5.770164568,5.778761058,5.914352852,5.914821566,5.799021522,5.892466473,5.746968053,5.833548288,5.773286296,5.639842051,5.69849956
112,Iceland,330815,335439,343400,352721,361313,65.97293508,65.78779432,65.5848059,65.37258734,65.16070802,3.979000092,2.977999926,2.742000103,2.703999996,2.842000008,4.051000118,3.046000004,2.717999935,2.539999962,2.835000038,3.914000034,2.917999983,2.763000011,2.851000071,2.84800005
101,IDA & IBRD total,6176134809,6254597843,6333386949,6410738780,6486934853,65.43853053,65.40657568,65.35379676,65.2919282,65.24129203,5.459186698,5.591850169,5.583303957,5.4700694,5.530233221,5.610410879,5.770583335,5.775160103,5.653526737,5.723328974,5.367645575,5.483409606,5.466676476,5.358249567,5.41323088
103,IDA blend,512877243,524790731,536862922,549115214,561572202,57.16222758,57.29280479,57.44471474,57.61615251,57.8069236,3.975858075,4.87337859,5.372280074,5.358918837,5.458394539,5.015450378,6.008071677,6.350651741,6.130967103,6.270312496,3.370041309,4.219512264,4.811714156,4.919369352,4.995646177
105,IDA only,1014341645,1037013999,1060353842,1084366301,1109126698,56.75293623,56.99371723,57.2473769,57.51025579,57.77973209,4.520443619,4.484482275,4.433094781,4.368850354,4.382339958,5.043127527,5.008654485,4.924290217,4.831152501,4.78931527,4.146497804,4.10680347,4.076237038,4.031093455,4.084631703
102,IDA total,1527218888,1561804730,1597216764,1633481515,1670698900,56.89054085,57.0943252,57.31377837,57.54589195,57.78888141,4.35195343,4.604448585,4.721280509,4.671868284,4.711286128,5.035284824,5.288859688,5.319323951,5.188501358,5.195998568,3.892686799,4.143704701,4.316781766,4.321691911,4.382344579
107,India,1310152403,1324509589,1338658835,1352617328,1366417754,65.94416405,66.27426247,66.53818711,66.7667425,67.00381119,5.565000057,5.511000156,5.419000149,5.329999924,5.355000019,5.571000099,5.505000114,5.375,5.300000191,5.232999802,5.563000202,5.513000011,5.429999828,5.336999893,5.386000156
104,Indonesia,258383256,261554226,264645886,267663435,270625568,67.16559219,67.2429804,67.40315016,67.59163708,67.73457784,4.513999939,4.301000118,4.184999943,4.511000156,4.686999798,4.429999828,3.86500001,3.921000004,4.250999928,4.510000229,4.565999985,4.572000027,4.352000237,4.678999901,4.801000118
110,Iran,78492215,79564016,80673951,81800269,82913906,70.31185322,70.0525812,69.71345113,69.33886753,68.98681989,11.06000042,12.43000031,12.10000038,12.03999996,11.38199997,19.49099922,20.76000023,19.87299919,19.10499954,18.56699944,9.300000191,10.5,10.18099976,10.31900024,9.637999535
111,Iraq,35572261,36610632,37552781,38433600,39309783,57.58574075,57.74782855,57.99419223,58.28983494,58.58053961,10.7130003,10.81999969,13.02000046,12.86200047,12.82199955,22.17399979,22.3390007,31.02000046,30.85099983,30.40399933,8.527000427,8.534999847,10.27999973,10.10499954,10.08300018
109,Ireland,4701957,4755335,4807388,4867316,4941444,65.33622788,65.09707974,64.89006852,64.72777871,64.62679429,9.906000137,8.373999596,6.711999893,5.739999771,4.927999973,8.906999588,7.59800005,6.293000221,5.690999985,4.673999786,10.72999954,9.022000313,7.065000057,5.782000065,5.143000126
106,Isle of Man,83234,83287,83598,84077,84584,,,,,,,,,,,,,,,,,,,,
113,Israel,8380100,8546000,8713300,8882800,9053300,60.91262883,60.60107399,60.32990904,60.09776752,59.90575367,5.250999928,4.797999859,4.215000153,3.997999907,3.861000061,5.393000126,4.941999912,4.320000172,3.953999996,3.898000002,5.125,4.669000149,4.120999813,4.038000107,3.826999903
114,Italy,60730582,60627498,60536709,60421760,60297396,64.33598201,64.16047427,64.02524052,63.91920431,63.82120584,11.89599991,11.68799973,11.21100044,10.60999966,9.887000084,12.69400024,12.77499962,12.38799953,11.77499962,10.8380003,11.31499958,10.89000034,10.34000015,9.746999741,9.18200016
115,Jamaica,2891021,2906238,2920853,2934855,2948279,66.89031315,67.09541138,67.29244384,67.45326077,67.54638893,13.51099968,13.19200039,11.63399982,9.104000092,8.001999855,17.875,17.43099976,15.3920002,11.9090004,10.80700016,9.909000397,9.61400032,8.42800045,6.724999905,5.616000175
117,Japan,127141000,126994511,126785797,126529100,126264931,60.99128482,60.49382348,60.07613014,59.72678128,59.4249197,3.400000095,3.099999905,2.799999952,2.400000095,2.290999889,3.112999916,2.813999891,2.63499999,2.177999973,2.144999981,3.61500001,3.316999912,2.927000046,2.573999882,2.405999899
116,Jordan,9266575,9551467,9779173,9956011,10101694,60.26763934,60.75659657,61.30351774,61.90801939,62.54434157,13.07499981,15.27499962,15.11499977,14.95899963,14.71500015,22.66200066,24.18499947,23.95800018,23.69300079,23.34499931,11.02999973,13.3579998,13.19299984,13.0369997,12.80500031
118,Kazakhstan,17542806,17794055,18037776,18276498.5,18513930,66.54297947,65.77406829,64.9483167,64.14760395,63.46640612,4.929999828,4.960000038,4.900000095,4.824999809,4.590000153,5.5,5.508999825,5.434999943,5.34800005,5.222000122,4.392000198,4.446000099,4.403999805,4.342000008,4.005000114
119,Kenya,47878336,49051686,50221473,51393010,52573973,56.45571517,56.92169994,57.39388204,57.87864645,58.38279903,2.79399991,2.756999969,2.694999933,2.63499999,2.64199996,2.996000051,2.940000057,2.858999968,2.822000027,2.799999952,2.602999926,2.585000038,2.539000034,2.45600009,2.49000001
122,Kiribati,110930,112524,114158,115847,117606,61.4432525,61.39401372,61.02945041,60.50739337,60.07941772,,,,,,,,,,,,,,,
191,North Korea,25183833,25307744,25429985,25549819,25666161,69.36120089,69.62979793,70.03544853,70.46336609,70.7486289,2.888000011,2.84800005,2.779000044,2.713000059,2.74000001,2.467000008,2.440000057,2.342000008,2.309999943,2.33100009,3.266000032,3.213999987,3.171000004,3.075000048,3.105999947
124,South Korea,51014947,51217803,51361911,51606633,51709098,73.35891973,73.16412851,72.92225296,72.60812059,72.19337949,3.599999905,3.700000048,3.700000048,3.84800005,4.147999763,3.542999983,3.584000111,3.584000111,3.726000071,3.898000002,3.641000032,3.782999992,3.782999992,3.937000036,4.328999996
259,Kosovo,1788196,1777557,1791003,1797085,1794248,,,,,,,,,,,,,,,,,,,,
125,Kuwait,3835591,3956875,4056099,4137312,4207083,76.67673639,76.46089401,76.19508301,75.91063957,75.66632272,2.200000048,2.160000086,1.797999978,2.075999975,2.181999922,4.684000015,5.618999958,4.848999977,5.446000099,5.524000168,1.27699995,0.906000018,0.717999995,0.920000017,1.065000057
120,Kyrgyzstan,5956900,6079500,6198200,6322800,6456900,64.16486593,63.72269864,63.40651527,63.15485491,62.8980104,7.559999943,7.210000038,6.889999866,5.960000038,6.329999924,9.024000168,8.737999916,8.906999588,6.445000172,7.467000008,6.543000221,6.178999901,5.587999821,5.656000137,5.620999813
127,Laos,6741164,6845846,6953035,7061507,7169455,62.55148221,62.88211859,63.12551282,63.32093135,63.53301611,0.691999972,0.680000007,0.660000026,0.640999973,0.625999987,0.638999999,0.625,0.605000019,0.584999979,0.569000006,0.744000018,0.73299998,0.713,0.694999993,0.681999981
140,Late-demographic dividend,2247409050,2261412980,2275534160,2287846155,2298470832,71.36195843,71.0373898,70.66093412,70.26006181,69.87708632,5.101767595,5.274116035,5.260620458,5.059472796,5.06480201,4.903385478,5.099300626,5.118052422,4.941652078,4.960365142,5.256874798,5.409814911,5.371143077,5.150250325,5.145279564
132,Latin America & Caribbean,622301083,628488528,634554056,640467174,646430843,66.61974591,66.77058746,66.90486,67.0169311,67.09932264,6.702345335,7.813107123,8.088021016,7.954364685,8.069178678,8.020245241,9.236578597,9.579105878,9.433169404,9.628294645,5.780028074,6.809351844,7.029743428,6.895193986,6.951789295
126,Latin America & Caribbean (excluding high income),590731803,596647568,602435369,608125444,613773119,66.57729757,66.73748393,66.88083732,67.00166737,67.09332682,6.710003594,7.867742279,8.153021802,8.008721829,8.134316793,8.068371076,9.34106558,9.694998863,9.529482336,9.741461135,5.760717869,6.830422558,7.060363587,6.921475544,6.984614328
234,Latin America & the Caribbean (IDA & IBRD countries),606271969,612506457,618641500,624681220,630644772,66.57615934,66.73687216,66.88026677,67.00056092,67.09124692,6.750567358,7.894353958,8.185232253,8.053110769,8.172789853,8.098326576,9.346165136,9.707846427,9.559255285,9.759050162,5.806354344,6.869391854,7.103029223,6.972599841,7.034065876
143,Latvia,1977527,1959537,1942248,1927174,1912789,65.38709519,65.09153275,64.59043297,63.96060274,63.35573279,9.873000145,9.642999649,8.715000153,7.412000179,6.519999981,8.637000084,8.399999619,7.673999786,6.416999817,5.631000042,11.0880003,10.89099979,9.751999855,8.404999733,7.407000065
133,Least developed countries: UN classification,941131317,963511276,986365080,1009662578,1033388876,56.24186612,56.48857231,56.75164023,57.02638841,57.30833057,4.417204495,4.43716757,4.428566571,4.355617159,4.348260905,4.920648439,4.946296683,4.900046801,4.815634469,4.742242871,4.047774754,4.061152597,4.077401494,4.011262648,4.052951805
128,Lebanon,6532678,6711121,6811873,6848925,6855713,66.3349089,66.48664243,66.66571839,66.9017647,67.15448853,6.356999874,6.309000015,6.224999905,6.143000126,6.229000092,10.39299965,10.3039999,10.13300037,9.996999741,9.880000114,5.068999767,5.027999878,4.96600008,4.895999908,5.046999931
139,Lesotho,2059021,2075001,2091412,2108132,2125268,61.79592146,61.93577924,62.14596559,62.38256097,62.60725706,24.3939991,24.29999924,24.13400078,23.97100067,23.40500069,28.68499947,28.47800064,27.77700043,27.76399994,27.11800003,20.84300041,20.84199905,21.11800003,20.8239994,20.33799934
129,Liberia,4472230,4586788,4702228,4818977,4937374,54.73222531,55.0003303,55.29857561,55.62158161,55.96138757,2.078999996,3.08100009,3.003999949,2.931999922,2.813999891,1.782999992,2.332999945,2.275000095,2.210999966,2.223999977,2.342000008,3.752000093,3.661000013,3.584000111,3.346999884
130,Libya,6418315,6492164,6580724,6678567,6777452,66.89339803,66.99872862,67.13142809,67.28872201,67.47348414,18.88100052,18.78899956,18.62700081,18.46800041,18.56299973,25.32699966,25.21500015,25.00300026,24.59900093,24.56999969,15.54199982,15.46000004,15.32600021,15.29699993,15.4630003
135,Liechtenstein,37470,37658,37800,37910,38019,,,,,,,,,,,,,,,,,,,,
141,Lithuania,2904910,2868231,2828403,2801543,2786844,66.71974979,66.38965765,65.97155985,65.41254234,64.70613601,9.119999886,7.861999989,7.072999954,6.146999836,6.352000237,8.161000252,6.650000095,5.672999859,5.409999847,6.304999828,10.09700012,9.097999573,8.49600029,6.890999794,6.400000095
138,Low & middle income,6126712584,6205233900,6284043441,6361429561,6437681136,65.41298109,65.38651661,65.34091506,65.2867818,65.24298544,5.417001339,5.563621789,5.567012769,5.462895418,5.527787008,5.552964291,5.731667629,5.750164526,5.637613503,5.711692854,5.334869012,5.461833543,5.455857449,5.35657269,5.416545883
134,Low income,603234541,618780841,634796692,651327587,668454965,53.93213931,54.14611088,54.38362515,54.64048575,54.91422911,5.09712587,5.051989909,4.964443434,4.881436116,4.889683791,5.246105483,5.198092197,5.11297096,5.024612675,5.004370596,4.982379201,4.9388823,4.849211479,4.769838864,4.800285077
137,Lower middle income,2749824313,2790617792,2831466703,2872397765,2913363391,63.34883607,63.53002418,63.68968621,63.83915543,63.99477343,5.108081819,5.189440718,5.220624545,5.132227136,5.134931187,5.509071935,5.652724967,5.646237283,5.522826712,5.501986181,4.933243153,4.98849286,5.035840188,4.962195729,4.975755812
142,Luxembourg,569604,582014,596336,607950,619896,69.62792528,69.7182977,69.82818334,69.93802183,70.01781628,6.669000149,6.290999889,5.521999836,5.585000038,5.362999916,7.348999977,6.631999969,5.499000072,5.883999825,5.889999866,6.109000206,6.012000084,5.540999889,5.331999779,4.916999817
144,"Macao SAR, China",602085,612836,622585,631636,640445,78.79352583,77.90665039,76.92154485,75.86173049,74.76879357,1.809999943,1.899999976,2,1.965999961,2.236999989,1.600999951,1.493999958,1.592000008,1.585000038,1.799000025,2.009000063,2.290999889,2.387000084,2.325000048,2.647000074
149,Madagascar,24234088,24894380,25570540,26262368,26969307,55.52256805,55.82712075,56.09750403,56.34513228,56.58909589,1.784999967,1.763000011,1.725000024,1.68900001,1.758000016,1.800999999,1.789999962,1.751999974,1.720999956,1.845999956,1.769999981,1.738000035,1.700000048,1.659000039,1.672999978
166,Malawi,16745303,17205289,17670260,18143315,18628747,52.27595464,52.66897724,53.05410874,53.45227916,53.88928735,5.846000195,5.795000076,5.706999779,5.622000217,5.652999878,6.837999821,6.78000021,6.698999882,6.574999809,6.617000103,4.912000179,4.863999844,4.764999866,4.712999821,4.736000061
167,Malaysia,30270962,30684804,31105028,31528585,31949777,68.93482936,69.08061926,69.22225702,69.33310429,69.38424954,3.099999905,3.440000057,3.410000086,3.349999905,3.323999882,3.39199996,3.928999901,3.927000046,3.825999975,3.74000001,2.921000004,3.137000084,3.089999914,3.055000067,3.065000057
150,Maldives,454915,475513,496402,515696,530953,74.84343229,75.39536331,75.82664856,76.14873879,76.44932791,5.666999817,6.119999886,5.980999947,5.848999977,6.138000011,5.778999805,5.520999908,5.375999928,5.257999897,5.866000175,5.629000187,6.302999973,6.153999805,6.005000114,6.206999779
156,Mali,17438778,17965429,18512394,19077690,19658031,49.52097561,49.62358011,49.76226784,49.94928385,50.20017519,7.729000092,7.552999973,7.329999924,7.110000134,7.223999977,8.793000221,8.534999847,8.204000473,7.861999989,7.953999996,6.90199995,6.789000034,6.650000095,6.522999763,6.657000065
157,Malta,445053,455356,467999,484630,502653,66.98096453,66.41297693,65.88290903,65.37377518,64.8540325,5.379000187,4.686999798,4.000999928,3.71600008,3.47300005,5.387000084,5.164000034,4.251999855,3.555999994,3.773999929,5.374000072,4.375,3.834000111,3.825999975,3.266000032
153,Marshall Islands,57439,57735,58058,58413,58791,,,,,,,,,,,,,,,,,,,,
164,Mauritania,4046301,4163534,4282574,4403319,4525696,56.37637932,56.46742802,56.60673381,56.77570502,56.95484186,9.758000374,9.692000389,9.576999664,9.463999748,9.548000336,12.16899967,12.18599987,12.04599953,11.94999981,12.11200047,8.656999588,8.552000046,8.444000244,8.319000244,8.366000175
165,Mauritius,1262605,1263473,1264613,1265303,1265711,70.64565971,70.65526027,70.69092186,70.73213461,70.74156394,7.409999847,6.81400013,6.751999855,6.657000065,6.673999786,10.70199966,10.42199993,10.05300045,9.904000282,9.998999596,5.293000221,4.525000095,4.646999836,4.554999828,4.506999969
152,Mexico,121858258,123333376,124777324,126190788,127575529,65.63931515,65.82178939,66.02000456,66.21946683,66.39822125,4.313000202,3.858999968,3.420000076,3.282999992,3.424999952,4.453000069,3.90899992,3.601000071,3.427000046,3.711999893,4.229000092,3.828999996,3.311000109,3.196000099,3.250999928
77,"Micronesia, Fed. Sts.",108895,110215,111459,112640,113815,63.75958492,64.04845076,64.21464395,64.29598722,64.35179897,,,,,,,,,,,,,,,
151,Middle East & North Africa,425821770,433597628,441255236,448912962,456707404,65.26514088,65.13009948,65.0236325,64.93158841,64.84153174,10.0656443,10.108632,10.21619645,10.1371864,9.825076901,18.2008969,18.37385799,18.55107786,18.42628353,18.08774883,8.002075814,7.96163713,8.080123977,8.0243088,7.721180673
159,Middle East & North Africa (excluding high income),363975550,370276461,376546755,382896715,389457086,63.91863521,63.7513162,63.62060216,63.51351932,63.41420605,11.78135342,11.87804706,11.99532033,11.90052671,11.52503546,20.33989913,20.61489959,20.94424316,20.68187338,20.28911531,9.627838637,9.624167424,9.720945965,9.677981353,9.306880545
236,Middle East & North Africa (IDA & IBRD countries),359705458,365909373,372091950,378327628,384771780,63.99981037,63.82762395,63.69216569,63.58108067,63.4779796,11.6673074,11.75486064,11.85214948,11.74984848,11.36794496,20.19904921,20.44722769,20.7231854,20.46351531,20.06984406,9.520348329,9.510979748,9.596638423,9.543929565,9.165240454
154,Middle income,5523478043,5586453059,5649246749,5710101974,5769226171,66.66728653,66.63199485,66.57260128,66.50158475,66.44014651,5.446918759,5.612455262,5.625651332,5.520642579,5.592531053,5.586551641,5.791452081,5.823174147,5.709437828,5.796540367,5.364511425,5.506611494,5.508701861,5.408653683,5.472365048
148,Moldova,2834530,2802170,2755158,2706049,2657637,74.15911268,73.79855775,73.27474257,72.6703528,72.09718982,3.694000006,4.184999943,4.09800005,2.977999926,5.47300005,2.920000076,2.880000114,3.338999987,2.471999884,4.15500021,4.445000172,5.447999954,4.822999954,3.479000092,6.768000126
147,Monaco,37718,38070,38392,38682,38964,,,,,,,,,,,,,,,,,,,,
161,Mongolia,2998439,3056359,3113779,3170208,3225167,67.27377145,66.64579219,66.05640208,65.50689291,65.01238541,4.861000061,7.235000134,6.359000206,6.254000187,6.011000156,4.245999813,5.873000145,5.640999794,5.59100008,5.630000114,5.374000072,8.369000435,6.960999966,6.813000202,6.333000183
160,Montenegro,622159,622303,622373,622227,622137,67.71862778,67.52483803,67.20201796,66.81554422,66.46061145,17.54400063,17.72299957,16.07099915,15.17500019,14.88300037,17.30599976,17.07999992,16.9470005,15.09700012,15.72999954,17.73900032,18.23800087,15.37899971,15.23499966,14.22500038
146,Morocco,34663603,35126296,35581294,36029138,36471769,65.88659869,65.81884852,65.79405364,65.78071505,65.73002807,9.460000038,9.300000191,9.187000275,9.078000069,9.019000053,10.42399979,10.70100021,10.71800041,10.53800011,10.41499996,9.138999939,8.843999863,8.699999809,8.609999657,8.574000359
163,Mozambique,27042002,27829942,28649007,29495962,30366036,51.67990521,51.88467542,52.14220606,52.43843539,52.75355334,3.426000118,3.382999897,3.308000088,3.236999989,3.240999937,3.673000097,3.596999884,3.522000074,3.473999977,3.453000069,3.157000065,3.148999929,3.075000048,2.977999926,3.009000063
158,Myanmar,52680726,53045226,53382581,53708395,54045420,67.01409544,67.31718483,67.59224925,67.84430978,68.07389414,0.765999973,1.141000032,1.550999999,1.493999958,1.577000022,0.902999997,1.394000053,2.023000002,1.962000012,2.073999882,0.667999983,0.963999987,1.228999972,1.175999999,1.238999963
169,Namibia,2314904,2358041,2402603,2448255,2494530,59.35347643,59.42361551,59.44857163,59.45371913,59.48603545,20.88199997,23.35199928,21.5739994,19.87700081,20.27300072,22.79999924,25.01000023,21.56900024,18.5890007,19.68600082,19.05500031,21.80999947,21.57900047,21.12899971,20.84600067
177,Nauru,12475,13049,12876,12704,12581,,,,,,,,,,,,,,,,,,,,
176,Nepal,27015031,27261131,27627124,28087871,28608710,61.10603019,62.07694387,62.99880203,63.8580639,64.64705679,1.475000024,1.44599998,1.396000028,1.350000024,1.406999946,1.253000021,1.226999998,1.23300004,1.159000039,1.210000038,1.75,1.72300005,1.603999972,1.593000054,1.654000044
174,Netherlands,16939923,17030314,17131296,17231624,17332850,65.32420021,65.0519292,64.85473799,64.69564866,64.51118404,6.872000217,6.006000042,4.839000225,3.829999924,3.196000099,7.276000023,6.510000229,5.257999897,3.957000017,3.361999989,6.527999878,5.576000214,4.479000092,3.721999884,3.053999901
170,New Caledonia,272400,276550,280350,284060,287800,67.79960526,67.92856075,68.02237056,68.08491641,68.13934571,14.12699986,13.68299961,13.2489996,12.84700012,12.80000019,15.27400017,14.82699966,14.34899998,13.95400047,14.07999992,13.15699959,12.71700001,12.3210001,11.91399956,11.72200012
178,New Zealand,4595700,4693200,4793900,4841000,4917000,65.38199323,65.19028216,64.95437932,64.69414402,64.43943975,5.364999771,5.099999905,4.702000141,4.297999859,4.068999767,5.864999771,5.473999977,5.197999954,4.467999935,4.448999882,4.918000221,4.763000011,4.256000042,4.143000126,3.72300005
173,Nicaragua,6223240,6303974,6384855,6465513,6545502,63.97330008,64.21182892,64.39931362,64.55082135,64.68715463,4.699999809,3.900000095,3.299999952,5.199999809,6.836999893,5.443999767,4.274000168,3.487999916,5.261000156,6.696000099,4.234000206,3.663000107,3.180000067,5.162000179,6.926000118
171,Niger,20001663,20788838,21602472,22442948,23310715,47.25925539,47.25836963,47.31635613,47.42066751,47.56111943,0.514999986,0.504999995,0.486999989,0.470999986,0.474999994,0.419,0.405999988,0.386999995,0.368999988,0.360000014,0.586000025,0.578000009,0.56099999,0.546000004,0.559000015
172,Nigeria,181137448,185960289,190873311,195874740,200963599,53.13394776,53.14795166,53.23774609,53.38598302,53.56938646,4.31099987,7.059999943,8.388999939,8.243000031,8.095999718,5.105999947,8.11400032,9.260000229,9.100999832,8.907999992,3.660000086,6.199999809,7.676000118,7.539000034,7.434000015
168,North America,356403308,359115352,361592733,363809186,365892703,66.31589148,66.11434653,65.88033311,65.62740641,65.37106972,5.457498257,5.101198507,4.572026336,4.107848655,3.889743746,5.300737564,4.950067426,4.480543517,4.022778284,3.802504749,5.590891445,5.23026022,4.651268064,4.1805582,3.964451931
155,North Macedonia,2079328,2080745,2081996,2082958,2083459,70.64027417,70.36289441,70.08894349,69.81281899,69.52097449,26.06800079,23.72400093,22.38100052,20.73600006,17.75900078,25.06299973,22.72500038,21.82099915,19.86800003,17.04899979,26.72299957,24.3560009,22.73800087,21.29500008,18.21800041
162,Northern Mariana Islands,55780,56188,56562,56882,57216,,,,,,,,,,,,,,,,,,,,
175,Norway,5188607,5234519,5276968,5311916,5347896,65.73465009,65.60396987,65.49492988,65.40173947,65.31435954,4.296000004,4.678999901,4.162000179,3.799999952,3.345999956,3.999000072,3.913000107,3.690999985,3.538000107,3.243999958,4.559999943,5.360000134,4.581999779,4.031000137,3.437000036
108,Not classified,,,,,,,,,,,,,,,,,,,,,,,,,
179,OECD members,1327822047,1336645071,1344872020,1352645878,1359963500,65.71144113,65.53546634,65.35695511,65.17874097,65.00060374,6.831555943,6.4182806,5.886903717,5.443626204,5.356232185,7.02897139,6.636420238,6.15858161,5.688399941,5.583745167,6.676887484,6.246518914,5.672287537,5.249284841,5.175582122
180,Oman,4267348,4479219,4665935,4829483,4974986,75.88678027,75.8033934,75.61477588,75.36070706,75.13301545,3.631999969,3.269999981,3.023000002,2.864000082,2.671000004,13.21000004,13.29899979,12.42399979,11.82299995,11.90999985,2.170000076,1.75,1.618000031,1.544999957,1.322999954
181,Other small states,28948869,29542879,30148800,30760211,31360407,64.31466491,64.39796418,64.48696925,64.56827774,64.64097755,9.998233021,9.977995563,9.560610403,9.167588381,9.159979503,13.60880548,13.58519596,12.91795981,12.34907315,12.47473763,7.757613266,7.759074804,7.501563638,7.220228011,7.13753146
195,Pacific island small states,2355672,2388307,2422086,2457367,2493696,60.46063924,60.45306135,60.42795653,60.42612785,60.48167946,3.22211342,3.167450849,3.088337326,3.01339654,2.970332224,3.511772232,3.497710709,3.43032902,3.342051945,3.275468164,3.0246513,2.944819932,2.857472214,2.790540116,2.762830022
182,Pakistan,199426964,203627284,207896686,212215030,216565318,59.75335662,59.98627382,60.20754291,60.41741109,60.62321438,3.565999985,3.789000034,3.944999933,4.083000183,4.453000069,6.18200016,5.789000034,5.225999832,4.559999943,5.596000195,2.829999924,3.246999979,3.609999895,3.963000059,4.160999775
186,Palau,17665,17725,17808,17907,18008,,,,,,,,,,,,,,,,,,,,
183,Panama,3968487,4037078,4106771,4176873,4246439,64.60106837,64.67031353,64.75061052,64.8329646,64.90704329,3.002000093,3.315000057,3.900000095,3.894000053,3.90199995,3.928999901,3.937000036,5.116000175,4.993999958,5.054999828,2.403000116,2.911000013,3.107000113,3.151000023,3.122999907
187,Papua New Guinea,8107775,8271760,8438029,8606316,8776109,59.9536741,60.2229126,60.48235632,60.73879635,61.00460922,2.572999954,2.539000034,2.480000019,2.423000097,2.459000111,1.430999994,1.398000002,1.361999989,1.305999994,1.378000021,3.650000095,3.61500001,3.532999992,3.474999905,3.471999884
193,Paraguay,6688746,6777872,6867062,6956071,7044636,63.68411956,63.9178934,64.05463706,64.12927939,64.19983942,4.556000233,5.255000114,4.614999771,4.53399992,4.809000015,4.948999882,6.747000217,5.44299984,5.321000099,5.78399992,4.298999786,4.285999775,4.074999809,4.001999855,4.145999908
184,Peru,30470734,30926032,31444297,31989256,32510453,64.59269737,65.34223337,65.82670092,66.12100436,66.3520253,3,3.535000086,3.460000038,3.390000105,3.309999943,2.961999893,3.572000027,3.500999928,3.461999893,3.40899992,3.032000065,3.503000021,3.424999952,3.328000069,3.226000071
185,Philippines,102113212,103663927,105173264,106651922,108116615,63.1159012,63.31540795,63.59489479,63.91439103,64.20912271,3.068000078,2.707999945,2.552000046,2.338000059,2.150000095,3.219000101,2.869999886,2.701999903,2.676000118,2.441999912,2.969000101,2.602999926,2.459000111,2.125,1.963999987
188,Poland,37986412,37970087,37974826,37974750,37970874,69.42422084,68.87713146,68.18942444,67.42990642,66.69771627,7.500999928,6.160999775,4.887000084,3.845000029,3.473999977,7.710000038,6.225999832,4.907999992,3.846999884,3.509000063,7.330999851,6.107999802,4.870999813,3.844000101,3.446000099
192,Portugal,10358076,10325452,10300300,10283822,10269417,65.15130516,64.96154486,64.77522001,64.58823464,64.39122422,12.44400024,11.06599998,8.866999626,6.993000031,6.334000111,12.74600029,11.16600037,9.348999977,7.436999798,6.946000099,12.15600014,10.97099972,8.406000137,6.565000057,5.743000031
196,Post-demographic dividend,1096860060,1101715022,1105771602,1109441474,1112914457,65.75434828,65.49440927,65.22481872,64.95400383,64.68784857,6.869209323,6.404318284,5.833466439,5.28618863,4.999670912,6.833668279,6.387896171,5.855722177,5.314191561,5.041984797,6.899059636,6.418059496,5.815001707,5.262435276,4.96385864
189,Pre-demographic dividend,845759344,869943914,894512725,919485393,944902749,52.89915496,53.05891503,53.2591079,53.49433526,53.75809463,5.089596389,5.555984222,5.822377245,5.72582218,5.6934621,5.443217129,5.962485737,6.169653872,6.070425453,5.987389558,4.806724806,5.230063718,5.543294479,5.448034157,5.457034842
190,Puerto Rico,3473232,3406672,3325286,3193354,3193694,65.37052294,65.11811156,64.82667108,64.48906368,64.0421312,12,11.80000019,10.80000019,9.199999809,8.187000275,9.647000313,9.475000381,8.578000069,7.18599987,6.214000225,13.72399998,13.5170002,12.45199966,10.71000004,9.673000336
198,Qatar,2565710,2654374,2724724,2781677,2832067,85.56762066,85.39226198,85.25713392,85.08916548,84.88093679,0.170000002,0.150000006,0.140000001,0.109999999,0.090999998,0.866999984,0.717000008,0.638999999,0.479000002,0.432000011,0.061000001,0.061000001,0.061999999,0.052000001,0.037
199,Romania,19815616,19702267,19587290,19472545,19356544,67.50843092,67.15429688,66.66878838,66.12674365,65.63597608,6.811999798,5.901000023,4.927000046,4.186999798,3.976000071,5.852000237,4.982999802,4.039000034,3.487999916,3.423000097,7.535999775,6.59100008,5.604000092,4.71600008,4.393000126
200,Russia,144096870,144342396,144496740,144477860,144373535,69.56930603,68.82511953,68.10271364,67.4112111,66.75095023,5.571000099,5.559000015,5.211999893,4.846000195,4.585000038,5.309000015,5.34800005,5.051000118,4.77699995,4.461999893,5.816999912,5.756999969,5.363999844,4.910999775,4.701000214
201,Rwanda,11369071,11668818,11980937,12301939,12626950,56.71962995,56.91035611,57.01410763,57.0862309,57.20571476,1.143000007,1.113000035,1.062999964,1.01699996,1.029999971,1.215000033,1.174999952,1.113000035,1.06099999,1.070000052,1.067999959,1.047000051,1.008000016,0.970000029,0.986999989
258,Samoa,193513,194535,195352,196130,197097,56.66854423,56.75431156,56.77034277,56.87889093,57.20279862,8.656000137,8.578000069,8.44299984,8.312000275,8.359000206,10.26500034,10.29300022,9.970000267,9.805999756,9.836999893,7.809999943,7.675000191,7.638999939,7.526000023,7.584000111
210,San Marino,33272,33504,33671,33785,33860,,,,,,,,,,,,,,,,,,,,
217,Sao Tome and Principe,199432,203227,207089,211028,215056,53.78023587,53.97560364,54.23755004,54.55437193,54.89314411,13.47200012,13.39999962,13.27299976,13.14799976,13.36900043,21.41699982,21.30500031,21.0909996,20.79500008,20.91900063,9.06400013,8.991999626,8.887999535,8.829999924,9.109000206
203,Saudi Arabia,31717667,32442572,33099147,33699947,34268528,71.15644098,71.36899171,71.53340369,71.64306385,71.72113141,5.590000153,5.650000095,5.889999866,6.039999962,5.927000046,21.65699959,21.17399979,20.33200073,22.48800087,22.11400032,2.471999884,2.519000053,3.073999882,2.930999994,2.88499999
205,Senegal,14578459,14993528,15419381,15854360,16296364,53.4647935,53.55725364,53.68914588,53.85774593,54.06165449,6.756999969,6.705999851,6.614999771,6.52699995,6.604000092,7.303999901,7.250999928,7.184999943,7.072000027,7.446000099,6.389999866,6.337999821,6.230000019,6.157999992,6.03399992
212,Serbia,7095383,7058322,7020858,6982604,6944975,66.87910488,66.59961195,66.27936081,65.96452656,65.71855405,17.65999985,15.25699997,13.47700024,12.7329998,12.68599987,18.75799942,16.09900093,14.27299976,13.69799995,13.77999973,16.80599976,14.59000015,12.83899975,11.96000004,11.80900002
224,Seychelles,93419,94677,95843,96762,97625,69.55400198,69.36683732,69.09187081,68.77008322,68.45578531,,,,,,,,,,,,,,,
208,Sierra Leone,7171914,7328838,7488431,7650154,7813215,55.09827642,55.3733377,55.66159924,55.97380444,56.32795207,4.637000084,4.586999893,4.5,4.416999817,4.427999973,3.806999922,3.796999931,3.700999975,3.624000072,3.628000021,5.445000172,5.361000061,5.288000107,5.202000141,5.218999863
206,Singapore,5535002,5607283,5612253,5638676,5703569,78.32063578,77.94225802,77.20764444,76.25833717,75.27536737,3.789999962,4.079999924,4.199999809,4.019000053,4.109000206,3.977999926,4.487999916,4.43599987,4.255000114,4.31400013,3.655999899,3.786999941,4.032000065,3.848999977,3.961999893
223,Sint Maarten (Dutch part),38825,39969,40574,40654,40733,,,,,,,,,,,,,,,,,,,,
219,Slovakia,5423801,5430798,5439232,5446771,5454073,70.69512517,70.19084701,69.58125149,68.92461673,68.29989227,11.48099995,9.670000076,8.130999565,6.535999775,5.56099987,12.88500023,10.75300026,8.406999588,7.025000095,6.18200016,10.31999969,8.769000053,7.900000095,6.130000114,5.045000076
220,Slovenia,2063531,2065042,2066388,2073894,2087946,67.31675711,66.74025292,66.07450224,65.3713453,64.70807551,8.961999893,8,6.56400013,5.107999802,4.195000172,10.03800011,8.588000298,7.479000092,5.697000027,4.659999847,8.050999641,7.489999771,5.770999908,4.602000237,3.79399991
216,Small states,38526747,39200571,39885872,40576536,41255486,64.62312599,64.70076662,64.78008869,64.85050823,64.91036328,9.76421669,9.73393928,9.238746781,8.717256912,8.645776074,13.0664172,13.0343346,12.28365525,11.49141242,11.52477579,7.621381227,7.600210414,7.272885681,6.930400951,6.795352529
207,Solomon Islands,603118,619437,636038,652858,669823,56.04740698,56.02497748,56.07376277,56.15946524,56.23799123,0.66900003,0.657999992,0.637000024,0.617999971,0.575999975,0.689999998,0.684000015,0.658999979,0.638000011,0.595000029,0.649999976,0.633000016,0.616999984,0.600000024,0.559000015
211,Somalia,13797201,14185613,14589119,15008154,15442905,50.03330023,50.22774446,50.39333605,50.55010499,50.73129052,11.62300014,11.54599953,11.41100025,11.27999973,11.35099983,11.3739996,11.26200008,11.11299992,11.00800037,11.07900047,11.6960001,11.63000011,11.5010004,11.36200047,11.43299961
261,South Africa,55386367,56203654,57000451,57779622,58558270,65.67943877,65.66442046,65.63056155,65.60250585,65.61641934,25.15600014,26.5510006,27.07099915,26.92000008,28.18099976,27.54299927,29.00600052,29.29700089,29.05999947,30.33499908,23.21500015,24.55699921,25.23800087,25.14900017,26.39100075
202,South Asia,1749417068,1771167194,1792835608,1814388744,1835776742,64.87441365,65.2064721,65.48906427,65.74309191,65.99923063,5.209341179,5.183396839,5.12543454,5.059690961,5.111422752,5.760567233,5.657412105,5.448446435,5.311346292,5.31721317,5.048931838,5.046879424,5.031694497,4.986705346,5.052504502
238,South Asia (IDA & IBRD),1749417068,1771167194,1792835608,1814388744,1835776742,64.87441365,65.2064721,65.48906427,65.74309191,65.99923063,5.209341179,5.183396839,5.12543454,5.059690961,5.111422752,5.760567233,5.657412105,5.448446435,5.311346292,5.31721317,5.048931838,5.046879424,5.031694497,4.986705346,5.052504502
214,South Sudan,10715658,10832512,10910759,10975920,11062113,54.10255721,54.30331157,54.52740565,54.78139569,55.05514182,12.57499981,12.49600029,12.35900021,12.22500038,12.24400043,13.79199982,13.73999977,13.55000019,13.39400005,13.40600014,11.40200043,11.29500008,11.20499992,11.0880003,11.11100006
68,Spain,46444832,46484062,46593236,46797754,47076781,66.44684001,66.32406859,66.15081329,65.95449137,65.77530508,22.05699921,19.63500023,17.22400093,15.25500011,13.95899963,23.5510006,21.38500023,19.03499985,17.03300095,16.20400047,20.77700043,18.12299919,15.66300011,13.72700024,12.02700043
136,Sri Lanka,20970000,21203000,21444000,21670000,21803000,65.8354277,65.63676686,65.46932057,65.32977922,65.20473221,4.519000053,4.242000103,4.179999828,4.118999958,4.197999954,7.453000069,6.836999893,6.736999989,6.646999836,6.686999798,2.989000082,2.890000105,2.836999893,2.778000116,2.875
123,St. Kitts and Nevis,51204,51629,52036,52438,52834,,,,,,,,,,,,,,,,,,,,
131,St. Lucia,179126,180024,180955,181889,182790,71.00197626,71.25605475,71.48667617,71.66458664,71.75392527,24.09000015,21.26300049,21.06900024,20.87899971,20.70599937,27.46299934,23.51300049,23.26300049,22.97800064,23.25600052,21.35300064,19.42099953,19.26000023,19.14900017,18.59499931
145,St. Martin (French part),35858,36065,36560,37264,38002,,,,,,,,,,,,,,,,,,,,
251,St. Vincent and the Grenadines,109148,109459,109827,110210,110589,67.03924946,67.3092208,67.60541579,67.86890601,68.06553997,19.31500053,19.21699905,19.04700089,18.87899971,18.88100052,17.12000084,17.04400063,16.90200043,16.71500015,16.67900085,20.76799965,20.66900063,20.48900032,20.35000038,20.38500023
215,Sub-Saharan Africa,995458478,1022526541,1050153672,1078306520,1106957898,53.92991492,54.07696567,54.26001004,54.47388208,54.71328059,5.7528074,6.141869015,6.278714226,6.159415136,6.186806795,6.298841413,6.707303782,6.80049289,6.662423404,6.654930936,5.282239589,5.65373815,5.826455055,5.721839282,5.780120484
213,Sub-Saharan Africa (excluding high income),994102454,1021168391,1048793216,1076944455,1105594562,53.90721609,54.05503606,54.23884259,54.45349575,54.69371755,5.750170247,6.14083387,6.277998486,6.158683561,6.186109627,6.292919562,6.7025136,6.796368593,6.658396637,6.650871437,5.282220178,5.655720846,5.828488472,5.723786301,5.782182504
239,Sub-Saharan Africa (IDA & IBRD countries),995458478,1022526541,1050153672,1078306520,1106957898,53.92991492,54.07696567,54.26001004,54.47388208,54.71328059,5.7528074,6.141869015,6.278714226,6.159415136,6.186806795,6.298841413,6.707303782,6.80049289,6.662423404,6.654930936,5.282239589,5.65373815,5.826455055,5.721839282,5.780120484
204,Sudan,38902950,39847440,40813396,41801533,42813238,55.05227239,55.32236589,55.61016889,55.91004761,56.21697663,17.31599998,17.22299957,17.05999947,16.89999962,16.53499985,30.02499962,29.875,29.51300049,29.12599945,27.7689991,11.94299984,11.82299995,11.68999958,11.57199955,11.63599968
218,Suriname,559136,564883,570501,575987,581363,65.48557346,65.61123621,65.76189842,65.92336673,66.07301349,7.21999979,7.169000149,7.080999851,6.993999958,7.334000111,11.66499996,11.62800026,11.60700035,11.44099998,11.92300034,4.461999893,4.464000225,4.323999882,4.272999763,4.506999969
221,Sweden,9799186,9923085,10057698,10175214,10285453,63.0971792,62.77146814,62.51341761,62.32268961,62.17594015,7.43200016,6.989999771,6.717999935,6.346000195,6.475999832,7.289999962,6.585999966,6.441999912,6.291999817,6.21999979,7.56099987,7.357999802,6.96999979,6.394999981,6.710000038
35,Switzerland,8282396,8373338,8451840,8514329,8574832,67.20934339,66.93853889,66.69663819,66.46582867,66.22132804,4.801000118,4.918000221,4.796999931,4.712999821,4.580999851,4.912000179,5.006000042,5.058000088,5.109000206,4.768000126,4.703999996,4.84100008,4.570000172,4.367000103,4.416999817
225,Syrian Arab Republic,17997408,17453933,17068002,16906283,17070135,62.95265963,63.49002538,63.85212684,64.07533477,64.25011284,8.531000137,8.468999863,8.362000465,8.256999969,8.369999886,21.18000031,21.10499954,20.99500084,20.87899971,20.83699989,6.105000019,6.021999836,5.883999825,5.756999969,5.912000179
232,Tajikistan,8454028,8663579,8880268,9100837,9321018,61.21563591,60.91155861,60.56487259,60.19382837,59.84295921,11.5010004,11.41800022,11.27400017,11.13300037,11.0170002,10.41699982,10.38099957,10.26000023,10.08300018,9.93500042,12.14500046,12.05099964,11.88500023,11.75899982,11.66300011
244,Tanzania,51482633,53050790,54663906,56318348,58005463,52.77995591,52.928723,53.09989021,53.30046267,53.53565232,2.102999926,2.076999903,2.032999992,1.99000001,1.980000019,2.670000076,2.644999981,2.595999956,2.548000097,2.461999893,1.575999975,1.549000025,1.508000016,1.468999982,1.531000018
231,Thailand,68714511,68971331,69209858,69428524,69625582,71.42375065,71.34828152,71.20921442,71.01211804,70.77021345,0.597000003,0.688000023,0.829999983,0.765999973,0.754000008,0.606000006,0.713999987,0.845000029,0.742999971,0.741999984,0.588999987,0.666000009,0.818000019,0.783999979,0.763999999
235,Timor-Leste,1196302,1219288,1243261,1267972,1293119,56.12671382,56.74278759,57.33805855,57.90284343,58.42138272,4.448999882,4.657000065,4.565999985,4.479000092,4.547999859,5.828000069,6.236999989,6.017000198,6.032000065,6.169000149,3.292999983,3.332999945,3.351999998,3.177999973,3.187999964
230,Togo,7323158,7509952,7698475,7889094,8082366,55.06132737,55.26701839,55.51219631,55.79600849,56.11429871,2.203999996,2.174999952,2.125999928,2.078999996,2.038000107,1.700000048,1.661000013,1.621999979,1.585999966,1.547000051,2.698999882,2.681999922,2.624000072,2.566999912,2.523999929
237,Tonga,100781,101133,101998,103197,104494,57.59815838,57.89603789,58.25212259,58.63058035,58.98520489,1.126999974,1.110000014,1.080000043,1.052000046,1.116999984,2.059000015,2.032000065,1.965000033,1.922999978,2.02699995,0.528999984,0.518000007,0.512000024,0.493000001,0.533999979
240,Trinidad and Tobago,1370328,1377564,1384072,1389858,1394973,69.65376173,69.36939226,69.09690989,68.84547391,68.62061129,2.210999966,2.971999884,2.70600009,2.5,2.686000109,2.608999968,2.953000069,2.65199995,2.54399991,2.825000048,1.924999952,2.986000061,2.746000051,2.467000008,2.582999945
241,Tunisia,11179949,11303946,11433443,11565204,11694719,68.54499068,68.17212044,67.83604029,67.51420057,67.18043418,15.21800041,15.51399994,15.37899971,15.45899963,16.02199936,22.41600037,23.44300079,23.12100029,23.13100052,23.40999985,12.57199955,12.625,12.58100033,12.70499992,13.38300037
242,Turkey,78529409,79821724,81101892,82319724,83429615,66.53134624,66.62572399,66.74153146,66.86737692,66.9828933,10.23600006,10.83899975,10.81900024,10.89000034,13.48999977,12.56200027,13.59599972,13.85400009,13.73499966,16.42200089,9.154999733,9.526000023,9.340999603,9.487999916,12.04699993
233,Turkmenistan,5565287,5662372,5757669,5850908,5942089,65.48120519,65.01405419,64.81218869,64.7510016,64.64928412,3.953999996,3.920000076,3.858999968,3.799999952,3.913000107,2.221999884,2.194999933,2.148999929,2.104000092,2.178999901,5.164999962,5.122000217,5.050000191,4.980000019,5.116000175
226,Turks and Caicos Islands,35981,36559,37115,37665,38191,,,,,,,,,,,,,,,,,,,,
243,Tuvalu,11099,11225,11370,11508,11646,,,,,,,,,,,,,,,,,,,,
245,Uganda,38225453,39647506,41162465,42723139,44269594,50.12964268,50.42476808,50.75975692,51.1284879,51.53743447,1.858999968,1.832999945,1.789999962,1.748999953,1.843000054,2.381000042,2.328999996,2.303999901,2.244999886,2.296000004,1.356999993,1.355000019,1.291000009,1.266000032,1.402999997
246,Ukraine,45154036,45004674,44831135,44622518,44385155,69.06664959,68.67125428,68.21581664,67.75290039,67.35529124,9.140000343,9.350000381,9.510000229,8.798999786,8.881999969,8.076999664,7.69299984,7.747000217,7.423999786,7.796000004,10.09599972,10.83399963,11.08600044,10.02900028,9.852000237
6,United Arab Emirates,9262900,9360980,9487203,9630959,9770529,84.90274104,84.62749627,84.46089959,84.31148965,84.13083877,1.909999967,1.636000037,2.463000059,2.229000092,2.34800005,4.703000069,4.199999809,7.136000156,6.186999798,6.046000004,1.373999953,1.118999958,1.480000019,1.391000032,1.559000015
79,United Kingdom,65116219,65611593,66058859,66460344,66834405,64.46994818,64.25192612,64.07385559,63.92605226,63.79560384,5.301000118,4.813000202,4.335000038,3.996000051,3.851000071,5.124000072,4.683000088,4.21999979,3.940000057,3.575000048,5.454999924,4.926000118,4.43599987,4.045000076,4.093999863
249,United States,320635163,322941311,324985539,326687501,328239523,66.1333887,65.94297877,65.72210602,65.48330596,65.24107673,5.28000021,4.868999958,4.355000019,3.895999908,3.681999922,5.177000046,4.788000107,4.308000088,3.836999893,3.615999937,5.367000103,4.938000202,4.395999908,3.946000099,3.737999916
247,Upper middle income,2773653730,2795835267,2817780046,2837704209,2855862780,69.95958169,69.73036387,69.47156416,69.19845987,68.93649637,5.695360625,5.924893982,5.926738193,5.811806796,5.94048844,5.627350707,5.864876273,5.917314836,5.809632631,5.957157108,5.745876809,5.968679712,5.933392091,5.812897147,5.92801645
248,Uruguay,3412009,3424132,3436646,3449299,3461734,64.4317175,64.46690531,64.52274183,64.57749939,64.60068856,7.487999916,7.84100008,7.889999866,8.336000443,8.730999947,8.855999947,9.451000214,9.482000351,10.08899975,10.65799999,6.364999771,6.5,6.563000202,6.873000145,7.122000217
250,Uzbekistan,31298900,31847900,32388600,32956100,33580650,67.58650956,67.4698238,67.21691651,66.89480471,66.60697097,5.150000095,5.159999847,5.829999924,5.736000061,5.916999817,4.886000156,4.90199995,5.611000061,5.517000198,5.688000202,5.333000183,5.339000225,5.981999874,5.887000084,6.076000214
256,Vanuatu,271130,278330,285510,292680,299882,57.20318666,57.39948981,57.46383664,57.51161678,57.67335152,4.566999912,4.521999836,4.44299984,4.368000031,4.385000229,5.09100008,5.06400013,4.989999771,4.897999763,4.914000034,4.162000179,4.102000237,4.020999908,3.957999945,3.976999998
252,Venezuela,30081829,29846179,29390409,28870195,28515829,65.25471573,65.13920772,65.0856982,65.0663628,64.98478442,7.440000057,7.389999866,7.302000046,7.217000008,8.800999641,8.482999802,8.11400032,8.029000282,8,9.319999695,6.749000072,6.918000221,6.833000183,6.717000008,8.468000412
255,Vietnam,92677076,93638724,94596642,95540395,96462106,70.3118126,70.13834047,69.87142097,69.55234487,69.23249944,2.125,2.082999945,2.052999973,1.993000031,2.013000011,1.993999958,1.927000046,1.881999969,1.83099997,1.904000044,2.243999958,2.226000071,2.210000038,2.14199996,2.112999916
254,Virgin Islands (U.S.),107710,107510,107268,106977,106631,62.21917338,61.76467783,61.36075073,60.99828047,60.63129913,9.527000427,9.164999962,8.74600029,8.397999763,8.661999702,10.23700047,9.904999733,9.454000473,9.088000298,9.220999718,8.788999557,8.388999939,8,7.668000221,8.069000244
194,West Bank and Gaza,4270092,4367088,4454805,4569087,4685306,57.0805751,57.35764576,57.64318833,57.91933298,58.17692545,23.00499916,23.93899918,25.67700005,26.25600052,26.16900063,34.29800034,37.92900085,42.76900101,41.84999847,40.94499969,20.18799973,20.55999947,21.50399971,22.3939991,22.47599983
257,World,7338964954,7424286143,7509074479,7591945271,7673533974,65.56136614,65.49911245,65.4189166,65.33090491,65.25204175,5.637743214,5.669974954,5.570011976,5.39221306,5.39506305,5.828926746,5.876281473,5.77659429,5.580953729,5.582017996,5.516431863,5.538775074,5.438402989,5.27161534,5.276207301
260,Yemen,26497889,27168210,27834821,28498687,29161922,56.51223764,56.81015472,57.14696762,57.50883997,57.8744844,13.39500046,13.30700016,13.15200043,13.00199986,12.90999985,25.29500008,25.46699905,25.46899986,25.30699921,24.87999916,12.34500027,12.2510004,12.09399986,11.95199966,11.91499996
262,Zambia,15879361,16363507,16853688,17351822,17861030,51.7587641,52.09097001,52.50382426,52.96418082,53.42217666,10.10499954,10.88199997,11.6260004,11.5,11.42500019,10.68700027,11.62899971,12.56999969,12.44799995,12.23700047,9.569999695,10.19099998,10.74800014,10.61400032,10.66499996
263,Zimbabwe,13814629,14030390,14236745,14439018,14645468,54.60345696,54.47313396,54.5059405,54.65941011,54.86126493,5.302000046,5.252999783,5.168000221,5.086999893,4.953999996,5.894999981,5.84100008,5.738999844,5.59800005,5.458000183,4.684999943,4.642000198,4.576000214,4.554999828,4.433000088
