Country Name,2015 Total Completion %,2016 Total Completion %,2017 Total Completion %,2018 Total Completion %,2019 Total Completion %,2015 Male Completion %,2016 Male Completion %,2017 Male Completion %,2018 Male Completion %,2019 Male Completion %,2015 Female Completion %,2016 Female Completion %,2017 Female Completion %,2018 Female Completion %,2019 Female Completion %
Aruba,,,,,,,,,,,,,,,
Afghanistan,,80.4950408935547,84.4149475097656,85.6253280639648,,,96.5420913696289,101.29421234130899,103.283256530762,,,63.604068756103494,66.6888809204102,67.12930297851561,
Angola,,,,,,,,,,,,,,,
Albania,98.8615875244141,99.8815536499023,101.98370361328101,101.537857055664,103.32274627685499,97.53887939453129,97.7903900146484,100.56242370605499,98.8586807250977,102.29239654541,100.388717651367,102.297653198242,103.633232116699,104.656768798828,104.52043151855499
Andorra,,,,,,,,,,,,,,,
Arab World,84.9005432128906,84.3225936889648,84.4486770629883,84.9522323608398,85.9613723754883,86.978759765625,86.4639663696289,86.1367568969727,86.4944305419922,87.4828720092773,82.726806640625,82.0830993652344,82.6846389770508,83.3391876220703,84.36878967285159
United Arab Emirates,103.52020263671899,,,,,102.674873352051,,,,,104.419776916504,,,,
Argentina,102.973739624023,103.893569946289,99.96276092529301,,,103.452690124512,103.467811584473,100.222793579102,,,102.477333068848,104.334892272949,99.69320678710942,,
Armenia,94.59063720703129,90.7516098022461,91.9877090454102,89.8789596557617,93.13851928710942,93.5767974853516,89.95716094970699,91.5109405517578,90.1930465698242,93.2640762329102,95.7621612548828,91.6685791015625,92.5356597900391,89.51941680908199,92.9951934814453
American Samoa,,,,,,,,,,,,,,,
Antigua and Barbuda,92.55548095703129,,98.18578338623051,96.1988296508789,,94.0509872436523,,99.71263885498051,93.4971084594727,,91.02749633789058,,96.62757110595699,98.9645004272461,
Australia,,,,,,,,,,,,,,,
Austria,100.37378692626999,99.6567230224609,99.4531784057617,99.8130035400391,,100.790382385254,99.71157836914058,98.89478302001949,99.8118133544922,,99.9368133544922,99.5990524291992,100.042900085449,99.81427001953129,
Azerbaijan,103.28021240234399,111.30191040039101,107.172172546387,100.21994781494101,100.383338928223,104.73699951171899,112.694541931152,106.78256225585899,99.8573837280273,100.392021179199,101.61833190918001,109.72020721435499,107.618377685547,100.641212463379,100.37316131591801
Burundi,64.539680480957,67.6745071411133,68.3787002563477,63.021389007568395,59.37641906738279,59.5925216674805,62.264400482177706,63.2476081848145,58.1740112304688,54.296939849853494,69.50148773193361,73.1059112548828,73.5319595336914,67.8918533325195,64.4831085205078
Belgium,,,,,,,,,,,,,,,
Benin,81.1403274536133,80.7455596923828,,,64.43959808349611,86.0414886474609,85.3337326049805,,,67.6304092407227,76.10626220703129,76.03179931640629,,,61.158821105957
Burkina Faso,62.0298004150391,61.724338531494105,63.5192184448242,65.4789276123047,64.5494537353516,60.5611991882324,59.47016906738279,60.788978576660206,62.602210998535206,60.9685401916504,63.5569000244141,64.0678024291992,66.35379028320311,68.46311187744139,68.2620468139648
Bangladesh,,,,,,,,,,,,,,,
Bulgaria,96.19129180908199,92.0453414916992,89.81646728515629,86.61853790283199,,96.5857620239258,92.3151321411133,90.470458984375,87.07457733154301,,95.7726516723633,91.75952911376949,89.12432861328129,86.1365737915039,
Bahrain,98.7402725219727,99.5136489868164,99.45120239257808,97.8741226196289,100.24118804931601,97.3521270751953,96.2837066650391,98.5703277587891,96.5158309936523,103.175819396973,100.234420776367,103.04010009765601,100.38452911376999,99.2761764526367,97.3203506469727
"Bahamas, The",85.22869873046879,77.4233932495117,,76.45863342285159,,83.417236328125,77.5266799926758,,78.0740280151367,,87.0243301391602,77.3208694458008,,74.85179138183591,
Bosnia and Herzegovina,,,,,,,,,,,,,,,
Belarus,96.76220703125,96.8677520751953,101.681007385254,104.61791229248001,,96.9912261962891,96.18154907226558,101.89366912841801,104.59227752685499,,96.5204010009766,97.5932235717773,101.456367492676,104.644950866699,
Belize,104.231796264648,105.33762359619101,102.60971069335899,104.47447967529301,102.84693145751999,104.88542175293001,104.979667663574,102.787010192871,104.81835174560499,102.620651245117,103.565933227539,105.70461273193399,102.426803588867,104.11765289306601,103.082748413086
Bermuda,91.57302856445308,,,,,,,,,,,,,,
Bolivia,88.83914184570308,89.9124298095703,91.6103134155273,94.83978271484379,,89.3401870727539,90.2176666259766,92.16622924804692,95.4334030151367,,88.31674194335942,89.5941619873047,91.0305404663086,94.22058868408199,
Brazil,,,,,,,,,,,,,,,
Barbados,,,,88.7468719482422,90.0936737060547,,,,87.6159286499023,88.6528778076172,,,,89.9207229614258,91.5801620483398
Brunei Darussalam,102.17227935791,,107.42722320556601,107.978721618652,100.098007202148,101.140350341797,,108.41236114501999,107.60324859619101,98.92337036132808,103.25653076171899,,106.383666992188,108.37766265869101,101.34953308105499
Bhutan,,100.662162780762,100.0,,,,95.4997177124023,95.7190093994141,,,,105.970802307129,104.401123046875,,
Botswana,,,,,,,,,,,,,,,
Central African Republic,,40.8741683959961,,,,,48.8770217895508,,,,,32.834201812744105,,,
Canada,,,,,,,,,,,,,,,
Central Europe and the Baltics,97.94967651367192,97.4461898803711,98.5718231201172,93.0764999389648,93.1056671142578,97.91956329345699,97.0167617797852,98.2310333251953,93.0778427124023,93.1100616455078,97.98145294189449,97.89942169189449,98.9309768676758,93.07508087158199,93.10125732421879
Switzerland,95.77346801757808,96.82687377929692,97.15868377685551,96.2100830078125,,94.5887985229492,96.0268325805664,95.66293334960942,95.67337036132808,,97.0237274169922,97.6693878173828,98.73052978515629,96.77362060546879,
Channel Islands,,,,,,,,,,,,,,,
Chile,96.97695922851558,95.48255157470699,94.7535629272461,96.2421035766602,,97.1112594604492,96.0281600952148,95.3555374145508,96.7167587280273,,96.8377838134766,94.9173812866211,94.130126953125,95.7505722045898,
China,,,,,,,,,,,,,,,
Cote d'Ivoire,60.4421310424805,64.1632080078125,71.5998992919922,74.6025772094727,78.750846862793,66.54544067382811,69.9254531860352,78.4942321777344,79.8310623168945,82.3405685424805,54.334049224853494,58.3889312744141,64.6826095581055,69.3493576049805,75.1386795043945
Cameroon,74.1704330444336,73.3931884765625,68.214241027832,64.47068023681639,65.4980392456055,78.1202774047852,77.2880935668945,71.68711853027341,67.67904663085939,68.58518218994139,70.1702880859375,69.4474411010742,64.6940765380859,61.216678619384794,62.3650016784668
"Congo, Dem. Rep.",69.9111709594727,,,,,69.494270324707,,,,,70.33310699462889,,,,
"Congo, Rep.",,,,,,,,,,,,,,,
Colombia,100.03305053710899,101.711250305176,105.986801147461,106.769386291504,,100.60505676269501,102.24893951416,105.99855804443399,107.138862609863,,99.4352874755859,101.149467468262,105.974510192871,106.38332366943399,
Comoros,,,76.72007751464841,,,,,76.22283935546879,,,,,77.2344665527344,,
Cabo Verde,95.21536254882808,91.0370635986328,87.4014205932617,87.2902069091797,,95.1247406005859,91.93887329101558,86.6782989501953,85.2654190063477,,95.30651092529301,90.1305694580078,88.13062286376949,89.3386001586914,
Costa Rica,99.5866012573242,97.3209075927734,96.7783737182617,98.59436798095699,102.738052368164,99.296142578125,96.52269744873051,96.0699462890625,98.070556640625,103.02496337890601,99.89063262939449,98.1566314697266,97.52011108398442,99.14282989501949,102.437622070313
Caribbean small states,91.51284790039058,91.1435928344727,91.25253295898442,90.81897735595699,90.5476226806641,90.72315216064449,90.71929931640629,90.74859619140629,90.7701416015625,90.2151565551758,92.3183212280273,91.57250213623051,91.7684707641602,90.8684310913086,90.8939666748047
Cuba,97.0762405395508,92.8256072998047,89.5238189697266,84.13140869140629,86.5321502685547,96.3263626098633,92.3100433349609,88.7613525390625,83.7535400390625,86.02886962890629,97.8698196411133,93.3715362548828,90.3309173583984,84.5313720703125,87.0648193359375
Curacao,,,,,,,,,,,,,,,
Cayman Islands,,,,89.55223846435551,,,,,89.9509811401367,,,,,89.1414108276367,
Cyprus,96.81906127929692,98.4673919677734,101.269729614258,101.87670135498001,,95.8925399780273,98.01718139648442,101.380088806152,101.891548156738,,97.7970504760742,98.93182373046879,101.15686798095699,101.860679626465,
Czech Republic,96.07079315185551,97.0674667358398,97.8440399169922,98.5400619506836,,96.0346298217773,96.6775588989258,98.1687698364258,98.30895233154301,,96.10888671875,97.4783782958984,97.5018997192383,98.7835922241211,
Germany,98.9182968139648,97.9372024536133,98.8051376342773,100.84332275390601,,98.8540420532227,97.59335327148442,98.51217651367192,100.146240234375,,98.9863510131836,98.3018798828125,99.1170425415039,101.587768554688,
Djibouti,65.59613037109379,67.35250854492189,62.976318359375,66.3802871704102,,64.3990020751953,65.7929229736328,60.26631164550779,63.556278228759794,,67.06703948974611,69.282600402832,66.3502883911133,69.9091262817383,
Dominica,105.953582763672,113.92669677734399,,,,100.594062805176,112.320327758789,,,,111.52262878418001,115.598289489746,,,
Denmark,98.73802947998051,103.882690429688,103.776397705078,101.03662872314501,,99.1496810913086,105.058212280273,104.62075805664101,101.449493408203,,98.3083267211914,102.66110992431601,102.897109985352,100.604202270508,
Dominican Republic,99.5260772705078,99.1580276489258,95.3280868530273,93.1275177001953,93.3040924072266,101.14063262939501,101.680526733398,96.2698516845703,93.6553802490234,93.87033081054692,97.8575820922852,96.55679321289058,94.3535614013672,92.5823211669922,92.7190475463867
Algeria,105.54672241210899,105.590049743652,105.63671112060499,105.14395904541,101.36463165283199,105.603530883789,105.618858337402,105.52725219726601,104.681930541992,101.15534973144501,105.48757171630899,105.560043334961,105.750701904297,105.62507629394501,101.582572937012
East Asia & Pacific (excluding high income),91.13159942626949,93.7079315185547,95.84619903564449,98.050048828125,98.85059356689449,91.6511917114258,93.76599884033199,95.8552017211914,97.9320068359375,98.75375366210942,90.55358123779301,93.6433334350586,95.8361587524414,98.1822509765625,98.9576797485352
Early-demographic dividend,92.87621307373051,92.40386962890629,91.9417495727539,91.59841918945308,91.9525375366211,92.02529907226558,91.6521835327148,91.1740570068359,91.1110382080078,91.3824462890625,93.79351806640629,93.21231079101558,92.76561737060551,92.1209030151367,92.56201171875
East Asia & Pacific,91.71717071533199,94.0799331665039,95.9815521240234,98.1437835693359,98.89305877685551,92.18994903564449,94.14437866210942,95.998291015625,98.0464324951172,98.8121490478516,91.19293212890629,94.0088424682617,95.9636383056641,98.2535934448242,98.98345947265629
Europe & Central Asia (excluding high income),98.7929306030273,96.74022674560551,97.49771118164058,98.4010391235352,98.6425018310547,98.8245162963867,96.74146270751949,97.51638793945308,98.48095703125,98.76992797851558,98.7595901489258,96.73876190185551,97.4784317016602,98.3171615600586,98.50845336914058
Europe & Central Asia,98.3652114868164,97.1024322509766,97.63890838623051,97.569580078125,97.6998672485352,98.0957565307617,96.7880096435547,97.3258590698242,97.3259811401367,97.4835586547852,98.64832305908199,97.4324264526367,97.9685211181641,97.8258209228516,97.9268417358398
Ecuador,106.404838562012,103.55574035644501,105.41584777831999,104.43367767334,,105.879783630371,103.140586853027,104.82804870605499,103.966796875,,106.952499389648,103.98883056640601,106.029098510742,104.92083740234399,
"Egypt, Arab Rep.",,96.9064483642578,97.1895523071289,100.68521118164101,104.60929870605499,,96.1851425170898,96.7782135009766,99.7918701171875,103.83145904541,,97.67212677001949,97.62610626220699,101.63323974609399,105.43457794189501
Euro area,96.9833831787109,96.1642074584961,96.41973876953129,96.45337677001949,96.4608535766602,96.16613006591801,95.32852172851558,95.5249710083008,95.5433731079102,95.55065155029301,97.8428268432617,97.0432510375977,97.3631591796875,97.4126129150391,97.4194717407227
Eritrea,62.84111022949221,,64.1866607666016,60.270511627197294,,67.0607528686523,,67.8043975830078,64.1984710693359,,58.4561080932617,,60.4193305969238,56.17720031738279,
Spain,103.35968017578101,101.209732055664,100.572547912598,98.5260162353516,,103.00016784668001,100.74620819091801,99.82257080078129,98.0320587158203,,103.740058898926,101.70184326171899,101.37004089355499,99.0522613525391,
Estonia,98.7666397094727,96.442626953125,97.23143768310551,96.6946334838867,,98.4860610961914,94.7820663452148,97.0480194091797,97.84900665283199,,99.0616607666016,98.1906280517578,97.42516326904301,95.4714736938477,
Ethiopia,54.1109008789063,,,,,55.2102584838867,,,,,52.9904708862305,,,,
European Union,97.98119354248051,97.3404922485352,97.6384506225586,96.6048965454102,96.61386108398442,97.4471435546875,96.7355422973633,97.0290908813477,96.05554962158199,96.0684127807617,98.54254150390629,97.9761428833008,98.2798919677734,97.1824569702148,97.18640899658199
Fragile and conflict affected situations,72.1182327270508,72.4617462158203,72.42665100097659,72.2598571777344,72.0228805541992,75.9975128173828,76.2417678833008,76.1324234008789,75.9848327636719,75.6913528442383,68.12106323242189,68.5653076171875,68.6057662963867,68.4188766479492,68.2371826171875
Finland,99.03192138671879,100.884971618652,101.498321533203,100.373809814453,,99.3392333984375,100.673477172852,101.85685729980499,100.003280639648,,98.7106781005859,101.105728149414,101.123672485352,100.761337280273,
Fiji,111.63330078125,107.018417358398,,,,112.470169067383,107.682006835938,,,,110.752967834473,106.319702148438,,,
France,,,,,,,,,,,,,,,
Faroe Islands,,,,,,,,,,,,,,,
"Micronesia, Fed. Sts.",,91.0562210083008,,,88.45343017578129,,92.37779998779301,,,89.2205581665039,,89.6581878662109,,,87.6606674194336
Gabon,,,,,,,,,,,,,,,
United Kingdom,102.010498046875,100.882553100586,100.12286376953101,100.597457885742,,102.128120422363,100.939262390137,100.23790740966801,100.798881530762,,101.88719940185499,100.82315063476601,100.00244903564501,100.386772155762,
Georgia,102.94138336181601,115.43395233154301,113.70159912109399,95.5082321166992,92.82787322998051,103.022407531738,116.02995300293001,113.44708251953101,94.76690673828129,91.6866226196289,102.84986114501999,114.762710571289,113.98809814453101,96.3404769897461,94.1044387817383
Ghana,98.75621795654301,,94.72445678710942,93.80911254882808,,99.1074371337891,,94.95574951171879,93.0415725708008,,98.3896484375,,94.4832763671875,94.60922241210942,
Gibraltar,,94.68084716796879,92.258056640625,,100.21833801269501,,94.1176528930664,90.67797088623051,,94.4206008911133,,95.2586212158203,93.8864593505859,,106.222221374512
Guinea,,59.6673698425293,,,,,67.9847869873047,,,,,51.2003898620605,,,
"Gambia, The",67.47250366210939,69.27261352539061,,,78.942512512207,65.1132431030273,66.878288269043,,,73.9272918701172,69.86334228515629,71.7018203735352,,,84.03160095214841
Guinea-Bissau,,,,,,,,,,,,,,,
Equatorial Guinea,40.7759208679199,,,,,39.7830696105957,,,,,41.7988510131836,,,,
Greece,97.3575592041016,97.33734130859379,96.766357421875,97.93238067626949,,98.2785797119141,98.1914291381836,97.57852172851558,98.30120849609379,,96.3953170776367,96.44103240966801,95.91126251220699,97.5427017211914,
Grenada,,,120.99552917480499,123.00122833251999,,,,128.144454956055,125.02993774414101,,,,113.48168182373001,120.859672546387,
Greenland,,,,,,,,,,,,,,,
Guatemala,82.711669921875,79.13230895996091,79.9413299560547,79.6903762817383,79.1303329467773,83.312858581543,79.07855224609379,80.3334503173828,79.9554977416992,78.9298934936523,82.0851593017578,79.188346862793,79.5324172973633,79.4137878417969,79.3395233154297
Guam,,,,,,,,,,,,,,,
Guyana,,,,,,,,,,,,,,,
High income,98.98309326171879,98.38574981689449,98.2746429443359,98.21237182617192,98.1783599853516,99.1694717407227,98.7979736328125,98.4836196899414,99.3444290161133,99.2886505126953,98.78607177734379,97.9519195556641,98.05687713623051,97.0246200561523,97.0125732421875
"Hong Kong SAR, China",105.08249664306601,104.15170288085899,103.113662719727,104.49423217773399,106.732749938965,106.31976318359399,104.930137634277,102.699447631836,103.41797637939501,105.09465026855499,103.78005218505899,103.32811737060499,103.565711975098,105.68991851806601,108.568153381348
Honduras,,80.4702224731445,81.62432861328129,,79.4581069946289,,79.6914978027344,80.580207824707,,77.2568435668945,,81.2815170288086,82.7117385864258,,81.7488784790039
Heavily indebted poor countries (HIPC),65.8900604248047,65.9340896606445,66.2658309936523,66.8157577514648,66.845458984375,67.5880508422852,67.43359375,67.60121917724611,68.0164031982422,67.9159698486328,64.1613235473633,64.406608581543,64.90512847900389,65.5920791625977,65.75115966796879
Croatia,103.48403930664101,101.01999664306601,95.5471572875977,94.84780883789058,,103.48877716064501,100.438301086426,96.5120697021484,94.32166290283199,,103.479042053223,101.63362121581999,94.5311737060547,95.40106201171879,
Haiti,,,,,,,,,,,,,,,
Hungary,96.95034790039058,98.59475708007808,105.050033569336,98.84925079345699,,96.96719360351558,98.7707138061523,105.21408843994101,98.00428009033199,,96.9325180053711,98.40878295898442,104.87696075439501,99.7387237548828,
IBRD only,94.73919677734379,94.98825073242192,95.11144256591801,94.9850616455078,95.4221572875977,94.3266372680664,94.4986724853516,94.7232666015625,94.6753997802734,95.1277236938477,95.1915817260742,95.5249862670898,95.537353515625,95.32501220703129,95.74524688720699
IDA & IBRD total,87.4928970336914,87.7195816040039,87.9743499755859,88.1714401245117,88.4753570556641,87.83657836914058,87.9894866943359,88.2590866088867,88.5239791870117,88.79617309570308,87.1242218017578,87.4300689697266,87.6688690185547,87.79412841796879,88.13172149658199
IDA total,,,,,,,,,,,,,,,
IDA blend,74.5773696899414,74.9939422607422,75.6059265136719,77.1725234985352,78.149543762207,78.3980712890625,78.9543762207031,79.36643981933591,81.3862762451172,82.0522384643555,70.5598602294922,70.8339080810547,71.6589584350586,72.7528915405273,74.0574493408203
Indonesia,,,100.82592010498001,102.334838867188,,,,101.421546936035,102.990280151367,,,,100.193817138672,101.639442443848,
IDA only,71.7770614624023,72.1961288452148,72.9432907104492,73.67620849609379,73.52545166015629,72.0912322998047,72.3024597167969,72.8816299438477,73.4592971801758,73.2409210205078,71.4564514160156,72.0870666503906,73.0061492919922,73.89935302734379,73.8153762817383
Isle of Man,,,,,,,,,,,,,,,
India,97.7113189697266,96.2306976318359,94.37374877929692,,91.66149139404301,95.2926712036133,94.1924896240234,92.6502914428711,,90.2147674560547,100.422088623047,98.50704956054692,96.29248809814449,,93.26248168945308
Not classified,,,,,,,,,,,,,,,
Ireland,98.7077789306641,99.6918792724609,98.2880630493164,97.32833862304692,,98.1238479614258,98.98605346679692,97.2267532348633,97.4463577270508,,99.31555938720699,100.431343078613,99.4178924560547,97.20471954345699,
"Iran, Islamic Rep.",98.3014984130859,100.26438140869101,99.4387893676758,,,99.0239410400391,99.94046020507808,99.7702865600586,,,97.5435104370117,100.60524749755899,99.0899505615234,,
Iraq,,,,,,,,,,,,,,,
Iceland,96.57388305664058,99.95250701904301,101.84149169921899,99.2050933837891,,96.1846389770508,99.4823532104492,102.48275756835899,100.66755676269501,,96.9711532592773,100.431449890137,101.182029724121,97.6808929443359,
Israel,110.057029724121,103.578750610352,105.557968139648,102.439750671387,,108.745086669922,103.37158203125,104.785018920898,102.07731628418001,,111.441841125488,103.79759979248001,106.374351501465,102.822509765625,
Italy,99.8095474243164,97.7497100830078,98.8169784545898,97.64672088623051,,99.5804290771484,98.0123062133789,98.88485717773442,97.8316268920898,,100.05323028564501,97.4701385498047,98.7448501586914,97.45059204101558,
Jamaica,85.7668762207031,85.92050170898442,87.4840774536133,85.6191787719727,84.6160583496094,84.96202087402341,86.0220718383789,86.5369415283203,86.0506591796875,84.9240417480469,86.6094818115234,85.8144912719727,88.4680328369141,85.1726379394531,84.2985916137695
Jordan,,72.0658874511719,71.3376388549805,72.7005081176758,81.672721862793,,72.0398178100586,71.5982894897461,73.1552276611328,81.80763244628909,,72.0924911499023,71.0716781616211,72.2363204956055,81.5348815917969
Japan,,,,,,,,,,,,,,,
Kazakhstan,114.272529602051,110.29857635498001,109.65609741210899,110.38390350341801,106.37734985351601,114.16651153564501,110.578872680664,109.083358764648,109.173973083496,105.828170776367,114.383888244629,110.00319671630899,110.26136016845699,111.665092468262,106.959632873535
Kenya,99.14340209960942,99.67874145507808,,,,98.6492767333984,99.2790298461914,,,,99.6445693969727,100.084617614746,,,
Kyrgyz Republic,108.20036315918001,101.785873413086,101.556869506836,104.516288757324,108.615371704102,108.63816070556601,102.14395141601601,101.921112060547,104.59049987793001,109.672897338867,107.745330810547,101.413612365723,101.178100585938,104.439102172852,107.514633178711
Cambodia,95.5130233764648,92.411376953125,89.5456314086914,87.99948120117192,91.0273666381836,94.82180786132808,90.6092529296875,87.2904205322266,85.8224563598633,87.55303955078129,96.2108001708984,94.2399520874023,91.86196899414058,90.2572021484375,94.6648178100586
Kiribati,,100.86956787109399,,,,,98.6289596557617,,,,,103.177406311035,,,
St. Kitts and Nevis,107.95147705078101,98.0848236083984,,,,107.795700073242,96.7302474975586,,,,108.108108520508,99.4505462646484,,,
"Korea, Rep.",101.41079711914101,98.0155715942383,91.3551177978516,95.37677001953129,,101.54055023193399,98.12561798095699,91.5633392333984,95.52410888671879,,101.270248413086,97.8969573974609,91.13162231445308,95.21920776367192,
Kuwait,,100.579002380371,95.37188720703129,91.8194122314453,84.5925598144531,,97.2321319580078,92.9757308959961,86.9363479614258,77.2792434692383,,104.26953125,98.0749969482422,97.54344940185551,93.49935913085942
Latin America & Caribbean (excluding high income),99.5168304443359,99.326171875,98.9378128051758,98.3834991455078,98.54763793945308,99.3019027709961,99.1537933349609,98.7514266967773,98.22817993164058,98.4067535400391,99.74237060546879,99.507080078125,99.1336212158203,98.5480194091797,98.69812774658199
Lao PDR,101.011421203613,99.73226928710942,101.396873474121,97.8900375366211,92.16832733154301,102.580528259277,101.066719055176,102.078491210938,98.63583374023442,92.2928466796875,99.3941879272461,98.3560562133789,100.691940307617,97.1176300048828,92.03929901123051
Lebanon,,,,,,,,,,,,,,,
Liberia,,,60.595401763915994,,,,,63.06159973144529,,,,,58.04248046875,,
Libya,,,,,,,,,,,,,,,
St. Lucia,,95.49050903320308,92.07717895507808,94.8936233520508,99.7793502807617,,100.23565673828101,92.2701416015625,97.3041305541992,103.664916992188,,90.6772918701172,91.8806991577148,92.43335723876949,95.8035736083984
Latin America & Caribbean,99.3285598754883,99.0819931030273,98.63915252685551,98.15247344970699,98.30957794189449,99.11499786376949,98.9228515625,98.46581268310551,98.0034332275391,98.1755905151367,99.55264282226558,99.2491302490234,98.82125854492192,98.31036376953129,98.45285034179692
Least developed countries: UN classification,69.95876312255861,70.3923721313477,71.020263671875,71.7210388183594,71.4149398803711,70.55059814453129,70.7796401977539,71.2226333618164,71.8469009399414,71.5199966430664,69.3561630249023,69.9974365234375,70.8146591186523,71.5955429077148,71.308967590332
Low income,63.9152984619141,64.2836990356445,64.4102096557617,64.8506317138672,64.8757781982422,66.4597930908203,66.628532409668,66.5468292236328,66.96694946289061,66.9218063354492,61.3200492858887,61.8914794921875,62.230110168457,62.6909294128418,62.783878326415994
Liechtenstein,105.74713134765601,100.25189208984399,90.4392776489258,107.32984161376999,,99.4444427490234,97.5369491577148,96.31578826904301,103.608253479004,,112.5,103.09278106689501,84.7715682983398,111.170211791992,
Sri Lanka,99.0514678955078,101.109268188477,102.390380859375,,,100.100196838379,102.230667114258,103.142929077148,,,97.9961700439453,99.97985076904301,101.630996704102,,
Lower middle income,90.33493041992192,89.8780288696289,89.6166305541992,89.33081817626949,89.61817169189449,89.67752075195308,89.3897018432617,89.21469116210942,89.1918411254883,89.38269805908199,91.0448226928711,90.4040908813477,90.04888916015629,89.4808883666992,89.8712310791016
Low & middle income,87.45372772216801,87.6799697875977,87.93360137939449,88.1595687866211,88.4659576416016,87.8004608154297,87.9541168212891,88.2220916748047,88.5124893188477,88.7870330810547,87.0817337036133,87.38587188720699,87.6240386962891,87.7818069458008,88.12200927734379
Lesotho,81.7555465698242,85.6288528442383,,,,72.7485885620117,77.6914367675781,,,,90.72637939453129,93.5254669189453,,,
Late-demographic dividend,91.1118011474609,93.30438232421879,95.51925659179692,96.9336395263672,97.7747573852539,91.3936996459961,93.2048873901367,95.3926620483398,96.5115203857422,97.4122085571289,90.80078887939449,93.4160003662109,95.6616897583008,97.4072799682617,98.1829071044922
Lithuania,100.735023498535,101.889976501465,102.00115966796899,104.285598754883,,100.74333190918001,101.72400665283199,102.09313201904301,104.114852905273,,100.726371765137,102.063720703125,101.90602874755899,104.464637756348,
Luxembourg,79.150520324707,79.0754318237305,80.2871398925781,79.6460189819336,,78.3140106201172,78.47901916503909,78.8031463623047,80.7122573852539,,80.0399932861328,79.70628356933591,81.8452377319336,78.5338592529297,
Latvia,100.010948181152,98.0600967407227,99.3118133544922,98.39913940429692,,99.0074691772461,98.1265411376953,99.5977630615234,97.6438674926758,,101.067176818848,97.9887924194336,99.0070037841797,99.1960220336914,
"Macao SAR, China",93.86437225341801,98.21862030029301,100.951431274414,101.08056640625,103.83422088623001,93.28823852539058,99.8434219360352,99.8064804077148,99.45529174804692,102.87061309814501,94.4816131591797,96.4784774780273,102.179550170898,102.823760986328,104.86685180664101
St. Martin (French part),,,,,,,,,,,,,,,
Morocco,96.2577133178711,95.0420379638672,92.9295272827148,93.5974578857422,97.1357269287109,97.1955795288086,95.4962997436523,92.3734817504883,92.83505249023442,96.5967025756836,95.272216796875,94.56421661376949,93.5154190063477,94.4017333984375,97.70501708984379
Monaco,,,,,,,,,,,,,,,
Moldova,90.9086074829102,89.7820205688477,89.90564727783199,89.3800811767578,88.0238265991211,90.75881958007808,89.71704864501949,91.2998199462891,89.8892135620117,89.0282821655273,91.0688629150391,89.85061645507808,88.4500503540039,88.83602905273442,86.9577102661133
Madagascar,68.6542129516602,67.57843017578129,,65.46877288818361,63.2768211364746,66.5875091552734,65.41860198974611,,62.8898391723633,60.809120178222706,70.73793029785159,69.7585601806641,,68.0784912109375,65.77728271484379
Maldives,103.69100189209,106.958061218262,97.35546112060551,93.1741180419922,91.6666717529297,109.080047607422,113.40936279296899,102.37400054931601,92.65347290039058,90.3206329345703,98.1610107421875,100.547088623047,92.3497314453125,93.7051010131836,93.095703125
Middle East & North Africa,91.58782958984379,91.08297729492192,90.9081573486328,91.2656707763672,92.3442535400391,93.3082427978516,92.8603363037109,92.419921875,92.6593475341797,93.7633819580078,89.77847290039058,89.21338653564449,89.31942749023442,89.7995986938477,90.8505020141602
Mexico,104.90982055664101,103.96939086914101,104.09783935546899,102.255889892578,,104.805809020996,103.924026489258,103.88327789306601,101.89753723144501,,105.017532348633,104.01647186279301,104.32096862793001,102.62928009033199,
Marshall Islands,,70.8545913696289,,,77.29624938964841,,69.0,,,77.56654357910159,,72.7864608764648,,,77.0145263671875
Middle income,91.2072601318359,91.48023223876949,91.8150482177734,92.0663528442383,92.4891128540039,91.1054534912109,91.31918334960942,91.69641876220699,92.0227432250977,92.41284942626949,91.3180618286133,91.6549072265625,91.94378662109379,92.11447143554692,92.57254028320308
North Macedonia,91.2855682373047,,91.10781860351558,93.4167327880859,,91.3981094360352,,91.4020309448242,93.9396514892578,,91.16641235351558,,90.794677734375,92.8591079711914,
Mali,50.9262809753418,51.046180725097706,49.6143913269043,,,53.7267913818359,54.138118743896506,52.0153198242188,,,48.0456199645996,47.8623580932617,47.1409111022949,,
Malta,100.205711364746,101.80523681640601,101.934188842773,103.57763671875,,98.7957916259766,100.693069458008,104.144317626953,105.19230651855499,,101.687759399414,102.97960662841801,99.5854873657227,101.850898742676,
Myanmar,,,,95.3996124267578,,,,,96.0134735107422,,,,,94.7794189453125,
Middle East & North Africa (excluding high income),89.6692428588867,89.5912628173828,89.34616088867192,90.3667221069336,91.6642074584961,91.7703399658203,91.3734893798828,91.1737213134766,92.01483154296879,93.36670684814449,87.4582901000977,87.7149505615234,87.4218902587891,88.63143920898442,89.8726425170898
Montenegro,94.31934356689449,90.3907318115234,90.2608871459961,94.47805786132808,97.4071731567383,92.53659057617192,91.1165008544922,89.7850799560547,94.6153793334961,97.43096923828129,96.2863311767578,89.59058380126949,90.7856216430664,94.3266220092773,97.38095092773442
Mongolia,98.1288681030273,92.9931182861328,91.50743865966801,101.779647827148,,98.6153182983398,93.3517837524414,92.5392608642578,101.67675018310499,,97.6323623657227,92.62698364257808,90.4536819458008,101.884780883789,
Northern Mariana Islands,,,,,,,,,,,,,,,
Mozambique,48.9531784057617,,47.1429100036621,51.987640380859396,54.7286911010742,52.185298919677706,,50.2493896484375,55.1837882995605,58.1791191101074,45.750949859619105,,44.055240631103494,48.8050689697266,51.2865715026855
Mauritania,70.39259338378909,,69.7143096923828,76.056022644043,72.90972900390629,68.3551483154297,,67.40194702148439,72.518913269043,65.6538009643555,72.488899230957,,72.0913619995117,79.6911087036133,80.3656005859375
Mauritius,100.48056030273399,101.068656921387,98.20008087158199,100.79118347168001,98.51373291015629,98.5380096435547,99.7859420776367,98.4516067504883,99.7187881469727,96.1689682006836,102.502822875977,102.40355682373001,97.9385223388672,101.90525054931601,100.94837188720699
Malawi,,,,,80.3485870361328,,,,,75.70538330078129,,,,,85.0278701782227
Malaysia,101.75998687744101,100.008819580078,99.4916000366211,,,100.89666748046899,98.66143798828129,97.98916625976558,,,102.678672790527,101.440307617188,101.085647583008,,
North America,,98.7483901977539,98.74645233154301,99.898681640625,99.8985214233398,,100.208053588867,100.203491210938,103.93415832519501,103.934181213379,,97.22374725341801,97.22534942626949,95.67987060546879,95.68032836914058
Namibia,,,,94.0862197875977,,,,,91.24179077148442,,,,,96.9157180786133,
New Caledonia,,,,,,,,,,,,,,,
Niger,,71.62693786621091,,,62.2621383666992,,77.9905776977539,,,67.05831909179689,,65.04421997070311,,,57.306949615478494
Nigeria,,,,,,,,,,,,,,,
Nicaragua,,,,,,,,,,,,,,,
Netherlands,,,,,,,,,,,,,,,
Norway,97.9696731567383,100.855430603027,101.035018920898,99.12390899658199,,98.0472869873047,101.132308959961,101.45079803466801,99.1082000732422,,97.8888092041016,100.568412780762,100.602989196777,99.14031982421879,
Nepal,111.830810546875,116.802192687988,121.722267150879,,120.44734191894501,106.70728302001999,111.94743347168001,118.10730743408199,,117.66454315185499,117.195037841797,121.83975982666,125.384521484375,,123.21302032470699
Nauru,,131.01852416992202,,,116.877639770508,,128.703704833984,,,126.05042266845699,,133.33332824707,,,107.62712097168001
New Zealand,,,,,,,,,,,,,,,
OECD members,99.0970306396484,98.66964721679692,98.77967071533199,98.6705474853516,98.66085815429692,99.3629531860352,98.96481323242192,98.9820709228516,99.6197891235352,99.61205291748051,98.81749725341801,98.3595733642578,98.5686187744141,97.67636108398442,97.6640472412109
Oman,99.828857421875,103.64806365966801,107.36402130126999,100.35710144043001,100.912628173828,99.3039779663086,103.672973632813,108.827133178711,97.56369018554692,96.80130004882808,100.380126953125,103.62209320068399,105.89208221435499,103.45667266845699,105.558731079102
Other small states,83.9642868041992,84.7333526611328,84.7356033325195,85.2683486938477,85.453987121582,82.4156799316406,83.4752578735352,83.5332336425781,83.82244873046879,83.9669189453125,85.5668411254883,86.0382308959961,85.9816513061523,86.7666168212891,86.99854278564449
Pakistan,,64.9568710327148,,71.0712966918945,73.2653884887695,,70.61134338378909,,77.4183120727539,78.8213195800781,,58.8432006835938,,64.2492294311523,67.2995529174805
Panama,,,89.79547119140629,,,,,90.5098419189453,,,,,89.05072021484379,,
Peru,100.405059814453,104.52886962890601,97.4456634521484,96.10073852539058,98.70532989501949,99.56170654296879,104.916557312012,98.9032821655273,98.1289520263672,101.51593017578101,101.293243408203,104.129493713379,95.9728775024414,94.0862579345703,95.9527130126953
Philippines,,,108.677528381348,115.43689727783199,,,,107.795097351074,117.373992919922,,,,109.614151000977,113.393310546875,
Palau,,,,,,,,,,,,,,,
Papua New Guinea,,77.1238479614258,,,,,82.3691787719727,,,,,71.5294418334961,,,
Poland,100.044403076172,101.75035858154301,106.24269866943399,94.3335189819336,,99.64373779296879,100.790718078613,104.941131591797,94.6985092163086,,100.46649169921899,102.763168334961,107.61292266845699,93.9502105712891,
Pre-demographic dividend,68.01682281494139,68.0464324951172,68.2331008911133,68.58740234375,68.4727783203125,71.3057022094727,71.1791610717773,71.2724075317383,71.5104904174805,71.28684997558591,64.65753173828129,64.8446197509766,65.1258010864258,65.59828948974611,65.59307861328129
Puerto Rico,78.8168869018555,,,69.9172286987305,,76.29461669921879,,,67.2898406982422,,81.5697326660156,,,72.7353515625,
"Korea, Dem. Peopleâ€™s Rep.",,,,,,,,,,,,,,,
Portugal,,,,99.5701904296875,,,,,99.6816024780273,,,,,99.4538421630859,
Paraguay,,,,,,,,,,,,,,,
West Bank and Gaza,99.0718231201172,97.0569305419922,99.825439453125,96.8525390625,96.32247924804692,99.7051773071289,97.0900497436523,99.2571029663086,96.43128204345699,95.8927230834961,98.41140747070308,97.0223770141602,100.41854095459,97.2925033569336,96.77159881591801
Pacific island small states,99.9542465209961,98.28353881835942,97.854248046875,97.2797317504883,97.5914764404297,99.7825164794922,98.0798568725586,97.0449066162109,96.6298370361328,96.5786972045898,100.13337707519501,98.5030670166016,98.7226104736328,97.98190307617192,98.6803970336914
Post-demographic dividend,98.6943817138672,98.3035430908203,98.1639404296875,98.7846298217773,98.83419799804692,98.97058868408199,98.6227493286133,98.46399688720699,100.030937194824,100.07318115234399,98.4026107788086,97.96688842773442,97.84996795654301,97.47531127929692,97.5322494506836
French Polynesia,,,,,,,,,,,,,,,
Qatar,92.64425659179692,94.748046875,95.66954803466801,95.78588104248051,95.0207977294922,91.7774276733398,95.4330596923828,97.0885772705078,96.7267074584961,96.33355712890629,93.5794525146484,94.02954864501949,94.2588729858398,94.8515396118164,93.65133666992192
Romania,95.1748199462891,91.8600311279297,,85.2217712402344,,95.62793731689449,91.68750762939449,,85.2516174316406,,94.6970672607422,92.0419692993164,,85.1902084350586,
Russian Federation,100.2978515625,96.1429290771484,,101.96321105956999,,99.7355194091797,95.6045379638672,,102.46061706543001,,100.887466430664,96.7074813842773,,101.44178009033199,
Rwanda,63.350868225097706,69.0601425170898,78.1988067626953,86.5463485717773,97.40032958984379,57.6701812744141,62.534328460693395,68.1945114135742,79.2791976928711,90.6365280151367,68.98980712890629,75.5383834838867,88.13646697998051,93.7699813842773,104.12850952148399
South Asia,92.4626007080078,91.8988037109375,91.2668991088867,90.06334686279301,90.33450317382808,91.0830230712891,90.76602172851558,90.25808715820308,89.4285202026367,89.5705413818359,93.98651123046879,93.1455612182617,92.37371826171879,90.7584762573242,91.1669235229492
Saudi Arabia,108.438461303711,103.103950500488,103.33473968505899,96.70606231689449,96.2288131713867,107.247100830078,106.79103851318399,102.22087097168001,96.9037094116211,96.4950485229492,109.668388366699,99.28475952148442,104.484687805176,96.50198364257808,95.9532699584961
Sudan,59.243049621582,59.8370780944824,61.6876411437988,,,62.1741790771484,61.83805847167971,62.9293403625488,,,56.2380790710449,57.784671783447294,60.413639068603494,,
Senegal,59.6601486206055,,,,61.2020111083984,55.830680847168,,,,55.3468017578125,63.5688896179199,,,,67.1938018798828
Singapore,,99.7892684936523,99.25823974609379,99.9218292236328,,,100.367797851563,99.2649612426758,99.8231735229492,,,99.1869888305664,99.25125122070308,100.025909423828,
Solomon Islands,88.0591888427734,88.32666015625,87.9954681396484,86.7856674194336,,87.9738388061523,87.2485885620117,85.7751388549805,84.01316833496091,,88.1500396728516,89.4758987426758,90.3634414672852,89.7432403564453,
Sierra Leone,59.7902603149414,68.33248901367189,70.192756652832,81.78533935546879,83.2102737426758,60.138248443603494,69.199462890625,71.031120300293,80.7167282104492,82.70654296875,59.4420013427734,67.464973449707,69.3538818359375,82.8549423217773,83.7146911621094
El Salvador,96.2683792114258,92.9791793823242,90.37033081054692,86.60769653320308,,97.25000762939449,93.62940216064449,90.3714828491211,87.3719635009766,,95.2466506958008,92.3035125732422,90.369140625,85.81394958496091,
San Marino,,,,107.41934967041,114.10256195068399,,,,92.16867065429692,102.395210266113,,,,125.0,127.586212158203
Somalia,,,,,,,,,,,,,,,
Serbia,101.010841369629,98.8304824829102,99.0338668823242,98.7212677001953,98.66844940185551,100.950019836426,99.3403778076172,98.9758834838867,98.5918807983398,98.8932723999023,101.07560729980499,98.29650115966801,99.09481811523442,98.85852813720699,98.42725372314449
Sub-Saharan Africa (excluding high income),68.27304077148439,68.19683837890629,68.33645629882811,68.7498626708984,68.7926406860352,70.2337799072266,69.9774932861328,69.9493789672852,70.228141784668,70.190559387207,66.2775497436523,66.38372802734379,66.6935501098633,67.2438430786133,67.36917114257811
South Sudan,,,,,,,,,,,,,,,
Sub-Saharan Africa,68.29885864257811,68.221809387207,68.35748291015629,68.7708892822266,68.81105804443361,70.2567901611328,70.0005035400391,69.9697723388672,70.2475662231445,70.2067031860352,66.30621337890629,66.41066741943361,66.71518707275389,67.266487121582,67.3899002075195
Small states,86.4207611083984,86.81130981445308,86.79031372070308,87.0653533935547,87.1697311401367,85.1218566894531,85.7889175415039,85.7517166137695,85.9223403930664,85.9158706665039,87.7662887573242,87.8732223510742,87.8693695068359,88.25466918945308,88.4767532348633
Sao Tome and Principe,,77.4824676513672,84.3460922241211,,,,75.2377471923828,81.5240783691406,,,,79.7689971923828,87.2208023071289,,
Suriname,89.5655517578125,88.0400009155273,85.34783935546879,85.14813232421879,85.8640823364258,82.5631408691406,79.9587936401367,80.29991149902341,80.3223419189453,78.6209487915039,97.1008682250977,96.7351913452148,90.7807083129883,90.34078979492192,93.6530303955078
Slovak Republic,95.9645767211914,92.4430618286133,91.90563201904301,92.1726913452148,,96.3304824829102,92.7115020751953,91.56588745117192,91.82119750976558,,95.58026123046879,92.1611328125,92.2622528076172,92.5414505004883,
Slovenia,98.08544921875,97.900146484375,95.69824981689449,97.3999710083008,,97.89736938476558,96.63446044921879,95.9886016845703,96.7020034790039,,98.2854537963867,99.2444686889648,95.3896102905273,98.1421585083008,
Sweden,103.771766662598,105.22930908203101,105.386276245117,104.12404632568399,,103.514060974121,105.49073028564501,106.41403961181601,104.48963165283199,,104.04367828369101,104.95458221435499,104.306846618652,103.73916625976601,
Eswatini,89.1431503295898,95.1488571166992,95.8192672729492,94.48487091064449,,88.83177947998051,95.5473480224609,94.5038604736328,93.4063568115234,,89.4518508911133,94.7509231567383,97.1426467895508,95.5728073120117,
Sint Maarten (Dutch part),,,,,,,,,,,,,,,
Seychelles,108.754722595215,112.646202087402,102.197021484375,101.85311889648399,98.8000030517578,107.11110687255899,112.607452392578,104.722221374512,98.65772247314449,94.6614608764648,110.46154022216801,112.686569213867,99.5658493041992,105.196632385254,103.14208221435499
Syrian Arab Republic,,,,,,,,,,,,,,,
Turks and Caicos Islands,53.733768463134794,,,129.401412963867,,50.0,,,139.655166625977,,57.61589050292971,,,118.705039978027,
Chad,37.4959716796875,41.320259094238295,37.922389984130895,40.560218811035206,,45.2961616516113,49.587318420410206,45.0125617980957,47.435939788818395,,29.6690292358398,33.0281410217285,30.809949874877898,33.6610298156738,
East Asia & Pacific (IDA & IBRD countries),91.04686737060551,93.65963745117192,95.8272018432617,98.0592880249023,98.8692474365234,91.5690689086914,93.7131805419922,95.8303375244141,97.9331283569336,98.7644882202148,90.4654769897461,93.60009765625,95.8237686157227,98.2007675170898,98.98535919189449
Europe & Central Asia (IDA & IBRD countries),98.77111053466801,96.8965377807617,97.6835708618164,97.63916778564449,97.8600311279297,98.79061889648442,96.8277206420898,97.6246490478516,97.7305374145508,97.9945220947266,98.7505035400391,96.9688186645508,97.74597930908199,97.54318237304692,97.7185287475586
Togo,,92.71514892578129,91.6078109741211,89.6725616455078,87.4238662719727,,96.3854598999023,95.77526092529301,92.4738006591797,89.6470413208008,,89.0221405029297,87.4153213500977,86.8541488647461,85.1862869262695
Thailand,,,93.4525527954102,93.42047119140629,94.411376953125,,,92.74334716796879,92.7482070922852,94.3946075439453,,,94.20303344726558,94.1326217651367,94.4291610717773
Tajikistan,101.074249267578,95.3815536499023,94.9123916625977,,,101.388458251953,96.08322143554692,95.13742065429692,,,100.74205780029301,94.6393280029297,94.67418670654301,,
Turkmenistan,,,,,,,,,,,,,,,
Latin America & the Caribbean (IDA & IBRD countries),99.4649810791016,99.28280639648442,98.8796920776367,98.45651245117192,98.5840301513672,99.2733917236328,99.1424026489258,98.72653198242192,98.32321166992192,98.4662322998047,99.6662368774414,99.43051147460942,99.040771484375,98.5980606079102,98.7103805541992
Timor-Leste,100.095947265625,99.2806015014648,99.8982696533203,103.845909118652,105.198341369629,97.37950897216801,97.4969024658203,98.60266876220699,101.422882080078,101.314277648926,102.886367797852,101.115219116211,101.232421875,106.344139099121,109.208267211914
Middle East & North Africa (IDA & IBRD countries),89.5093231201172,89.463623046875,89.1664810180664,90.2549819946289,91.5833969116211,91.6359100341797,91.2761688232422,91.0356903076172,91.9390182495117,93.3230361938477,87.2712173461914,87.5551223754883,87.1980972290039,88.4816436767578,89.7525177001953
Tonga,,,,,,,,,,,,,,,
South Asia (IDA & IBRD),92.4626007080078,91.8988037109375,91.2668991088867,90.06334686279301,90.33450317382808,91.0830230712891,90.76602172851558,90.25808715820308,89.4285202026367,89.5705413818359,93.98651123046879,93.1455612182617,92.37371826171879,90.7584762573242,91.1669235229492
Sub-Saharan Africa (IDA & IBRD countries),68.29885864257811,68.221809387207,68.35748291015629,68.7708892822266,68.81105804443361,70.2567901611328,70.0005035400391,69.9697723388672,70.2475662231445,70.2067031860352,66.30621337890629,66.41066741943361,66.71518707275389,67.266487121582,67.3899002075195
Trinidad and Tobago,,,,,,,,,,,,,,,
Tunisia,103.31140899658199,99.0136337280273,95.0537796020508,,,101.44393157959,95.61865997314449,90.3264007568359,,,105.32321929931601,102.67172241210899,100.148468017578,,
Turkey,92.23309326171879,,89.7489013671875,88.5277786254883,,92.8470611572266,,89.93018341064449,88.6803512573242,,91.59396362304692,,89.55996704101558,88.3686065673828,
Tuvalu,91.7012405395508,84.7736587524414,,78.71485900878909,,84.6774215698242,89.5999984741211,,87.5,,99.1453018188477,79.661018371582,,69.4214935302734,
Tanzania,,61.5720901489258,,68.703727722168,68.00881958007811,,57.257839202880895,,64.6607208251953,64.2028427124023,,65.9579391479492,,72.8241806030273,71.8877029418945
Uganda,,54.743011474609396,52.671760559082,,,,53.7913818359375,51.5485496520996,,,,55.708038330078104,53.8109283447266,,
Ukraine,,,,,,,,,,,,,,,
Upper middle income,92.44927978515629,93.7804336547852,94.9912490844727,96.03256225585942,96.6590576171875,93.1295318603516,94.0719223022461,95.2503662109375,96.0869979858398,96.7650985717773,91.7089691162109,93.46292114257808,94.7078628540039,95.9738388061523,96.5439682006836
Uruguay,103.510986328125,104.696189880371,98.6998825073242,103.224647521973,,103.13574981689501,105.054809570313,,102.35861968994101,,103.90305328369101,104.321250915527,,104.13170623779301,
United States,,,98.8321990966797,100.09269714355499,,,,100.42946624755899,104.51019287109399,,,,97.1660308837891,95.4763412475586,
Uzbekistan,98.2426223754883,96.81922149658199,98.4035873413086,103.023628234863,105.62268829345699,98.8189468383789,97.1800994873047,98.9791412353516,103.551856994629,105.801231384277,97.6382598876953,96.4402236938477,97.79827880859379,102.467323303223,105.43447875976601
St. Vincent and the Grenadines,99.3942718505859,98.7320785522461,92.7118606567383,105.54913330078101,,96.90831756591801,96.4856185913086,93.9560394287109,100.113121032715,,102.05010986328101,101.142860412598,91.3953475952148,111.22930908203101,
"Venezuela, RB",96.1170883178711,94.0507965087891,92.58873748779301,,,95.4526214599609,93.4618682861328,92.0978775024414,,,96.8131484985352,94.6676025390625,93.1026611328125,,
British Virgin Islands,95.0672607421875,90.5963287353516,95.4976272583008,79.6068801879883,,92.9515380859375,95.0672607421875,96.7741928100586,79.1469192504883,,97.2602691650391,85.9154891967773,94.1463394165039,80.1020431518555,
Virgin Islands (U.S.),,,,,,,,,,,,,,,
Vietnam,105.16445922851601,105.963989257813,,110.021209716797,,104.80487060546899,105.112251281738,,108.637367248535,,105.551551818848,106.889602661133,,111.549438476563,
Vanuatu,,,,,,,,,,,,,,,
World,88.68103790283199,88.8185272216797,89.0354690551758,89.2310791015625,89.5074691772461,88.99852752685551,89.09609985351558,89.3047027587891,89.6568069458008,89.9038772583008,88.3411026000977,88.5213394165039,88.7474365234375,88.77633666992192,89.08380126953129
Samoa,110.324020385742,110.70655059814501,107.068557739258,104.781883239746,108.871139526367,108.71639251709,111.68830871581999,104.707328796387,105.735061645508,105.58477783203101,112.033203125,109.654243469238,109.611991882324,103.752182006836,112.423446655273
Kosovo,,,,,,,,,,,,,,,
"Yemen, Rep.",,72.3003921508789,,,,,79.8050765991211,,,,,64.50009155273439,,,
South Africa,90.1104888916016,87.2553329467773,,90.3444976806641,,91.1008682250977,86.4542465209961,,88.5940399169922,,89.1052780151367,88.06848907470699,,92.12429809570308,
Zambia,,,,,,,,,,,,,,,
Zimbabwe,,,,,,,,,,,,,,,
